heuristic_score,text_similarity,id_similarity,name_similarity,label
0.514224624902201,0.6351037531086202,0.3932397997392439,0.3935040421305885,1
0.6115191460582083,0.6306961706238788,0.7495991928424444,0.35645651446767807,1
0.6786432826709479,0.9131621096686896,0.6170203922257332,0.18478055084441578,1
0.7228232304516101,0.9438721204967948,0.45063699936679263,0.5784803519658749,1
0.38309356640377384,0.704001205529545,0.005549359010181498,0.1471407796797344,0
0.7388466207428904,0.9202308470061282,0.6963191798311261,0.34917721645244243,1
0.552994317116099,0.6285218136739381,0.5479754993716826,0.37170380233812594,1
0.5738685331213252,0.6705425520032303,0.6325788811677588,0.244117963846912,1
0.546745648406466,0.738307806279067,0.25417483499199534,0.5066964738466695,0
0.6912816812230507,0.7307677820768899,0.8652406402028159,0.33162799061880477,1
0.6712943601769071,0.7924492407052599,0.7512990401186643,0.2484001389433892,1
0.6468069997023085,0.7134404598422296,0.5295775637907421,0.6560675032198556,1
0.6494373871801236,0.8195550356026269,0.3327261093726988,0.6992101828350021,1
0.413477902305687,0.5731416914777435,0.17103072028497382,0.3779892024066154,1
0.2050868549491134,0.0813977864657364,0.19194001776140304,0.5340297819391215,1
0.319885411388738,0.18863712641972522,0.4268574013131991,0.4875481389245784,0
0.4821242216671281,0.5160489838509972,0.41195001197663234,0.502573630743199,0
0.37152670395117826,0.28373461835719266,0.4531718438755033,0.4685392080496549,0
0.630858503757487,0.7988103384869929,0.5732779801038852,0.29734970241412445,1
0.6637301763310992,0.7886560762497514,0.6128922676915118,0.4276722894938497,1
0.5242266876507478,0.8040665173191068,0.3420021362765081,0.09796394054120976,1
0.28207851985451804,0.18180707764200169,0.4022830021052873,0.352450402009655,0
0.43517971099677244,0.7660440771118794,0.004676454220837134,0.2537736808729078,0
0.1602346395536257,0.028340633546437833,0.27408562083647836,0.3191931826473164,0
0.5311453270175575,0.611933908039879,0.4894988910530884,0.3916435284084569,1
0.80703551881962,0.8859697211584763,0.7788256406913052,0.6520148301649514,1
0.41148816746399747,0.3236845392208335,0.5979572003311588,0.35129368877116507,0
0.5224814233464881,0.7029322748779933,0.5618497762140224,0.01230176521642372,0
0.6021322810869485,0.6552821486554122,0.6043943877558418,0.4658644521624497,1
0.5644669280881667,0.8435231236822377,0.36934728381220105,0.15950590551693725,1
0.6548002503941712,0.6066319207590227,0.7085799600750955,0.6945515099606558,1
0.15299510904511548,0.13575728309022264,0.13648560893179737,0.22085392410232488,0
0.27763237322264284,0.15954229835228625,0.34916228154896245,0.46556269790905497,0
0.7811677961347472,0.9976311089809514,0.6633549861568644,0.41672872898606106,1
0.5117335580442357,0.6785684225719166,0.3528023598929691,0.33304319395193316,0
0.6291025161596177,0.862207095337221,0.48973962611174104,0.2553854032874244,1
0.4501936133163852,0.608294081767577,0.23085589203777224,0.383949024106325,0
0.21221984623803844,0.1548694072066729,0.41702324638239713,0.04839084359991432,0
0.46417587938006544,0.6902371472816844,0.3672595394558532,0.04439721951233659,1
0.7016788714218691,0.9384030245231635,0.592025960486097,0.2743478550722918,1
0.5463714994710334,0.8234697185900224,0.4153560804758974,0.05014908016626478,1
0.6948842038110697,0.8012714106899551,0.7439367787389142,0.3553373242220897,1
0.4854750431608535,0.7759982579216147,0.06945843840357857,0.38319191339486264,0
0.7553083690376146,0.8789129183946556,0.8848556001273662,0.2519761490103847,1
0.7920748900786376,0.8340591286565213,0.8382659063739921,0.6178277691908964,1
0.42865404717182054,0.5032549521121407,0.4201576634163895,0.25489636045416664,0
0.5123563258339158,0.7288862695291753,0.43399355289716435,0.08857562600089419,1
0.30930488892300917,0.15525109428171452,0.5420528145559464,0.3453174870768399,0
0.15745962957862222,0.06251940375656861,0.12294372942682827,0.44658404436144716,0
0.3154845926097538,0.61994494234396,0.008868568618395111,0.014257754261276179,0
0.6252794823049262,0.6029931984427066,0.7746006516969843,0.45701343787238835,1
0.3397935131377292,0.17427565919859644,0.5974336191581521,0.36712798895492665,0
0.3920860341828151,0.5117346481026827,0.3642178992927681,0.13476670171821684,0
0.5409302185057973,0.6856184051821054,0.37051272919487016,0.43483598578141763,0
0.565572960429022,0.602189243533851,0.8182949701582529,0.09494923807310361,1
0.27988370863212564,0.4313837405765951,0.13139927136081644,0.12386028467791566,0
0.6704866846443768,0.7515471825391828,0.5576353964578091,0.637112372187213,1
0.2906478006340136,0.0654954179862182,0.5292680509736724,0.49559838174401366,0
0.4968204801674134,0.7135094420010544,0.35944271961564694,0.161164716410961,0
0.628568474590698,0.9462290157284112,0.4760251036751979,0.0632321781196648,1
0.39779516734825093,0.5259960190561053,0.2904500575562622,0.23831070276659805,0
0.811461660165071,0.8936066239154892,0.8131870007246411,0.6035112399496704,1
0.6277053609686261,0.8799103778356264,0.3907846928851267,0.35257382092637424,1
0.6789612948551506,0.8198693597050974,0.5386648326854102,0.5371358259848942,1
0.4034285481925682,0.4910026296802113,0.4102744382921135,0.17422450932414227,0
0.1993148664035557,0.08023906762062652,0.43184090874344155,0.1482152998510498,0
0.15559236776999297,0.04529216370541214,0.265095509889468,0.2670881647522324,0
0.17486701796142845,0.1012350028264085,0.17313097077775644,0.36155112657448624,0
0.5728316373267692,0.7483649286166677,0.36762963979671603,0.4418014053971026,0
0.741745635503741,0.7219645381139664,0.8882292609358646,0.5714729408299916,1
0.578880421284733,0.6287108372243074,0.6280105269417169,0.38060922295032146,1
0.6973764470720865,0.6575487731884571,0.7901688385536881,0.6577570445587577,1
0.7493190726785977,0.8664398214270289,0.7686200445314535,0.4275657430282361,1
0.6088062191740583,0.7089281372462326,0.45385157549424376,0.5909333895133444,0
0.3365603170763493,0.5562046824234735,0.19429386021700523,0.0008490889975547589,0
0.5450555163125917,0.7763850527192147,0.3448158720198911,0.2670911417350853,1
0.5399233798659957,0.766666399215952,0.49870694697727946,0.03489048082417897,1
0.34361106185878987,0.5269360716764785,0.2639420019589617,0.004802127164310566,0
0.6352662380029505,0.6373083621297309,0.7399227666412537,0.47317613472854436,1
0.8133722351978194,0.9639748691669845,0.7157117729377549,0.5833563436650034,1
0.2879287372070948,0.42390204810068444,0.003948823391509593,0.37396533069649834,0
0.6437374628864743,0.7410979487433174,0.5210303625352815,0.5843968987711557,1
0.6391094124361543,0.6070675123999648,0.7560430689261242,0.5438136777916727,1
0.7823308496000398,0.9147764543248496,0.7212627404918481,0.5428190014503029,1
0.6222960554929123,0.6516120228728167,0.760116912181688,0.3422748520099879,1
0.5042579071964859,0.6418721926420794,0.38593708025410994,0.33770343399606606,0
0.06942963174907196,0.09946376639611945,0.051031334405189255,0.021941741147277337,0
0.4373523284974807,0.5548042104342092,0.20414813503442186,0.4935289138502474,0
0.5239420471913993,0.6607206932315325,0.5568680834190255,0.13260637774962653,1
0.5739674550478269,0.7268163645268951,0.44489343637307643,0.3854562093622818,1
0.5871611855757264,0.6246380243656723,0.45040979370543544,0.6985961764062983,1
0.37721967603378126,0.504148401700477,0.31764846097172594,0.1492546844601247,0
0.6073782280021254,0.6058731374240283,0.7579122494371464,0.3853399222948366,1
0.3283039966740412,0.37933082168694493,0.30381266175047134,0.23747393652713666,0
0.6047239087698489,0.8428845721976288,0.3416499188696193,0.4039332350507437,1
0.6314628405968874,0.8969271797671907,0.5401272127059589,0.10480543450752211,1
0.5592438093019373,0.784439772061963,0.541703603996021,0.02256421036074748,1
0.544860757769324,0.5759873180346523,0.582470890715441,0.4106291576868277,0
0.2975559957133975,0.5235711660383316,0.04269751677176925,0.11480578831350438,0
0.48976018528338283,0.6647129831169063,0.5091034071574624,0.023363357888454825,1
0.8417577683935507,0.9415937504588916,0.8905884070691032,0.5189218552168692,1
0.558462583173283,0.7497855745795751,0.4662781874048363,0.2184316983102233,1
0.5262525151671276,0.6242828738407646,0.6586476509727559,0.08258391477459234,1
0.2353205591036734,0.0009126209168019095,0.5020296253528705,0.42127680519705635,0
0.31630179551130116,0.3719354004370068,0.2080116654611757,0.3396529782722254,1
0.30967436049162234,0.23800015978847108,0.4322182216775132,0.3050440704706643,0
0.7220778386338207,0.9896438475922329,0.42965432300231604,0.49179808968504685,1
0.5908790937935053,0.6911871088892729,0.519693820681452,0.44688696572216624,1
0.6063113478530333,0.7038925146490284,0.5327915584165246,0.472638115017809,0
0.7033753679822882,0.8846823283677552,0.46051961901991945,0.6143915904621736,1
0.6492987426849436,0.7677203951711241,0.6689926577697871,0.32370373884222703,1
0.3961272036163085,0.3153965135783329,0.5563043354504653,0.35768823096001207,0
0.5366800817204155,0.7493534173034699,0.4480877343775167,0.13788526377712756,1
0.5659321141875343,0.6380196790257605,0.79939158253052,0.0355239995774904,1
0.27320769711962856,0.043598075618072676,0.5890357884906717,0.37348961381695367,0
0.27599789172092387,0.3693877093818933,0.16576523845919536,0.20787232746109308,0
0.29663580517904575,0.19903886341600208,0.5351032986682063,0.1829269193529142,1
0.6693647550103154,0.8440241931548695,0.3967153457540185,0.6416902735333755,1
0.6403319184766857,0.8323957494992202,0.5180806918380119,0.34354918087836006,1
0.3049771745487727,0.33826690445977275,0.1064508192228834,0.5195423827601066,0
0.646520385845972,0.7358868216648307,0.8537951919932383,0.11219208707792565,1
0.5094296461464428,0.7536461592186227,0.23070045975437348,0.31698214305409705,0
0.5656239582310635,0.750827546346871,0.26413969581845087,0.5548413815604634,0
0.6507827186999589,0.6922716501311431,0.8969168421831655,0.17785920489718843,1
0.2964472662397881,0.28871607316794173,0.2946278745359073,0.3185043364752253,0
0.6803719198628239,0.7764890993922232,0.6468364579120155,0.4903821639655383,1
0.42760403919694456,0.6380750153347896,0.35783609248202664,0.006078518924709009,1
0.25495476385896026,0.2937377309037146,0.2172144876824082,0.2146077605119025,0
0.38723523312022157,0.191974022341088,0.5885630300009624,0.573396564746944,0
0.298352976251735,0.3057077537141309,0.22245102635380534,0.3938189574426399,0
0.40289485484452,0.3274040535666101,0.5440110325829298,0.37994759143167994,0
0.7118107095503128,0.7834242569833959,0.6504380056176304,0.6248358968666282,1
0.2730187553530704,0.25981167734926663,0.17369123919805954,0.4550277245950963,0
0.18096439748852128,0.05370887358733443,0.1897841190841539,0.4858736248480395,0
0.6991676764981949,0.796605269221136,0.7139640177672437,0.4333791827872693,1
0.5198637538359681,0.6933805659246239,0.37806661473063846,0.298767432272323,0
0.6276554116667844,0.9702746674946898,0.4585149979411812,0.024817892685425447,1
0.40276245956874335,0.5127147291457558,0.30178603112041097,0.2793464282987108,0
0.5296070900253864,0.7908331464989506,0.31344327910936887,0.20078766521550223,1
0.32082794871754605,0.15475251145197585,0.5542321549932478,0.3859102324679188,0
0.2551639700962307,0.2411403880079206,0.053827754410073925,0.592227248846241,0
0.42826482727514803,0.4708505160198219,0.5671171565396247,0.11352211151674853,0
0.45938865022340597,0.6641352499771472,0.3031090499012145,0.1819415513223399,1
0.5901708468777498,0.6840547824158683,0.5148100014658676,0.468502276150277,0
0.5966791504032638,0.652356132340198,0.4727168402944696,0.64343016072412,1
0.7414509514905516,0.9517646933950741,0.8349454658029991,0.07542482526057459,1
0.5361599873841463,0.671002632974787,0.6034549669927977,0.09811090399456712,1
0.5979529137443866,0.6989068332317778,0.7345455454361396,0.14067916748827902,1
0.08809553864541853,0.04640416304473005,0.12590182624191995,0.13561454625238759,0
0.6931267911871546,0.9697159037638434,0.6596267806332885,0.051904025576231305,1
0.5695657026632176,0.7404891709845194,0.3060639866587551,0.5375096058666569,1
0.6113650087641014,0.6634120116477833,0.7760389922934435,0.23423652626088368,1
0.5878674965156643,0.6585744698227918,0.7891594225831882,0.10916217414655971,1
0.6058586209312321,0.8820503783996887,0.500181022275801,0.07389562524323687,1
0.7938228444610432,0.8513906520819672,0.778447361758182,0.6729665494630255,1
0.5750694430446656,0.7567350839640211,0.41513656327524445,0.3608046604004082,1
0.35974468083843,0.29513473419069236,0.4691908469053148,0.35710029835744667,0
0.43664619618310685,0.6526453717416296,0.13139418251501703,0.35452627778893475,0
0.5663236457070251,0.8058517368465399,0.42904548489380057,0.1734206590780752,1
0.6286911001064674,0.8651456851054329,0.5006777353231313,0.22957468478405788,0
0.3635449982795289,0.3660098045250294,0.470361553520075,0.1971581498049585,0
0.43370336859172126,0.5974731522479536,0.3731687406838034,0.11508085131301726,0
0.7888960901227883,0.957248448528879,0.8414219521578852,0.28922640105491615,1
0.736783518072791,0.7778752112042983,0.8288332226129003,0.49597972843385885,1
0.07388915659483117,0.10098033904717002,0.06117764030994237,0.02522847489131721,0
0.5768294400889818,0.6943989050482211,0.6972529609542071,0.10227049639304582,1
0.46922928576793027,0.5981358296546524,0.18226538672549303,0.5774087746147807,0
0.3148528304765047,0.3302148393936805,0.12653001932895427,0.5589320249048909,0
0.43702267199016853,0.7282901924838961,0.11552974463277582,0.1910932617919386,0
0.1459500852455425,0.0905668135488579,0.044831959185021475,0.4360854535780356,0
0.40789792930499047,0.38013856067736446,0.5074354930042269,0.327990005325201,0
0.4560047842023945,0.6377144213952027,0.39804994652415776,0.08866294773772912,1
0.6646848942408834,0.8214317602631983,0.7734852239213559,0.10961723466438776,1
0.3202768759037225,0.4802008742686936,0.22015653444372718,0.0706473921812877,0
0.48125714685741466,0.6079065781370766,0.44747080589935406,0.21531308009535088,1
0.4154087448784811,0.6125263560757355,0.30150514016347196,0.09347012395785893,0
0.29841360769450587,0.49671752111245465,0.02159165043940856,0.21788676003227986,0
0.36053114493435995,0.46476691842587736,0.368045863597838,0.0886696332103495,0
0.6802913678946895,0.8060533507384756,0.5735909096964362,0.5259370980826037,1
0.1542166715083711,0.07620569842297585,0.3278674062531194,0.08876800210473679,0
0.33253149809377897,0.23882924983877427,0.49180325329320707,0.32787948593214844,0
0.6186932354775184,0.7450270192395072,0.5784033947853118,0.3632935371108562,0
0.5548460945117507,0.6178596355897116,0.45022595939389387,0.554242444493634,1
0.5805993641542302,0.6931692972383141,0.49264295803958047,0.4311091406159952,0
0.15483070929836076,0.05751066664068825,0.043212458121950355,0.5655581927071576,0
0.17624622814865593,0.05202320052293655,0.3475585407421799,0.22983532832266834,0
0.7559988502618619,0.9181293850111005,0.8769199455246826,0.16929087049453428,1
0.574875440116062,0.8887345328934453,0.3322292190871355,0.15419703971599358,1
0.36807814244105497,0.42566479442575816,0.4226020275132151,0.14232568487105693,0
0.7043431568067313,0.8698946189397112,0.4648113196084979,0.6497622572716313,1
0.7153099213905174,0.9857492779565915,0.5127933456338188,0.34298639361038014,1
0.6309823347926331,0.7347946475467204,0.5264816898558944,0.5282025203125231,1
0.7155123690712715,0.9045730252736031,0.8538087954286515,0.03541608902937229,1
0.7526365104483236,0.997417198714739,0.41336745027731325,0.6495883800388007,0
0.5180801488331875,0.6104805936751172,0.5167039862506142,0.2891432806022234,1
0.6300795743440705,0.6432997765899428,0.8178909180965086,0.31531205310073246,1
0.4232582260875014,0.686969138610975,0.20183393621162246,0.09611737959263585,0
0.7906212968260895,0.9615616755181915,0.6174063600441406,0.6230927552687583,1
0.5493622444099944,0.6737886336716423,0.31428292670180313,0.5909152478181614,1
0.3537112263938401,0.5553935789423131,0.11901200491423884,0.2015541772420595,0
0.24649062164883823,0.21245206107702375,0.34070934118437124,0.19025894377507482,0
0.6401229825949182,0.6982798971979924,0.7317449968175174,0.3572976747533338,1
0.5803016610167873,0.7917195595140033,0.4408416116765214,0.260946988784146,0
0.7824725164614503,0.9407732631179194,0.590976150146169,0.6739651992931996,1
0.2395101251731302,0.23878278064002798,0.3552559868731689,0.0677096939558278,1
0.635333909652892,0.8981124688618289,0.3108795902758596,0.4650689906960986,1
0.26737011289778884,0.3455170771965561,0.13570758204511693,0.26949649842987855,0
0.4595381499415238,0.5243856055018226,0.2612489873552375,0.5948532549202065,0
0.14949852383942264,0.14014645867369255,0.15767098096659543,0.1606200010629886,0
0.5819865983702386,0.6436575987062939,0.6931841100043743,0.2610128300788964,1
0.6227569659848035,0.728181954225382,0.6227078466994209,0.35926817431143043,0
0.7437930847222454,0.9543554780576801,0.6890436770689934,0.29951121286353705,1
0.5028800038297376,0.6060351732799265,0.5012141437763898,0.24749087028428687,0
0.6391737341471204,0.7406809563401053,0.6085570378101721,0.4313307231700811,1
0.6736735269725184,0.8798828535242997,0.6952553935240655,0.12577741076574459,1
0.6458455312938575,0.7187505898285141,0.8121805152884156,0.2140804089653787,1
0.2843773415565954,0.14283535894839103,0.5194941035821907,0.2855571550387135,0
0.6915370755864007,0.9456297882968596,0.4949580067267271,0.35117389709976365,0
0.7353633265280478,0.8563554538344638,0.5888882565112792,0.6525956132871606,1
0.5062531782347818,0.7208286275134554,0.3297209652401255,0.23461287453008187,1
0.5967714437696829,0.7429478494008217,0.5764567597750747,0.2618024556837482,1
0.6457297054528056,0.9328480301127944,0.4913817555495853,0.15945581865766373,1
0.32866760308886256,0.124693428622113,0.4948651368761082,0.589306738574868,1
0.166977615877004,0.12455890088470278,0.2861198694497223,0.09431102299867956,0
0.48903435325961897,0.7563359164851376,0.08053416781964247,0.4335307233557871,0
0.530059898584632,0.708136715279731,0.5626610202393059,0.03596617436487391,1
0.3650221343363416,0.4859164316026008,0.2918921571301672,0.17248135697995526,0
0.37925367576113206,0.23082765582548542,0.5330803119174279,0.5195787713658048,0
0.6628169761219906,0.6073751211500775,0.8264717488517734,0.5559394544570991,1
0.3504230839256909,0.34033634270682944,0.3048065160125386,0.44406478884257294,0
0.584822303187216,0.772567278071956,0.5873510446860031,0.11166675372718558,1
0.45417639052450987,0.6420597349946913,0.10089114752480573,0.5143958938486127,0
0.6971606839677115,0.9198050422872914,0.6497931755271324,0.21160105082963004,1
0.5887773624767272,0.6476870104790978,0.6887399520751801,0.29155935807312144,1
0.21542610802332252,0.11964481567250092,0.30601307578272646,0.3189988872612706,0
0.21294945325958364,0.3439079654577271,0.04446783979869413,0.13827559295555925,0
0.7642860051122945,0.8074806913178467,0.8309085553586291,0.5563654642289123,1
0.5301790638814091,0.6566383554275098,0.5133114111811479,0.2393323140665495,1
0.38009906558738704,0.35152446504814483,0.41192707821283026,0.40379354799732775,0
0.521276006872536,0.7443034746073014,0.48356579785834497,0.020272651056908883,1
0.48382979959966105,0.6742824657694224,0.43685722542821365,0.07815699543242871,0
0.20864286546400124,0.21040770955963917,0.3221248716926058,0.03400774588199953,0
0.597444423938339,0.6528411349206176,0.8041506123766871,0.1488933638251203,1
0.5357204822289899,0.6361361631189966,0.4484563174434444,0.41557752718229185,0
0.7291469291415463,0.8721675222679688,0.5376353668701928,0.6588627897325203,1
0.7581323798526357,0.9812593519650104,0.47574164274742026,0.623901055229522,0
0.5372537265813895,0.8105840362540055,0.41905250805692495,0.031229780186546107,1
0.5420025244486262,0.6112878128709313,0.32335231847194407,0.6967646123578869,1
0.32270797341189245,0.11688694680647096,0.5194293950610668,0.5421784074516847,1
0.42989086661681336,0.7159274255324535,0.214259498480132,0.038246521532735285,0
0.6951891886231683,0.832424455880158,0.5564575145091022,0.560198531651793,1
0.547108185920241,0.7262146983611357,0.3851472619977217,0.342283290701783,1
0.505911988525186,0.6007084373556976,0.4655744382359387,0.32942719188277825,0
0.5557801944267097,0.6787838170480105,0.35470172131965144,0.549888847534045,1
0.6221555014279954,0.9956532010734422,0.329200472904501,0.12784379509962,1
0.38812358952864945,0.29269489126958986,0.48400159859413894,0.4828783215780642,0
0.6310558432031859,0.8374062369768769,0.4042959894807027,0.45531963935268294,1
0.7064634526547501,0.7902819704903735,0.8081002650066791,0.3444619395377977,0
0.44812181508851684,0.5763236731711996,0.42438004542294916,0.16322982438016126,0
0.48826371857210293,0.6014819541297602,0.3567585837451955,0.4024758319183208,0
0.6839315808465304,0.8457544426140743,0.746309635860013,0.18580734390744671,1
0.6072051672915101,0.8132999239326832,0.5295933022884822,0.2083860731931193,1
0.6118827922472401,0.9012293094482039,0.30144683845900655,0.3541704299271806,1
0.8115396894565317,0.9122324550106338,0.8213311400350818,0.5451205997034512,1
0.297979115479529,0.42008970692853653,0.10321290932488895,0.2848519460889703,0
0.6699992387128197,0.8424785715551244,0.5832233676319467,0.3689647132283681,0
0.5296423643611774,0.7985190473271451,0.251992896564313,0.27392485864155475,0
0.6407036030995259,0.889498116076735,0.47043971532191775,0.27411315232291555,1
0.6944893968790925,0.8521130372475554,0.49392437369566977,0.6012778307330694,1
0.22796452750934365,0.18819145226036432,0.11006148933143338,0.5042517728986572,0
0.5338774606218729,0.5228730972700454,0.5146957771228389,0.5901608942499927,0
0.2479758718663288,0.1713176710959714,0.15752949287693768,0.5752909422763091,0
0.46838135472760806,0.6056498933907296,0.5469514936988823,0.0073547996128927925,1
0.5427237181493662,0.7337436906869569,0.30209698866560825,0.426113881031026,1
0.14798836000485685,0.007965064691036262,0.23605245462560567,0.3659504563582851,0
0.7930901090750663,0.8384957638191732,0.8498080334284457,0.5944990856847298,1
0.669941199496784,0.7169870819226255,0.709845960694668,0.4924693516353545,1
0.6798805837057755,0.6692511385690013,0.6962713430960216,0.681868057462342,1
0.3934558787381575,0.6308319375783791,0.2522955249380658,0.01175626233774114,0
0.631776929906816,0.8774021697424242,0.502851348800373,0.21110220197746016,1
0.5783321398054372,0.8599309690253114,0.3335492510247764,0.2415093999267427,1
0.6098426962460336,0.9469962527009299,0.38989969961538357,0.09687330005476774,1
0.4282068103310717,0.5161447196350725,0.47361307805602815,0.14025263548363506,0
0.87380867628777,0.9967230865990513,0.827468070741983,0.6360335588282472,1
0.4878057379699655,0.6277422585072362,0.18865166058676103,0.5866955527015955,0
0.6271042542518037,0.8639805204517115,0.44096732715184195,0.31411897940197736,1
0.3472001955720454,0.3417095813899056,0.5786232259584154,0.013792185447840043,1
0.46906055319515155,0.568889138282008,0.4794930532141107,0.20384034044957172,0
0.7370021413781425,0.903986753480292,0.5170108050132901,0.6495276156700469,1
0.5913286587869245,0.7646304008776239,0.6737105795137049,0.03450142247000499,0
0.08988869220432849,0.15134226477309315,0.04682691120441227,0.0008474322822911162,0
0.5613616911744228,0.8076668939657285,0.3509026857488666,0.26128719233449266,1
0.7033145640093047,0.8691413578739573,0.7858615074287729,0.16492716421847053,1
0.2936721685358261,0.2286035616788339,0.40516572968956,0.2891033439477059,0
0.41462734784707406,0.6245114762408857,0.2341578505115614,0.16062127286581399,0
0.33170752413159954,0.40580088443733686,0.3988571644819143,0.045749662841784146,0
0.7097163851245805,0.9664233325207311,0.644268448238206,0.16612092196376568,1
0.2655782846825704,0.34578702926561605,0.050149269138626114,0.38819994654087253,0
0.717288811823294,0.9402083515685431,0.8056573709112107,0.027437123828296103,1
0.6906307995883316,0.7719828199600192,0.5574910739274975,0.6869603371503642,1
0.7669018164691728,0.8840067520218493,0.7080365132580568,0.5624374324041554,1
0.5647438947167046,0.8637690538767606,0.34265243816704877,0.15031818164104807,1
0.7036669608417571,0.9024483238972297,0.6450090249411022,0.2947004570540574,1
0.8140122920308874,0.8651697806147682,0.8938615400294669,0.566344698573316,1
0.6108386619474827,0.7861999988676229,0.7056903153999097,0.03015783946849124,1
0.2435407475648106,0.21436642332481695,0.13848622463667956,0.4740583425569912,0
0.6574211717013043,0.8014531700732397,0.5762373522558141,0.4191169049397016,1
0.22989145185317486,0.2615021219946418,0.21734036619513467,0.1696914049865679,0
0.6436563060336012,0.7309982257650182,0.6718064172814306,0.3830763398333149,0
0.8324166356727193,0.9978806995740099,0.7761466496349638,0.503161454976126,1
0.5646886567367313,0.7728361694317957,0.3523712339085267,0.3627960092413771,1
0.6100680366581024,0.7604988120841447,0.5491164946760969,0.3254184110660044,0
0.8005638143670399,0.9207207266623563,0.7985285303401931,0.5032244596690195,1
0.30342826165660175,0.2601579407185417,0.4386851986669416,0.20871865848624205,0
0.7435421009015049,0.893397961825132,0.5778280840515484,0.6174734738673714,1
0.6739111133551807,0.8830723640320306,0.5357291973872412,0.3582808606149652,1
0.44242827595704365,0.6293236996827378,0.11499425240373493,0.4663407519727714,0
0.6745470647157126,0.7577703718290378,0.6598677935730513,0.4885077036463914,1
0.7112270851717273,0.9795431706861362,0.5381728171029003,0.3000182734889459,1
0.6384982243195266,0.9203855414566705,0.317899264807791,0.4146783707442704,1
0.6057590884091798,0.6161014959759695,0.6605096258442177,0.49777726333964895,1
0.5984028118629297,0.6359012941004781,0.8703893274893615,0.09667683282941097,1
0.12438636910969954,0.20077176653054157,0.07071965164244787,0.013922951758471913,0
0.7129267865043548,0.8737223278719046,0.6853786119154375,0.3522601949688565,1
0.4820976379432959,0.7040158794654836,0.3243940005982438,0.1638574901554049,0
0.7444447376908723,0.9971231829081779,0.3775506533685717,0.6630897511310588,1
0.21535219876785336,0.08515954095579295,0.5272361827133197,0.07300786737980478,0
0.4154909147003076,0.6792459915843924,0.028352409485554286,0.3368109803122255,0
0.5119740751516557,0.7628810223505257,0.159662889376642,0.41317348581700136,0
0.1755234034126246,0.06074766019980915,0.4260197601700449,0.0867182263085328,0
0.1695266581045768,0.1868919381391006,0.029135227499355508,0.3367006039260992,1
0.742795093657781,0.9902382583313598,0.7049562604863358,0.18094543173100136,0
0.4694910717567906,0.7712331437547969,0.14426773544175517,0.20297089623432804,0
0.2823816756272334,0.13369355728628893,0.5558134390604319,0.24395432632979652,0
0.30096695425554754,0.4349227271953693,0.10774480779286914,0.2559107416000107,0
0.5475703110303829,0.6128596351211401,0.5261962913823224,0.41640803027558093,1
0.684372115901638,0.9832370316642599,0.5692120311550777,0.10994995361492386,1
0.7127290164573552,0.9961112348371017,0.6876070343825038,0.04195644362026593,1
0.39487066569923696,0.6457597190437834,0.011998228016138434,0.3419566888625185,0
0.16776171605010187,0.09491256322715094,0.37684260079715765,0.036263270986895614,0
0.4021698982263854,0.43508492152083494,0.25102202852796257,0.5466041445378959,1
0.8709735434309304,0.9901617295304886,0.8774071210504273,0.5633527117527893,1
0.6037123150153639,0.7154212027843808,0.42095370651741787,0.5985780083397408,1
0.429517720228877,0.7006398838688213,0.14537159402624503,0.17793150043296452,0
0.23599260437925507,0.12242950692487664,0.44685411362857025,0.20360808414122833,0
0.4564579556536584,0.48764362775626274,0.5461758568012003,0.2439169236758345,0
0.6650793491686291,0.7634677509466852,0.4815979934288578,0.6943303783331458,0
0.3925183013841836,0.44367770415448426,0.22604548816153464,0.5143290142924053,0
0.38923501031531627,0.6216827083272695,0.1652428953204042,0.14410393777780128,0
0.329265231423171,0.45318145950398603,0.06580391047263112,0.41466664264694336,0
0.3362944457281243,0.5770878438631359,0.1433370267667612,0.023747078832639646,1
0.45197800185013753,0.6063469656587553,0.2980826799051936,0.2968985752460088,0
0.339279447987443,0.4956052439931517,0.04353067826971526,0.39208811254976267,0
0.5431394339214568,0.6004932250047632,0.47155496930216556,0.5071316531421275,1
0.4098173603855194,0.4846501058198365,0.25265266959539107,0.4584825329849192,0
0.6591040974359902,0.9799405519663453,0.43539143574702915,0.19258195364354436,0
0.4042527270021553,0.46153665447972236,0.2675234228646924,0.4661368645144319,0
0.371806135573422,0.46716345412265536,0.4225256051462587,0.05733363484108367,0
0.3930586255562443,0.6347655766252309,0.13773235768210704,0.1717806496949838,0
0.43615190107228197,0.7669253533036564,0.10331527190328234,0.10847321424734513,0
0.4930351630364492,0.7815181789577043,0.22304972076914997,0.17680578663426033,0
0.6947910285037617,0.8778131165145526,0.7853594925544807,0.10138311240070602,1
0.19856369200336593,0.21556783151495074,0.14575507094708576,0.23526627480882412,0
0.3264762577216502,0.5743791369861825,0.03593442802980133,0.14253180409809266,1
0.5032780913718942,0.6128597580402245,0.3738963515237337,0.4233965344733092,1
0.620475308332759,0.9936741059791999,0.3583275826709637,0.08069990270934986,0
0.6651696014682356,0.8556054597056658,0.4010337891872256,0.5852836742961747,1
0.3998149524329087,0.5779265576426813,0.311273192577443,0.0873485791916759,0
0.368377930056356,0.5841789435805753,0.12484276530105125,0.19417814337876496,0
0.42964044955428005,0.45441939307101764,0.3712767364683948,0.45523866039126387,1
0.4352031948636739,0.5864842431389585,0.16526102552978,0.46191382817630333,0
0.14040843299394748,0.20671701129681833,0.09211627382564111,0.04707522598922984,0
0.6740380313838372,0.9353294365183626,0.6300762286907788,0.08675222258711164,1
0.5313581217214369,0.7244654638042363,0.20859492100752494,0.5327345675853065,0
0.23528862405369447,0.38321349148244477,0.1285965564343611,0.025514556910818807,0
0.5450868245815235,0.7711335026560198,0.498639869802992,0.049640561563080034,0
0.7570330249064507,0.9912817723058245,0.8598451448870668,0.017192976437092777,1
0.6199754520991498,0.9006078241117573,0.34477777870158705,0.3311910321639752,1
0.7031536395909217,0.7908931639903186,0.7481145738818193,0.41636342715608304,1
0.4015002623459498,0.4009012069548666,0.3615800059872509,0.46287828536170633,0
0.5079726131993907,0.6791239389036787,0.43779140174374864,0.18536611612213363,1
0.6611582184461356,0.7699917542664405,0.7340457018974759,0.2797431537183632,1
0.43623846077628076,0.34382191960597963,0.5566970879824872,0.486591872892724,0
0.5857791548322568,0.7858718551429318,0.4152685345495268,0.3413133344796651,1
0.530428616848829,0.595791476908775,0.5647450460163131,0.3155468229477384,0
0.5087805139556225,0.695304289597467,0.1513593617762632,0.5786028031200502,0
0.3108056513341463,0.30095477488130407,0.412198660048428,0.18334332939482956,0
0.5003773381106402,0.799770940083854,0.2810452865543555,0.08089141051203272,0
0.36983059749787456,0.40093733160713096,0.20720039112227992,0.5360090717881255,0
0.5794850625283577,0.7931753557887136,0.5936579395550481,0.024000013837432586,1
0.3600357000014674,0.31596679763759844,0.48542354500166623,0.2821261884108413,1
0.3475788472839175,0.43350972089950696,0.06665138955696175,0.5541428498353774,0
0.2036280749250361,0.29529344062358326,0.1618023782160354,0.03720320574216929,0
0.6253394214187974,0.7009745162198349,0.7094935716012409,0.3100204591425386,1
0.7491911323414402,0.8694054858900975,0.7439243428997607,0.45655543263231596,1
0.43689477709899316,0.5950975822425776,0.27774775125200873,0.28010830301050854,0
0.7708242258247383,0.8932497898238181,0.6212673126353285,0.6890956856111533,1
0.4764306330662047,0.7071073252083101,0.17579535217487885,0.35069182404793003,0
0.10053296004315974,0.12248636165116561,0.02531611607100812,0.1584747219813725,0
0.5657395724865546,0.8316612743455919,0.44455528831389834,0.08271174409794577,1
0.7430265670458623,0.8744385460421795,0.6920371197044446,0.490980790567196,1
0.7345156225945538,0.7813119666000654,0.7422910480303186,0.6058616244271274,1
0.6261045675770721,0.656135838825565,0.8857205186148536,0.1616024628991682,1
0.21300284787264656,0.2255253962826454,0.034498047044348,0.4494536780900974,0
0.7099406872319055,0.9722737954178482,0.5143853897263049,0.3474408630254501,1
0.7019463695611416,0.9661195041142219,0.36681898367195276,0.5442046120122244,1
0.2890104338290402,0.20185409344738112,0.2797224240018164,0.5208332995240235,0
0.6266298731571609,0.9059026751730594,0.40990836218020577,0.253530134582847,1
0.36675520343909646,0.3759540318343067,0.558753649381927,0.05576046353682511,0
0.6071030913133465,0.7481838824139475,0.627683696040578,0.22353020647099672,1
0.7482527598687874,0.8924119492593643,0.8700318934052929,0.20518608608758637,1
0.6283460673706813,0.8070646085150917,0.4457915171776915,0.4553815397991403,0
0.5764334951926221,0.760454222465379,0.348984709298593,0.45755485585177363,0
0.21583911540435094,0.34603030301438437,0.11487302643841514,0.04181027982817109,0
0.6265837493950738,0.8569009674271975,0.5524403226990059,0.162005844358866,1
0.4500471373775773,0.6632152974195851,0.1785052251917794,0.3244396055512546,0
0.3884434556273399,0.36703924883684436,0.5754964954057192,0.16137441293600968,0
0.5533110397462438,0.6760180863838386,0.3875614120690204,0.495167864668092,1
0.6412123102231464,0.7819700909337223,0.5554815338589474,0.41791402299300506,1
0.18151026025284578,0.11767524074675029,0.2993002575081419,0.16441281313514036,1
0.6435031902664382,0.788438482457253,0.7221948605133668,0.16312745441900806,1
0.44557794685913527,0.5434266822494912,0.38273592045896193,0.2952191479835057,0
0.6367612304952464,0.778735536965661,0.7982081043681366,0.03965515350987427,1
0.5466963146507478,0.6413133916428199,0.731810401044184,0.032482492580413067,1
0.5852209420591262,0.6203859045906532,0.5637441059318187,0.5295237899212699,1
0.68277249581041,0.902148616490123,0.6074882173602165,0.24725861178641795,1
0.552370472916405,0.8779192515273992,0.34057200457757697,0.0561962288971615,1
0.3462085255844792,0.3971256955998854,0.21637870537763543,0.4136603308562292,0
0.5654088359671927,0.6599765911736243,0.42268485300837966,0.5430754223893334,1
0.4673912704427097,0.5370167308941005,0.43244710735186,0.3457438639505075,1
0.5913927393784871,0.7605059856744454,0.6510412536557124,0.0791368522227538,1
0.5225144719842185,0.7752631825715972,0.07605526281996078,0.5603315092621585,0
0.5545294206458258,0.7125560106879107,0.2745865320731894,0.5793772783995679,0
0.3851375673888049,0.24475144493841486,0.5354585844797257,0.5106213478783989,0
0.6293745182201995,0.6828082166099247,0.7090798282189185,0.3762323072478078,1
0.41958462989529016,0.47953814659219396,0.30000336186902415,0.44907274019242965,0
0.2983004194274861,0.397598734376184,0.25192463497597234,0.11961830873301195,0
0.5398631436399578,0.6816052586216164,0.30830858758438073,0.532839690269177,1
0.6117826931364354,0.6459338697727796,0.579264394058379,0.5751822001626593,1
0.3674910849450724,0.3031450181315285,0.4634122714215839,0.3844744722641648,0
0.5721767875540491,0.6360687905957965,0.6445628819517516,0.3038676383531269,0
0.35924643683980595,0.29293645477252783,0.3121097468892419,0.5957264269338471,0
0.14856512523687837,0.16986014756374157,0.14263069080536372,0.10422922106699228,0
0.43792093977493163,0.5844324329874543,0.206376077262195,0.4189595005127301,0
0.6009546567358116,0.6105916405219853,0.6858478066137578,0.4495224724534579,1
0.7131630783691806,0.8079014638783373,0.6410624468254311,0.5844680619119129,1
0.6902050461643566,0.8086856856743361,0.7158586673080267,0.355523015673903,1
0.7822327249569123,0.9897668492435386,0.6901273645090253,0.4015554549121767,1
0.3147952886594813,0.21210261623614485,0.4508846811505052,0.36739288098128675,0
0.4602789787056789,0.4292110856429237,0.4805694564463365,0.5075129947515805,0
0.40965127460322315,0.5460290226354925,0.28325826786788627,0.2582964146255552,0
0.6052196995984447,0.9770018476933925,0.3560077474084032,0.049582257646137426,1
0.845645111046008,0.9286452548045614,0.8573642615228041,0.6205660259344307,1
0.6802875699850865,0.9013842157745366,0.3959176655456884,0.5541008121705585,1
0.7259310200403786,0.9811715162504058,0.7663351915845522,0.027223522199050373,1
0.6384770652860253,0.7770592005675054,0.5828795121881121,0.37541805672919476,0
0.2559781170306981,0.1790132638328845,0.30642668003873236,0.37271740551318094,0
0.4379233381665477,0.7391239389261687,0.1781809268500341,0.0745354532422658,0
0.5837110726470971,0.8528810000459449,0.5099995396247836,0.02135355368344742,0
0.5614868802386774,0.8083428634822272,0.33549698789860805,0.2833317606399073,1
0.5792826897845176,0.6672003394311484,0.5490644560010969,0.40481591634307135,1
0.14386542065285898,0.059855849083148185,0.051563385820157626,0.492342401826188,0
0.5702025384513978,0.7654969299942628,0.35407094620549734,0.40616394796308586,0
0.16081923828136746,0.08396789081530916,0.14371881532468817,0.37859824138153225,0
0.7663739135949149,0.9135592836425654,0.5704160663204321,0.6923472593875127,1
0.6211121395951527,0.7781026822144163,0.4543828589948186,0.4787297039474948,1
0.33992305590353167,0.5217213030370671,0.030358088723071663,0.34977488884038305,1
0.45471367141536156,0.6068859032421353,0.43152378842293154,0.10906791633707218,0
0.3331939186023795,0.5459470980330104,0.06918628480255848,0.1973224207255336,0
0.1995804235809534,0.15636044544602612,0.29555647774279825,0.16366628767550429,0
0.2826874641620684,0.4111437939129927,0.24943029590661445,0.011432392167938609,0
0.4351799114008035,0.5978292235641013,0.2237943144129662,0.3456350264743148,0
0.7237549151059866,0.9060097620712172,0.7919939686672637,0.16575921735099422,1
0.6443238449528633,0.7320805182390926,0.8275355140881395,0.1501146580343762,1
0.7356494366139098,0.7977258134138471,0.8275429313399867,0.4426182525249515,0
0.5786919184015454,0.6863699161725064,0.7008210264560566,0.12630326189237587,0
0.7187243247424813,0.9087442163375703,0.42283197560124747,0.6875131194666094,1
0.4164767247373392,0.7142405139262399,0.05193888167738516,0.21887401635501844,0
0.6335130645430859,0.7209921124551713,0.6655192102295693,0.3668062262331473,1
0.7438690103397699,0.9623608875271114,0.5581359158076021,0.47623895916966813,1
0.665556070183272,0.8460097527613493,0.7007539382808847,0.16162506159165957,1
0.5941990300538333,0.9559117866159474,0.36071966755606477,0.04013618239520089,0
0.44553107719740986,0.6742354310257683,0.180148481839611,0.2718440856632121,0
0.4096132327022117,0.2978862742341703,0.518931899525688,0.5249526286371009,1
0.45161871290874156,0.7047791400174157,0.1458011726973397,0.27744395545415906,0
0.7701739540134284,0.9099631613525312,0.7595044113580148,0.4367052496487916,1
0.45534570237343824,0.4485124457878631,0.4433306258813748,0.49045145857547134,0
0.35684963044700574,0.5134747488339713,0.08555007245413479,0.3722361714688985,0
0.43293514097079716,0.5453669626635307,0.42024787198036495,0.17088649022461178,0
0.7202680513693085,0.8605339994960186,0.8873857551902464,0.11892662532112618,1
0.4821257580109595,0.6086448319521321,0.5494069158673406,0.06490633637345657,1
0.28714362883672706,0.20396318909078623,0.3039071219026369,0.46994948860271435,0
0.43808089612434603,0.6518472947940851,0.305293988111007,0.1028452614700068,0
0.14711633236058774,0.01023141121838913,0.2093435624387903,0.39598779009878043,0
0.8015558790621453,0.8998823004178547,0.7084935554959247,0.6953333110222026,1
0.6746698131697817,0.7012738424506406,0.6759931092020124,0.6061747959192887,1
0.5741314786205244,0.8270982396375011,0.39055185319763486,0.217084014212417,1
0.8581742031364206,0.9794581994850564,0.8313977520272249,0.5951288889286243,1
0.7182986475010413,0.981159758027898,0.5757282907570502,0.2750014062998865,1
0.2665346578943782,0.42732032656043767,0.13765866340566274,0.05788447796230278,0
0.751734894280541,0.7090345989663567,0.8886671613721651,0.6530872319285657,1
0.5708216860703772,0.7831589479005542,0.36740707143494783,0.34510045344807894,1
0.7660921685861353,0.7911786322959324,0.8993179442350099,0.5035373458383304,1
0.5347361914735217,0.6852299737596009,0.43610489077933956,0.30644868679959714,1
0.691518076069259,0.818081960489056,0.5598727244917878,0.5725763923859727,1
0.21622027717186454,0.09167548834401461,0.2556831432441649,0.4683879501330388,0
0.39805812872360846,0.7114112815105558,0.1193648207928415,0.03271520865239079,0
0.7601733341984195,0.9704728785099453,0.8759192144983377,0.06080565296972737,1
0.2888515713749923,0.4225990754499783,0.23338013899781393,0.03768995975329487,0
0.5374232635011245,0.6028341416679792,0.43424567614184256,0.5286624491229103,1
0.7334480831603162,0.8384170212937492,0.7637982157148564,0.42550053899492357,1
0.5417832462561005,0.8289722056135399,0.33117150225483355,0.13972846386440255,0
0.649377771267277,0.8614921890307683,0.5602496156659045,0.2527839602606073,1
0.3086267160785614,0.3514459494230071,0.07943845251061107,0.5453610280693726,0
0.453939919951754,0.56178583132932,0.45929922351092883,0.17628618616907668,0
0.598785283867726,0.7605225341528785,0.49694449685959546,0.34720333866704073,1
0.28689918475563614,0.07262680799093042,0.5167514502164838,0.47780172847612873,0
0.48565980251080987,0.6256835406261857,0.5505241415570954,0.038303948652941795,1
0.6673518408589413,0.8816475561418324,0.7259173795364993,0.043764244635376225,1
0.6522043918041665,0.7082964202655547,0.7741651602445421,0.3290331679901328,1
0.3238338853908812,0.44527071657873346,0.09879315911513879,0.3578028968348642,0
0.5793043929169716,0.6849108555362972,0.6365169437618328,0.22946941010136562,1
0.44909071580605475,0.5126134130631416,0.43465946118155313,0.31193085460009,0
0.591447289181583,0.6463426897341074,0.4928404080854861,0.6021191094444169,1
0.5402411481189905,0.6009235090346968,0.5826894810832337,0.3248627463833599,1
0.466404850536584,0.5347455019672381,0.3678932743217652,0.44332058628217685,0
0.11353173506463617,0.1645912697399365,0.09974220687497316,0.006567190660879807,0
0.2807365103564177,0.5061939686915659,0.030441283631336732,0.09253570460616897,0
0.34781365950455506,0.5375279009350145,0.11726157525812587,0.21935618229805032,0
0.58481387515924,0.5957204557285019,0.5725865840243479,0.5758883604384237,0
0.4560893763227102,0.6111267523919205,0.2944023552452272,0.311026467765909,0
0.2232959238131954,0.12291173279425101,0.15370643805338685,0.5786406300002691,0
0.534331579793526,0.7547609273359415,0.190292953089429,0.499316150993633,0
0.4643452786683806,0.6663627471506134,0.38485877281551767,0.07853136624209292,1
0.45602048159803543,0.772548444920401,0.06112788166124152,0.2570394731973126,0
0.4755599185111126,0.7482513046022532,0.32005698762714263,0.027085849609216194,1
0.24190475633870004,0.16320133326974579,0.16252291098656368,0.5577360820392903,0
0.6197282428224541,0.6839042642453652,0.8596289238991235,0.09943716765017213,1
0.3064002084940806,0.2616478401537421,0.4099690627083443,0.2629278480235315,0
0.7075287297816921,0.8933865771199343,0.4190636019793574,0.6755818031395888,1
0.6933630257064094,0.8552894211705347,0.7551605382877558,0.19585076817407635,1
0.585971152319087,0.695238088146787,0.4328900416895968,0.5424254786940723,1
0.3826505960168688,0.27495106503600336,0.5077381865119149,0.46426803772646313,0
0.5877353832842993,0.7620180887338311,0.5769740739919329,0.1681705835990193,0
0.3808096944149795,0.4557679249343366,0.49608961804488255,0.020494232671732514,0
0.6535487172199774,0.8978319038072133,0.615056877513708,0.10057851031129222,0
0.4308666746051615,0.3110912214892671,0.5242559811065504,0.5902213476428143,0
0.6638387205669107,0.8636016263881288,0.46965042359118514,0.45571390147745433,0
0.7002313797470278,0.7876533747888468,0.7641675738249547,0.38577210102558984,0
0.26853890285484516,0.49890410500772203,0.016986810082221405,0.06995403663158861,1
0.6015187370096419,0.7448854068984975,0.4475290360898538,0.47408661366718496,0
0.460337244558459,0.6055109421176201,0.3797556305861995,0.2182754216189452,1
0.20609039596329748,0.17373412529824242,0.12930050965879358,0.4021659020826908,0
0.3082730651892464,0.28123093837835117,0.330187992104283,0.3430059918439295,0
0.6464746567998126,0.7571709566280933,0.5637524251808033,0.4938172546576251,1
0.28856442523909037,0.21661445740500238,0.26357083304169654,0.5059297331204011,0
0.6085011790307902,0.7985669929757233,0.3518905177472307,0.5182526360937967,1
0.4117727446761289,0.4156555025300402,0.30495207464107826,0.5622968550939267,0
0.5264947444944664,0.7140688565663997,0.24063387835983183,0.48635076351658507,0
0.6294059298524864,0.9190068816212716,0.3488903880830798,0.3261768630846333,1
0.29019105396084793,0.2861078464637026,0.4250233304035876,0.09815065803960178,0
0.6920097964016064,0.6425678127485531,0.8250139912643726,0.6161084632400903,1
0.6175653658346657,0.8624295516380254,0.5067029110065282,0.17169858356847334,1
0.22565344450851965,0.18576175558509,0.2336181514812613,0.3134356063579812,0
0.546421303447599,0.7814333417625433,0.21255265560338657,0.4596941794265569,0
0.07673626873412101,0.025588155023789663,0.06997925770853006,0.21474206954833583,0
0.6496842890146578,0.9146598849974397,0.32469192003144015,0.47473385253252953,1
0.7600500547993253,0.964130764074101,0.6295619409609983,0.4455804523698766,1
0.4974289665978932,0.7133156261116728,0.31699799500120857,0.2283587752084711,0
0.5340972259844295,0.7093962864964622,0.46268203073564906,0.20297236757751838,0
0.637220740334993,0.9048292084120704,0.30330070442387924,0.4690796240089699,1
0.6009373940712288,0.722320091495427,0.6691137229981106,0.19521615712041113,1
0.6167751906489637,0.7058159244605244,0.8150056032555175,0.09682773721023123,1
0.5617716235356809,0.6189455093197151,0.5714684395307721,0.4042916850829585,1
0.4554127920914602,0.6768417469195986,0.18563899505222448,0.30650110057996754,0
0.5094580465145788,0.6222999614053775,0.43493147869088034,0.33914311102312983,0
0.714790978936737,0.8594387165881727,0.5369601258771217,0.619917914397571,1
0.722918618525537,0.96382089754854,0.792824481796605,0.015804126061427125,1
0.5986907349290636,0.6229211818162105,0.5768886430245574,0.5708177555679554,0
0.6051352993279642,0.6922985221068868,0.6842043726746905,0.2686236323605683,1
0.8352024719373458,0.9469694157930335,0.7993700909464855,0.6095336837844165,1
0.2979376015503935,0.17042303203408737,0.350920143756662,0.5372502120317562,0
0.5982403100652915,0.664418273127976,0.5520747017934737,0.5020438148163071,0
0.3205084149887376,0.4993622836567848,0.05687892617742034,0.2688179765355955,0
0.8459621260007111,0.9969502256223348,0.8915119202653967,0.4001671855496238,1
0.13028547717301306,0.1474726508510492,0.1394019506411597,0.07364283277570283,0
0.5215997134886887,0.7890223933347429,0.4211443311188617,0.003726087428294178,0
0.34724282159379444,0.48868197820727,0.11220277578398183,0.3462049987748245,0
0.6443198636392674,0.6123571348144129,0.8437879141996747,0.4250246098607927,1
0.5984105617157904,0.7966950926316292,0.2977472476684132,0.553694205497259,0
0.5420477218098916,0.7873856496333431,0.11605744155083568,0.5676883226398463,0
0.7257210826745146,0.7988362647226392,0.6737155020131598,0.6209414985462354,1
0.7799838671397321,0.8531670517070482,0.804034205113141,0.5609503987613281,1
0.5835196430497218,0.714088434197547,0.39595655512105876,0.5384422970731536,1
0.500552808836357,0.7514483709738075,0.33978769057258496,0.11446158088838886,1
0.3996793409456687,0.5771072934404958,0.15969726878288593,0.31608256795277506,0
0.31049116683244105,0.5130707795465302,0.16298585983501393,0.02530009554335877,0
0.49198812540161074,0.7833019517497932,0.3126552991929764,0.032702798844106075,0
0.6468161272055885,0.8470640960679985,0.3382510418503818,0.6090438330823731,1
0.5031121524304281,0.6030291274923776,0.5194236160537369,0.2288525193405913,0
0.2324004143980532,0.0020914856121768467,0.4084681249667786,0.544071170509656,0
0.6647158668550693,0.723499395401202,0.8448249372273047,0.2475934399313843,1
0.3721121021280232,0.6256496803809737,0.12750899460792028,0.1051728177758013,0
0.3267687028169064,0.2829071372028646,0.21939452778274654,0.5974838794032507,0
0.39665525430527465,0.5930077962776251,0.16955600742693955,0.246422769691901,0
0.5974321052942132,0.6664250529655892,0.44484603977453563,0.6538288343952896,1
0.3424107844658859,0.30032923672696993,0.4852228496579647,0.2333965560250577,0
0.24440206877925796,0.08292851736695149,0.29054856208413693,0.5788662073527057,0
0.3388269781142621,0.22573051709585323,0.38655575891296506,0.5499749594622297,0
0.2915238469187964,0.20122332047991362,0.3149183906944013,0.48218334735259616,0
0.4082436815260785,0.6278225344403254,0.2874922646094044,0.04042367461547238,0
0.36214812265616625,0.3284385223831094,0.26786408756390256,0.587848175977204,0
0.6973639077968554,0.9573786558791453,0.37643167303485003,0.528725389734139,1
0.4645827187656397,0.799957805963627,0.09551219481088724,0.17975078670280042,0
0.46432917323849393,0.7627736396226602,0.09867985798722519,0.2666919801549813,0
0.4584444817841893,0.5602171782637577,0.2018887585779017,0.5888463253946997,0
0.6256705854755206,0.7514371150238923,0.6500961308817458,0.2746159434952532,1
0.28682946773752777,0.11973436085975325,0.5493105047573115,0.31084567940228847,0
0.18603109415405572,0.27371698638934927,0.1395164663740084,0.03658830523589291,0
0.7266205266393471,0.9451058254963512,0.7674831092061665,0.11911340564660762,1
0.4630439124906691,0.66251652878439,0.31883497195193855,0.18067578256446276,1
0.4494652312307587,0.4463735150960639,0.5134000051574105,0.361292360677518,0
0.6842937385558432,0.670516546008852,0.7043346926445824,0.6886752887902123,1
0.3756619312843258,0.463146713048116,0.3899798535868246,0.1354730934211022,0
0.5925289729795329,0.6299126136909398,0.533948419586126,0.586940701291126,1
0.6479618280989399,0.7816716046809077,0.8210649273232313,0.05403273780758311,1
0.7496527028615815,0.933071278423135,0.7521003380673661,0.28743481114902114,1
0.29718540855504755,0.3538254979628972,0.05858179296653791,0.5134906084181877,0
0.45991793378243234,0.7398787692850828,0.25137182255214063,0.0728350118712436,1
0.7946200657838388,0.804522381365078,0.8908551180191264,0.6255116984778091,1
0.357708380842995,0.17027876137316583,0.5763424134309268,0.49833138063567006,0
0.5079184977408875,0.6495015214601378,0.34270129352873624,0.40178674476098825,1
0.7975669624790307,0.8646645052671045,0.7841006683142732,0.6500225467559827,1
0.5173039343396512,0.7506154931186327,0.3937346218344689,0.11937900614997032,1
0.3977914234911943,0.5420722727265775,0.3752186497390953,0.07094846103088483,1
0.703343801741045,0.7931631329484284,0.6803282817817634,0.513318753661509,1
0.5232079691868117,0.6602366042735475,0.2852646951058598,0.5375512925914002,0
0.35030810963154535,0.43562575798555137,0.29065031628099147,0.22650067877236127,0
0.7732459367561686,0.925855377247153,0.6671367728052414,0.5508860814550979,1
0.6667307828927427,0.6507741027163679,0.7363851357764586,0.6021409540081057,1
0.5742447483927262,0.6245216263093769,0.5958429649885022,0.4161552287074354,1
0.6176577230061059,0.7847508921005549,0.6702137460963364,0.12109076563463783,1
0.4448533049062474,0.5556491688264069,0.25984341887664436,0.445378474150253,0
0.5064596747252039,0.7985193346987702,0.1856699955558754,0.2574950435452808,0
0.47209821940282093,0.6914636638575473,0.1801757468484977,0.3615683170974899,0
0.25828383888791484,0.18361608624347944,0.47268439869983325,0.12335238078112577,0
0.6370236864463319,0.7465341954226146,0.49326360064035757,0.578887542714587,0
0.7835529788345592,0.8173236704943828,0.8180951505379308,0.6473129921299423,1
0.5182516927497157,0.6711649953184577,0.45670325040995446,0.22829109983750276,1
0.5297159080061152,0.64211123194165,0.5791008815021059,0.17465013792329248,1
0.6123999276278692,0.753060589493241,0.561607387662629,0.3369370829123005,0
0.6505049674715602,0.738214796716007,0.8274581275147881,0.16580065429560165,1
0.5796213700718583,0.7574263414329626,0.2852256699614245,0.5767024918347482,0
0.5353036487443721,0.7388810594591416,0.5465387023613784,0.00950754153193909,0
0.7483745220175084,0.9731920106597085,0.6029488423023854,0.4044693199846924,1
0.5819633112936405,0.9167897700565496,0.35186844796128375,0.09003945938490274,1
0.6249560077434746,0.916097262155774,0.46412958811589844,0.13834250115409008,1
0.6586633218508438,0.6898757898183495,0.847122949600212,0.297942710308027,1
0.3259273237642162,0.4282914952326269,0.09860149616648477,0.4110056364897866,0
0.4565319042541012,0.6618668197429765,0.11672678519987842,0.45290229411324695,1
0.5737336898016566,0.7729341691070232,0.6128281238647377,0.01709084044361877,0
0.8132742463842305,0.9961286657305091,0.5960829049838308,0.6819252101191338,1
0.7951082957334044,0.9414520692586936,0.8515615567968424,0.3445689703250245,1
0.6842081287419074,0.8318658877240237,0.6333137442635013,0.3914053080042258,1
0.46469691544741815,0.645449530904973,0.2560207557154856,0.3258296164014298,0
0.39391265424486366,0.32328471655352,0.4806939448914882,0.44031056250328593,0
0.5120250496522966,0.6401409819565033,0.46245423676848757,0.2660914382174934,0
0.8420223248393214,0.9056841398320468,0.8811328865416534,0.6242019448040097,1
0.5495197258154257,0.6554617984933678,0.37217142909365597,0.550686989203225,1
0.4885581714032238,0.635213678754154,0.5277374352922509,0.06315050719235735,0
0.3657960894763839,0.6653375634079062,0.011609600667592446,0.14822213786076535,0
0.7141363282006534,0.9744559947353849,0.4920628595319282,0.39644736486691246,1
0.6153291781687101,0.783566310215336,0.4758226046596912,0.403996208315674,1
0.64718529871782,0.774686955692945,0.4086059104021034,0.6863002387535828,0
0.5001766406866449,0.6250284463384638,0.3243162204577575,0.45183775690042893,1
0.6207078135617496,0.8896049008737392,0.46259008884943853,0.18564168235024253,1
0.7041355776466832,0.7784291571680905,0.6606003305614069,0.5837044994710798,1
0.5591258748988893,0.7568240089661773,0.4740287068641561,0.192526291782769,1
0.6511490839186488,0.8744651662460601,0.4282908928753385,0.4271461646650859,1
0.4502365270844284,0.6049862639351528,0.3284892466669376,0.24598310558385367,1
0.2651679988414768,0.26169162715607897,0.41161277614836755,0.05419176209463523,0
0.678888568291485,0.9210819904507516,0.695435539681532,0.048584555808248095,1
0.27634024426802783,0.3959123712060043,0.177656629598008,0.12543534892811653,0
0.5124908745266477,0.6443001273585606,0.33230781626688466,0.4532423298365101,1
0.6175193263709853,0.8839618789125215,0.5748351249710588,0.015439247117034415,1
0.3496923735211196,0.4519631444501112,0.06437835257658482,0.5219864776154428,0
0.5942009846486092,0.7746571552026822,0.3051029862588867,0.5767075558480103,0
0.3185232528598987,0.5499968391760703,0.022913510756579457,0.18325390022444846,0
0.6412234853265883,0.8954321545829531,0.5621112045226646,0.12437023339156218,1
0.7690522893081075,0.8490765377424175,0.8125444351162638,0.5037534495100979,1
0.5597781208129031,0.6014464979139763,0.6262612931353071,0.355882419576614,1
0.07793265642223145,0.012332784226972572,0.21695705145880362,0.03339574435552044,0
0.22979413744510752,0.22945170301059792,0.14466074083326477,0.35835031844914556,0
0.6354248675410845,0.6265593116173098,0.6827542497604941,0.5865946840214069,1
0.5835528182637658,0.7688407262432895,0.5112357733882128,0.2288086156282857,0
0.3594595103146153,0.3222713953145733,0.37942070028515223,0.42248801285891496,0
0.7337431225260937,0.8526657596488258,0.7327620875543315,0.43790808217690713,1
0.46568907468638604,0.6644658025380685,0.442296224889698,0.003836529752212048,0
0.3925607550211542,0.25506545925445556,0.5040772417114744,0.5690242644024205,0
0.33884496689136673,0.46630333358956694,0.05076086779590181,0.4523251987890637,1
0.5874867270213115,0.6794334654125233,0.6223122925962201,0.3053815326809193,1
0.7314126387404964,0.9495553991615205,0.7720897750242075,0.1250400332623696,1
0.4373762308194164,0.5307276386664919,0.5445803871996612,0.04319147663136042,0
0.3059024210660296,0.17146417664897112,0.38276710757704674,0.5267010023421499,0
0.19583960241662401,0.11283187574627603,0.06718999432277237,0.5963333312332715,0
0.2821839066412378,0.2876884446149851,0.18366770057513737,0.4161968708060202,0
0.6832196842928188,0.77116128547254,0.6217918663335772,0.5555074082823779,1
0.3670616207934402,0.5000570486071171,0.30822764657382007,0.12282401258867826,0
0.2564499078379043,0.1836144598539348,0.4077761079843672,0.21154922757813355,0
0.630810279814154,0.7888577804082585,0.5614137924287238,0.33978625940703816,1
0.6713759662275465,0.6593755959680232,0.895137191237759,0.3657350543610361,1
0.262970015637088,0.34354686640755916,0.2857358955367975,0.027379068861345533,0
0.6643928335229778,0.7065853270003384,0.8639895562229956,0.25951651577954993,1
0.13621403807593305,0.02882252392231646,0.22831031413776096,0.2665484093672326,0
0.5638844984678125,0.8359159935423436,0.4014218079237783,0.12749979659753594,1
0.7211755615266193,0.7064123490486661,0.8300287092549137,0.594803871129061,1
0.47014522962728683,0.6135019729225822,0.32129741235668763,0.33502509729494734,1
0.42947419408643683,0.472111344735049,0.3282078724087146,0.4747807999814898,0
0.29084598787912186,0.14239748794883952,0.3485226961340694,0.5754521753224063,0
0.7273412483290008,0.8919123068175168,0.7636777010851012,0.26140892297356044,1
0.20364791184712078,0.09511301449988539,0.21840586816299484,0.4528482207413982,0
0.5463712884668213,0.7009774527955938,0.4807962270276134,0.2582184698037021,0
0.5911777696418895,0.7577032081307447,0.4518853111597662,0.38380286114293666,0
0.589644300848141,0.6519049540130988,0.5393151698930962,0.5094863643683137,0
0.2643325264514472,0.41603646808331957,0.15729570109370752,0.045627910408376035,0
0.6188365289461418,0.865725416130955,0.5216826277087517,0.14734516284019394,1
0.7863873723439373,0.9963239062204489,0.7350694132937863,0.3385229762278845,1
0.6888866884338404,0.9203486368426528,0.30055566403884293,0.6927283540043054,0
0.7108313305901919,0.9946792806074118,0.39265165681334024,0.4784809662124192,1
0.6310655731903994,0.8350087122115497,0.604144310083324,0.16158962029813645,1
0.5612115657763563,0.7019089696390146,0.6954582030146245,0.008098100262308205,1
0.6694265185867315,0.684488397775186,0.7629645600635212,0.49146475840041115,1
0.6557625925588408,0.8980815371124042,0.6548926044477574,0.05127021334155772,0
0.3193831768846047,0.257937869758334,0.3955600192951862,0.3587311810844093,0
0.598941624533085,0.9276799517175921,0.37449000774640695,0.11377323175183394,0
0.31260477154617894,0.42947981070083313,0.11123441657605175,0.32247270611473416,0
0.6639617678652965,0.7144189207361581,0.7376102669712838,0.42734613702916174,1
0.16991446205483576,0.07950184914856476,0.31900878939019045,0.17230450331748126,0
0.6198445137257701,0.7809800939339032,0.42958748944767766,0.5023910996225761,1
0.8033507770215257,0.9722377083507616,0.8707319321824654,0.28006171595702667,1
0.43083863769230857,0.5692281028662002,0.11960913610164223,0.5517092271435792,0
0.1391675776053124,0.0484512905722025,0.16130831707754195,0.3327471859797429,0
0.3969364328432307,0.5764685573927559,0.3062123066405006,0.08419231077351293,0
0.37509086732597874,0.31777632281991447,0.37729751494666,0.5150672571601175,0
0.5892553412819368,0.7728372159100415,0.49079070276990755,0.2779976124797189,1
0.74381781813718,0.8557977741962111,0.7343833806779798,0.4780195841784026,1
0.6124868428084871,0.6565157068348402,0.6133061135950391,0.5011857765627764,0
0.2932566108306418,0.33329289577958277,0.29625173838408103,0.18867320712813054,0
0.39449413818453133,0.3818851958745444,0.580046330768264,0.14768820508389977,0
0.45609541154618405,0.5777336887284211,0.4179235709428351,0.20925747949561493,0
0.44224599003359577,0.36371320966430637,0.5048511191268061,0.5446702473170035,0
0.2958229840231484,0.2206249971122845,0.35743958268892484,0.3913930533016433,0
0.19249851205664634,0.13596466196748944,0.10488944774218002,0.46524673375123804,0
0.4224580400994905,0.5710024975378672,0.11855149896849752,0.5069567082000381,0
0.6525924198835229,0.8099244750436815,0.5273577944732989,0.44711422009846236,1
0.39960480992954717,0.5748105813524915,0.22491353511411297,0.22362729359533776,0
0.23679059041619058,0.24148882121293697,0.25433446570978124,0.1987292004839386,0
0.654640656487963,0.7585744941459248,0.47923411498465907,0.6579158745980137,1
0.5654716091473787,0.7966441337189818,0.45304605680539944,0.15617862623133966,1
0.5492210031321721,0.6495752217763511,0.6830080870570743,0.09765483063437154,1
0.793694706367615,0.8193590944138872,0.8623867823827944,0.6264956222291653,1
0.7008634159499258,0.9287522883087449,0.45459149480866423,0.5005491167647704,1
0.44523430846186524,0.7638997815401549,0.02554171151045854,0.27810952119325094,0
0.4792650179885531,0.5508304769291897,0.3395253019172126,0.509960944743972,0
0.7155980556870976,0.9004035011530231,0.6871115763995859,0.29631416095355134,1
0.0784748745046437,0.05080062979999252,0.1523306450702712,0.03687683041783041,0
0.6687277498011114,0.6810089631696744,0.6297802864159482,0.696445911457449,1
0.6392812938590589,0.6629790434660766,0.711654642701359,0.4714768965780639,1
0.3927203136209742,0.6720570293825465,0.08326341028560554,0.1585638792200964,0
0.5165649066424863,0.6013446937236426,0.5997353894919215,0.17985971466544298,0
0.415833748986147,0.4879622229031845,0.4705569782215116,0.1534277203405067,0
0.26308813970112116,0.39268147112546103,0.17402062475749602,0.07270608355570918,1
0.4453211060169788,0.34020576521665746,0.5434299501198632,0.5609461918634553,0
0.6501852008610611,0.8184216266992319,0.541504275536651,0.3926155242522491,1
0.752375714809223,0.9456433415261382,0.6643246397928831,0.4012832605414451,1
0.36818838843715584,0.35036272312095457,0.4790509129409871,0.24645876497191216,0
0.15995360573380513,0.13981898138003876,0.061050750792526684,0.3586444490301387,0
0.48281686915485234,0.6287339478934434,0.4211932979648282,0.21045952909341079,1
0.5271411543326379,0.5788572510529703,0.4669987973900068,0.48806444794575343,0
0.236910044038975,0.10071233459991805,0.4469111503385557,0.26240265818724645,0
0.3063828147924995,0.24088254452654967,0.28475436905399815,0.5025761590651262,0
0.7456173502164043,0.9397741332359116,0.5679486901057127,0.5267283828336735,1
0.2627729804083718,0.08633435784724153,0.400031806010121,0.4979812984085737,0
0.15468299789728227,0.06863611303264161,0.2519540262251023,0.22389366756715381,0
0.40493049578100176,0.4652443741077235,0.42932462877107996,0.21755460047908023,0
0.7235711272832952,0.9241165364845418,0.6741778794260542,0.29629747606604045,1
0.6559619205613058,0.6799632809900433,0.8697618257404762,0.2752586617207059,1
0.3892552672018776,0.5655648909287142,0.14594767741810796,0.31344259256044055,0
0.5767654558657996,0.7538017511959713,0.442005540892211,0.3363145900007536,1
0.634431096062234,0.9470955815104045,0.45800541524137584,0.11740840367309495,1
0.3901894290180322,0.3935939069523522,0.28249430942139153,0.5432209135771935,0
0.7563766335369907,0.8994432077827796,0.8392901354021507,0.27433994512477816,1
0.2151148647646782,0.14238990241856506,0.42901214081775046,0.07608135655035272,0
0.5836443409623466,0.6255269024416701,0.5716630470676907,0.4969098781060219,1
0.7334516049002137,0.9352546219321216,0.7868285709136589,0.1488786133002763,1
0.46066017805205833,0.6785478682431461,0.24764629893841275,0.23546177124480738,0
0.7397173678278555,0.9314591391707981,0.5642260809508722,0.5235998697859734,1
0.05378368737279655,0.04374750804980785,0.07442256854244512,0.04791581392579545,0
0.5652322063083008,0.7021381995750655,0.40217353165210123,0.46755523512568886,0
0.6139156796411049,0.6954679490493935,0.5870048431178971,0.4504012609051956,0
0.23593612672606762,0.0017126119938442486,0.5891781523338394,0.29163187514496847,0
0.13808596148497465,0.2510404475324283,0.015482916349098973,0.03960431407015388,0
0.5696162454671692,0.6044747012347508,0.46249526066813973,0.6431515832467596,1
0.11816351058078295,0.07431873607345373,0.06702442786509512,0.3044840709226378,1
0.6119208614710657,0.9517867422359505,0.3854327549929621,0.10198831927600896,1
0.7949293340257142,0.9235878410026996,0.6584015512268658,0.6780747407815226,1
0.7322502835532545,0.9050360367850563,0.5497880932390802,0.5739791859450114,1
0.6615146764363447,0.7923641713200315,0.63049899901816,0.3809144553544046,1
0.5895804846564712,0.7311695534122816,0.3032518798909188,0.6651007199152733,1
0.43650624479603345,0.7625225661702627,0.05254346920810926,0.19740960474234656,0
0.5811140660947574,0.7876020316050689,0.38590725029162865,0.35770437602367117,1
0.4059849662719856,0.4338556791114412,0.24379972039265238,0.5795860529923466,0
0.19416666274947816,0.09437199592510029,0.40543193650023107,0.1267554191842936,0
0.3591067260138882,0.4285113883129837,0.4462097197456993,0.05494057966843306,1
0.49122000606838173,0.6123575865038208,0.3298092732700465,0.43049215417728687,0
0.5115066070297998,0.7928123038345403,0.3055433528511076,0.11718724628598683,1
0.33396300286903285,0.5318492376593371,0.1440729076588598,0.12408255870853177,0
0.410500314383482,0.45150875062333856,0.4754512857216189,0.2105527667766354,0
0.34229233286001415,0.24381490923183274,0.3769715195504079,0.5364671118948768,0
0.46280662662472344,0.5521994087954214,0.5748306235763224,0.07128867577058022,0
0.7891863651670392,0.9403988480208658,0.7176245768544558,0.5184978405013476,1
0.28274660762371123,0.16209767893498903,0.3983163625129597,0.41101429701164405,1
0.554626969359797,0.8755605809811888,0.36851064243871207,0.031467430687945115,1
0.08828448303447571,0.07696164154232772,0.0871344022466173,0.1183167079466333,0
0.19071363615207362,0.10127153060177206,0.371320223753919,0.14340901862505942,0
0.46019508111542123,0.5004322814598291,0.498573504860391,0.3020344446369469,0
0.570744215724427,0.6750277890203148,0.4218133289816392,0.5334316125988893,0
0.3173009020360681,0.3333901204685448,0.3699583736079542,0.19809164859704717,0
0.6007759559230164,0.7404541419511057,0.5786695421751458,0.28474011147459877,0
0.4317087398013052,0.36648342627977004,0.4789181917803199,0.5239578456366211,0
0.7638711498162182,0.9870372103989888,0.6166898412127501,0.4267279612644934,1
0.3203178991712365,0.44876873246611465,0.23480647989941736,0.1274579448417698,0
0.06700405580886923,0.041851222343127686,0.03596362028454172,0.1764467927597144,1
0.5355288049906717,0.6994892041625036,0.33451525926160935,0.4271481256546853,0
0.2739800412151114,0.359623417793821,0.1689054899494018,0.2174834266669016,1
0.46578505661432534,0.728068790219008,0.1178899680115176,0.33191835550683035,1
0.31047612073179875,0.18022803496622145,0.5080982958730305,0.3396630724338944,0
0.4743030132608269,0.7472373083986462,0.32667448586182835,0.01341006651477653,1
0.18385182028409625,0.19786816537391055,0.12153972173949562,0.24227910537646144,0
0.2280554376032894,0.16670168533459764,0.11369006150501734,0.5529878824224269,0
0.5384041964959208,0.5250048064937077,0.5778843362820512,0.5126824618222574,0
0.595655795536765,0.7029807837295854,0.802326128916993,0.017337824984371707,1
0.31294579284236823,0.3307510358556326,0.4759260921318794,0.023962236374940594,0
0.5402608304908639,0.6081771932571003,0.36810487278513215,0.6287038601338708,1
0.3937015944314651,0.36797219423586314,0.566614455526626,0.1986558032777282,0
0.595046773280199,0.6343544837750291,0.6380816976374889,0.43222511050718815,1
0.6422435629003087,0.6807128442876221,0.6404163354084351,0.5488112006698356,1
0.7271716687393893,0.9885045265075474,0.7189778367529231,0.08613027229869319,1
0.7460260705502233,0.7902244692931739,0.747531097377014,0.6332725334526608,0
0.5656225033636193,0.7756848716936818,0.40640019797803906,0.2793000406168332,1
0.11244924838608841,0.06159264649648266,0.08706044972901403,0.2776739510957143,0
0.4687388203151961,0.7455434622184262,0.08154750237118936,0.357514192473131,0
0.6390468021513912,0.799172741115555,0.499729575248428,0.44770779509542646,1
0.7418938683548131,0.9695133264372721,0.6572998235460709,0.29973629036177923,0
0.5054476082638415,0.7516210780149221,0.31395626407306065,0.17725095017231118,1
0.729462013023376,0.8696612269175859,0.5481961624162317,0.650862754198568,1
0.6625547259950083,0.8820112786096772,0.5080514989566377,0.34566818501589214,1
0.5378794485536627,0.7315116020004814,0.41415824133900236,0.23938087575860617,0
0.6017518802920886,0.8358499411621265,0.5860405532273147,0.04007371871415478,1
0.5915441578832968,0.6448492653889555,0.4332384516153083,0.6957399485211327,1
0.48541845933694605,0.5743304856134176,0.592900109305767,0.10191591869253591,0
0.32585438578589015,0.42819168472365904,0.010487961892296038,0.5430607742818591,0
0.3596933625483192,0.4956411509316199,0.3057467003507713,0.10074388488638927,0
0.6213447734638693,0.7969649452755476,0.5889144633461078,0.23093980911131548,0
0.5522480635471898,0.7289355091232177,0.5146515371476946,0.1669242392063628,1
0.7563509680531726,0.7896530700360681,0.7654984821091433,0.6593744420119777,1
0.5611714237081098,0.6189893989732377,0.45809357576565635,0.5712432574589703,1
0.49886841035186563,0.724129469160038,0.361417350810243,0.14189235264386862,1
0.4490595309162454,0.5735477298326006,0.17439487559030492,0.549836016614268,0
0.6419938335758529,0.7899507345902815,0.6422897908826415,0.27165764507959855,1
0.22517972807643993,0.17201137533217575,0.3990840998732072,0.09724405224194967,0
0.3319483084503163,0.3847016957481948,0.17169021762801395,0.4404519764390735,1
0.5919577989528104,0.709262616290208,0.6062625414424658,0.2772386418748333,0
0.6836728281401687,0.896645853092606,0.48644416066587415,0.4470832669705174,1
0.11451003870608198,0.14539547695894725,0.12559412747715096,0.020670309917315333,0
0.4789552906628778,0.6303793463620829,0.3057978322561489,0.36013133902495836,1
0.06968537360708883,0.04858698129909485,0.03419165279968008,0.1756719355881869,0
0.6850612322275563,0.8610269007068327,0.5608806507299565,0.43141793327576516,1
0.42229009885339613,0.5830733630488899,0.1772901831885641,0.3878318118619098,0
0.4614835120752342,0.6620973157482749,0.2564402783961712,0.267513853411227,0
0.2550124320907762,0.3426965392477552,0.24259396128357147,0.05442987040913556,0
0.3230708010734722,0.3420404854057421,0.21685614446475396,0.43496857515587484,0
0.31020929339942704,0.4907262185817886,0.04050266911546452,0.2634769168694669,1
0.3254328967966414,0.3188770047974681,0.311640488505667,0.36251123923103606,0
0.7217733023658227,0.8821089637910606,0.5913254453130825,0.5166059343818378,1
0.4842913841973306,0.7215719760387775,0.12498397499846527,0.4300510183920111,0
0.407787856126032,0.3999989559537599,0.44935790128093517,0.36490503882435765,0
0.7624602024960718,0.98423478500265,0.6040961797305299,0.4455697803779387,1
0.5875622143239472,0.8698389907916095,0.4475565903534816,0.09187870911048945,1
0.7174078973143183,0.7863940611924909,0.8354888514838084,0.36782105636465223,1
0.6800890547379453,0.8507064257308643,0.7636158139223128,0.12825548847909687,1
0.39802217891195385,0.40731718474750017,0.254176499816343,0.5905531829665043,0
0.6694553611310728,0.8729982015899902,0.5200345037507806,0.3847295460542176,1
0.6178716264086316,0.7015564351689543,0.4259517379943629,0.6965394371292275,1
0.49310681490921726,0.6195854839293117,0.5842606510989437,0.040179388074391725,1
0.3076107260442137,0.2397700011708225,0.5301785118693422,0.14336085948999902,0
0.522972964382205,0.6573447360040502,0.5611944482040567,0.1297113095948146,0
0.6747070059594527,0.7740388240012152,0.6670562126690998,0.4378536507905753,1
0.6449669393751978,0.7759236169921867,0.4736496801336157,0.5745511341950987,1
0.5690716315194916,0.6698148526507153,0.6188995990994273,0.24247162732152872,1
0.696281154558306,0.9252637383280451,0.4913391113042922,0.43123776001497915,1
0.19822662398147334,0.002103408047614064,0.35417370196701903,0.4546140468378029,0
0.560635083329632,0.614924116961171,0.6226235910322402,0.33192973769687195,1
0.2355520875183056,0.2816089463153362,0.08382586136653795,0.34799927975338063,0
0.7326789461183132,0.8774161878346878,0.6386119841694745,0.5119362847506345,1
0.2080069910675219,0.1169023004468544,0.3373046467998551,0.24182223402069092,0
0.4096392923429663,0.3427339693095127,0.39924426988774014,0.5924951336094395,0
0.6325213008765801,0.7619419857706136,0.7725375375238226,0.09894523367063246,1
0.6760440913860721,0.8785281500310944,0.7588877690135041,0.04556842833236854,1
0.7060628818539239,0.9022158169893709,0.7355769437392919,0.17140945118725456,1
0.4902419184192859,0.6362807064359874,0.5408510036660874,0.04923132050732983,1
0.6947964352503864,0.7780064219415969,0.7090900353877914,0.4653310683162528,1
0.22307464964860593,0.3571125321358958,0.005317119533865066,0.21461623860249254,0
0.3252441073439311,0.3276141304650129,0.5318914494822289,0.00934803633377994,0
0.3618849722513108,0.40482058359471884,0.2956221550861771,0.3539401696404913,0
0.7561301797673257,0.875066019666437,0.7623655995830593,0.4494374502959469,1
0.7281430213133088,0.6561800633556091,0.869953774213428,0.6953342868573792,1
0.2603418247139486,0.33852774780864126,0.0970101950932093,0.30987446140832603,0
0.37400165286820747,0.427665173973805,0.5089512608724582,0.037418438097837466,0
0.6858519301890977,0.6894361283504188,0.7156449001601277,0.6322019798292502,1
0.714731770145938,0.9727178478211933,0.7155321271787429,0.0685660404085926,1
0.35962896064939504,0.18813359203041102,0.5735618532730076,0.4674680432614361,0
0.5430264940816387,0.632272151365866,0.3563618379552547,0.5999093350606466,1
0.6444268414000143,0.7797446008575155,0.7272006160992309,0.18197178070743605,1
0.3441368698725545,0.40979501642049876,0.15729066871003852,0.4602608052464676,0
0.8251584026815263,0.9223962329542152,0.7927150849144566,0.6307288036504082,1
0.5597394637767708,0.6137883971331051,0.4681742589581135,0.5619649376139205,1
0.08705183037250744,0.07441620561949272,0.15171470648858934,0.021646578080921384,0
0.7491794662412958,0.9511963523970818,0.6252497518744504,0.43003182240209914,1
0.8142469092389002,0.9700480473507189,0.6760897416781817,0.6319798153004311,0
0.2648089380382206,0.14149860274549814,0.2977813707098663,0.5236261272625581,0
0.610382868204726,0.7393103533845825,0.6903080412796523,0.16817639564269518,1
0.6672429182407436,0.7841204326893951,0.5293299625571799,0.58191856564446,0
0.45859895680908813,0.6393266364503457,0.3782805328634569,0.12725739362439084,1
0.3992966606400527,0.7312066152094809,0.04615484954087592,0.09923449086524727,0
0.22284944372531318,0.17234495446905226,0.22529062495561947,0.3454488950205061,0
0.6050315407091308,0.8166954286652913,0.4902766047339205,0.248004224781545,1
0.32927744394583713,0.34970775250366404,0.3332555491149228,0.2722345147976414,0
0.24655197605491058,0.21590051409345812,0.32920415385240803,0.19920236426229565,0
0.3788639189453122,0.5174735744443472,0.017554032868323355,0.5743046093132078,0
0.5640180587259284,0.6269497220532024,0.8268175636119448,0.012489643078718693,1
0.6645878105486003,0.8284669448222964,0.8013799554319947,0.04970175753926841,1
0.6525879581074276,0.9368618622067487,0.49871964408372665,0.1727056688946766,0
0.1767307974920597,0.04373343666646506,0.4851884061931333,0.04653778650443583,0
0.1218299064710404,0.0433334334241132,0.04361609289598047,0.4353918094509483,0
0.31199725553030455,0.2502782189603224,0.5099965944448118,0.16929583858349928,0
0.4062596252882491,0.44115324182890964,0.5298505395206614,0.13363921258797928,0
0.5412269247463835,0.7421126158211108,0.5510358587454947,0.024299296060898545,1
0.7547714423551792,0.9636259257691794,0.5399707386404946,0.5548362893922062,1
0.4487967626330747,0.7007797905436883,0.2368400202646172,0.136774306409227,0
0.5549503706621232,0.6443283078794816,0.3123258207168863,0.6954423525365823,1
0.3413273708570298,0.21740363900073928,0.4714856401836397,0.4558992965078411,0
0.7687573828828609,0.9356695464937298,0.6686419506385921,0.5016501222220913,1
0.7610544544288906,0.9233005888257207,0.5424927213679657,0.6832817180282027,1
0.6383975113868227,0.752408490438593,0.4118731759167466,0.693156566962511,1
0.7361978624307306,0.868492565323437,0.6532624697937433,0.5298641941544456,1
0.5749306434100522,0.6154890404915985,0.871767908414887,0.02827875319893439,1
0.4756223590418591,0.4669618228200114,0.4319327215331051,0.5628081558596093,0
0.44803256461505947,0.5312284406149551,0.29092040510552003,0.4757111138796295,0
0.3169364944812065,0.07694992611004113,0.5976130744326394,0.49588804548197035,0
0.6635914945423299,0.8267751181277547,0.7959287168937281,0.0571266020516708,1
0.12326584371880495,0.13188146007968812,0.18259786793381352,0.01272876649408412,0
0.18659117939451564,0.2935971620758333,0.009163439476640356,0.1852178325680344,0
0.5331170411984525,0.6835558690935712,0.4716097731713499,0.24928087350130967,0
0.6150736644917024,0.6970696171820108,0.6947813786965928,0.2905222114585958,1
0.402264369230583,0.40561173491874913,0.5567969410774437,0.16209709723987673,0
0.3573676312279493,0.17355316533590184,0.5581111985930926,0.515788444910353,0
0.255311246777726,0.11848646450063338,0.40523170080518456,0.37249252142926964,0
0.14008719624886018,0.11013014864618453,0.06015821827600822,0.33487328221482726,0
0.5397333455919417,0.7839440654880623,0.3429990692308567,0.22430796039326822,0
0.17591772631581098,0.18307468892121445,0.08381927425573107,0.2961729978924222,0
0.23746312412309012,0.0119040400204951,0.5713839052088753,0.30047966275089993,0
0.5804298225286418,0.8022011277428268,0.48693488303637655,0.1662439687315777,1
0.41126766285197425,0.4001222341894639,0.520658483347124,0.2750450037655255,0
0.7358153114750846,0.956993734883864,0.40007832829428147,0.686474727724341,1
0.2750973683886424,0.2604895683214351,0.3252321995136423,0.23641462186916073,0
0.24693835536316805,0.15999036937403313,0.2444869429395119,0.4679854389714897,0
0.5002026645535648,0.6495374727773483,0.5047432827928222,0.12005471663521973,1
0.37696900049003873,0.3828029061511197,0.3226383914108618,0.4438801499561015,0
0.7273535783977533,0.9608598673636005,0.4601830712077041,0.544343616768209,1
0.49832865283710415,0.7479425798542861,0.29429428975361477,0.18034537991938338,0
0.5803454589853216,0.6811161810436636,0.6567517315816879,0.2138092449449172,1
0.24864097899345616,0.0365893307720996,0.4421831966978196,0.48845677299030243,0
0.3472235152539076,0.2229188264220232,0.4599910109724421,0.48883399375581676,0
0.3496130770750073,0.5063453891994848,0.002190404073984764,0.47891630626534737,1
0.32602788112359193,0.622896349084167,0.032893323476273426,0.02355854769313197,0
0.6704032052422543,0.978059315068309,0.4653065036729096,0.20890798303113442,1
0.7252641035135183,0.9367972844157852,0.6094381085752605,0.37017014366523776,1
0.748002781320349,0.840293567545057,0.7107308546272446,0.5731837057982357,1
0.4533779516039196,0.4994318694826328,0.4447199824441841,0.35123011064673954,0
0.43398016993649885,0.683909078220204,0.19715652406202847,0.1643933680389417,1
0.24992240619551725,0.16647708471710737,0.3108982910337217,0.36707188263423535,0
0.744622309588124,0.8639944976948457,0.7787604703073214,0.39498459824252363,1
0.511841334252326,0.6802249885286216,0.5253357854745049,0.07064052172831878,1
0.44819896010249943,0.6380810364462137,0.2694407629656436,0.2416310649484974,0
0.7750313732047821,0.9830773632061692,0.7291861044209669,0.323684301377037,1
0.24663477010347368,0.1166884365087058,0.34533921318146726,0.42344393947340286,1
0.46721711186129167,0.5516173639163243,0.42898017879538536,0.3135718813225697,0
0.5505969839753462,0.6289819894383487,0.4903491587368406,0.4450062081755984,1
0.2729917085361883,0.37846070944543747,0.05944293244422369,0.32964237040101235,0
0.6504514077033854,0.71642014098026,0.6769386046662782,0.4457987790668597,0
0.2829572561920699,0.0846826771112844,0.4924555961280782,0.46439619399002113,0
0.6847387946595518,0.9468689106426824,0.3895628605447418,0.47217740587393997,0
0.30777011908443785,0.5224262613177016,0.10437601840849253,0.07622091451519616,0
0.7437746240766799,0.8224873810896698,0.8923183433293915,0.3241771526651376,1
0.2753629263244784,0.0495512015580319,0.45647808350032004,0.5682195024768322,0
0.46092658247627005,0.6786194591662855,0.25375415639517135,0.22745302987287938,0
0.16494365836692002,0.1935914184836187,0.21623372437093122,0.016389159069156632,0
0.29710327756780375,0.4324648165069667,0.1620164209310179,0.16132971517507497,0
0.6654294734395477,0.7711255237451766,0.6324535473729542,0.4506532367753658,1
0.47390379771215685,0.6706376633593663,0.1416402727251729,0.48046442107460935,0
0.7354758392534184,0.9502953943852831,0.8354262623739401,0.04850131674297446,1
0.38498264522902637,0.6253654960092209,0.20987096243978054,0.04669304246240906,0
0.33680945762744124,0.40142011079094514,0.37276609889311696,0.12134786282016778,0
0.3368776260906534,0.13745543975495086,0.5313560475161756,0.5437154597916267,0
0.37174736839137285,0.5668177807577631,0.2594762747936458,0.052477977871987845,0
0.3473496665895813,0.5241740768696521,0.2320610555890835,0.07822155739015095,0
0.44731605501805405,0.5576834653008877,0.3738225598728357,0.2816377720287975,0
0.3864402447129259,0.44038090152702863,0.4259655682098237,0.19230061743232246,0
0.7610232646447193,0.8996696629262131,0.8758882997621262,0.2421097162648747,1
0.531132963960687,0.6935757943461363,0.40489136497482914,0.3143882864758505,1
0.5742353978507542,0.6009911723428092,0.8999862122506166,0.018719740020822814,1
0.6844390829435784,0.9986708846076614,0.41640002669576626,0.30091816315508896,1
0.8166956412399915,0.9422568486809614,0.7653620353359788,0.579793031493586,1
0.2977556285128592,0.2735068333200159,0.4401746761637518,0.1447490450186284,0
0.2957846288670211,0.18513457327657062,0.5915202296066672,0.12880636673367846,1
0.6017690714730841,0.6387011593444384,0.7512641596430163,0.28519621953980046,1
0.1886778025738366,0.12942689043492123,0.13711764799339213,0.4141453147917916,0
0.6132313083995768,0.9250031076200663,0.3082071865642067,0.2913379931014079,1
0.49851546621322823,0.7949686274677914,0.14672673724887547,0.2850656565233495,0
0.7136962700250629,0.9277803022178549,0.5244544279552416,0.46234895264781467,1
0.6224745617498251,0.6356168020300212,0.6687383647771565,0.5202232565083377,1
0.728960610661936,0.7744545690596422,0.7335172933999445,0.608390690560657,1
0.7406015945464803,0.9454728157687481,0.8305260249390027,0.09353689590202789,1
0.7746442914154632,0.8173982380319442,0.8759654516066393,0.5157776845874963,1
0.6984894994512341,0.987003892973684,0.5130360424770148,0.25538370110643815,1
0.5947599536983983,0.6674579527219914,0.657948273228175,0.3182324768447509,1
0.7638214237431585,0.8443834713666795,0.896079414168222,0.36402931904676106,1
0.22152351320736674,0.26907571542774866,0.26101482938157927,0.04340603339509308,0
0.5783335074340892,0.7268555571290861,0.6218918937349741,0.14169080374526982,1
0.3004967890778098,0.42320856685091024,0.25142897065753256,0.06731907227547451,0
0.2195868148991592,0.239553467556883,0.32690421672447556,0.008694080516875301,0
0.379481527475666,0.7359795199499659,0.021134543382351677,0.025757022429887422,0
0.46298153699984684,0.7655272426652975,0.04365960794280188,0.3356001664217878,0
0.7009661376181174,0.7408849974260496,0.7916397042805972,0.46515863810456765,1
0.6188518210022845,0.8867007000654437,0.5091758540157113,0.1137435738242464,1
0.5425889061208522,0.650197129098334,0.4169748527642146,0.46198942871210386,1
0.618265797001133,0.8088565788836007,0.30734739947449347,0.6081664385849231,1
0.4657542203477444,0.7987090630711571,0.16604175146525013,0.0829358168629539,0
0.8793629199657477,0.9865187549041675,0.8903367982657002,0.5950125151697695,1
0.7264309691374475,0.9875009285446396,0.5305248019226958,0.36761532144159476,1
0.3084715419607969,0.2899935030855722,0.3659466222804036,0.26845401866944874,0
0.39922653384327356,0.5305460097625251,0.09854485449088654,0.5219503630737251,0
0.5800091375505078,0.7838837857814368,0.5400149974706479,0.13031372709297503,1
0.6548796462015934,0.7866884014908136,0.6911774076198514,0.2709111158511563,1
0.46344712239097036,0.72918392368615,0.11869267963985265,0.3162367832796978,0
0.26173581156343984,0.044444935372523364,0.5395173135115375,0.3882907491185844,0
0.7838585855563136,0.8223509619503044,0.8773283133705636,0.5474230528499615,1
0.5302624108931465,0.8018180958815748,0.3818820987256134,0.07394366667337546,1
0.5855780561382107,0.6763540586288894,0.7127321193560714,0.1679069550847228,1
0.5438998174491727,0.8255449613885256,0.38164338710006473,0.08317160312445207,1
0.5432942576731152,0.894682275392888,0.311310947422772,0.012799178749198246,1
0.2711463309059986,0.29719918592763533,0.1477285599504962,0.39114084978516045,1
0.6452439907715734,0.8018123960771946,0.44177406091017934,0.5590278722996113,1
0.31418097609834494,0.48650077970557126,0.035381086542871705,0.30158130141348904,0
0.6079478648569652,0.8819353292172724,0.5308767809974244,0.03858582974550819,1
0.5975122399483285,0.7750145427086018,0.44533704658389617,0.38201927309429334,1
0.1728607231886617,0.12213299223630783,0.2310061662723134,0.2124618859440689,0
0.5804182355114271,0.8936585383043671,0.3961634881098549,0.07369959963143564,1
0.42460544933459343,0.4462472463068644,0.40384062924125214,0.4016481870439281,0
0.6220113146489521,0.8504637143361877,0.4317509396797996,0.3362708778845921,1
0.3737098213396842,0.6351747110923351,0.09528037207820007,0.13769177085028309,0
0.3713414051039827,0.5131177066114418,0.2938628734321049,0.13311844884315155,0
0.4373919708843383,0.5538648777461002,0.2693502579255097,0.39827227316817654,0
0.5978612399166274,0.7119303673579149,0.6955966066585515,0.16608537120052305,1
0.7185016902334952,0.9005963242285584,0.6947350688435969,0.29891503733068464,1
0.5524936634821828,0.7425269934627757,0.5305943035834252,0.1102593783788368,1
0.751843102554914,0.8071514302674314,0.7301559275614773,0.6461030457637755,1
0.22066687131399787,0.13644080609098524,0.18878860509946244,0.4790494336933327,0
0.1353611331140723,0.0822214086707212,0.004918956128138507,0.4638737097013508,0
0.38159136261787197,0.3094947403558952,0.41418900193412933,0.5129364592984277,0
0.5606147239477173,0.7199160377513618,0.4205780575809872,0.372416438988701,1
0.6244306246125911,0.9611570750521135,0.4438114205046729,0.05354330467566275,1
0.586207063756811,0.6042910579902705,0.601895310567012,0.517464707957861,1
0.7759657369571573,0.90477927142567,0.690078359578826,0.5827629668533721,1
0.7052671608527261,0.8523328961458969,0.7614371483040123,0.2533478414428698,0
0.3603206473708297,0.6336286563708757,0.060277856505153465,0.1271148111692288,0
0.4496890965472808,0.5028489367984641,0.4559335086418079,0.30742287777753197,0
0.664077513085388,0.884213108697071,0.5755062219636913,0.24659546073872574,1
0.664215688258937,0.9858075544556807,0.33453362156637273,0.35475912280592353,1
0.629374793367915,0.7047567217486352,0.5960285201326573,0.4909393822690008,0
0.7946041035172842,0.9997635701550686,0.5862763367491497,0.5941970870750247,1
0.8031056269354052,0.8591793928804841,0.8102587106918198,0.6521915864380862,1
0.38621966935654906,0.3707037925065527,0.4359309344216217,0.350442463883931,0
0.651059687879172,0.8023857674374629,0.41359698385357924,0.6289385450218336,1
0.6359929815501597,0.7804582976044618,0.5892664321526547,0.34491951551066224,1
0.22276690148652345,0.03776758055110099,0.3065755004348839,0.5595523054025389,0
0.16861134883427265,0.09612993779071895,0.06531935306481404,0.5047528700973447,0
0.40944077856121264,0.7038792289151231,0.013158051451997931,0.2677687433402585,0
0.7257576247754208,0.9435931442230855,0.7833516634172802,0.09477776819347035,1
0.32029321979462566,0.18385666634904485,0.5872075724429618,0.2610130744360734,0
0.5004914415422405,0.7229973790623878,0.43709613170593475,0.039319562496330306,0
0.8666802614406384,0.960036511257473,0.8834773107212233,0.608094062977674,1
0.7056231597977561,0.8556850639746005,0.8954299056563635,0.045758280567734476,1
0.5231940927019685,0.6047943252175672,0.33599677160038743,0.5999894930653434,0
0.6911899778029527,0.718143610137636,0.7539095205872046,0.5297265827898666,0
0.07028568391025222,0.04522919974906499,0.11140578361644722,0.07124674475392785,0
0.6475110848727667,0.9210882421153462,0.40963660892286546,0.32037990569116953,1
0.7317999977780378,0.9673767582062217,0.7479605784330731,0.11861722572502496,1
0.3985505281721111,0.40834106824384425,0.2940330341936841,0.5308504189604188,0
0.20455965711732885,0.1333281036535503,0.12534643420690897,0.501458375142405,0
0.4221819091930152,0.6045085781462127,0.16796116881050732,0.34769634738378313,0
0.6059973794322034,0.7320097372994664,0.6304726537984413,0.2542535732146892,1
0.5030901200102951,0.7543404963397151,0.10742682440056894,0.4684591226013338,0
0.3464407385513351,0.4070900910615203,0.11079666855005314,0.5482834622777951,0
0.36959714033965696,0.6100967570328533,0.1367753801052636,0.11758073895825616,0
0.310423637114517,0.15941489285215493,0.40037295703861425,0.5530215178842762,0
0.6653094934774116,0.9074510357837516,0.5185168257035163,0.2801446393724042,1
0.6292058794477113,0.8294562675182836,0.5418292696021627,0.2596448240396036,1
0.6790307943865262,0.7345524352226827,0.5863322465726157,0.6792745140170007,1
0.6155868165026278,0.9223090793369205,0.4168090181171705,0.1469478569950821,1
0.1652571444332405,0.25065814344029713,0.029031451298320587,0.15609318661797875,0
0.48031559425973314,0.6836230634408966,0.3540330226692958,0.16147077869248047,1
0.5688797112070003,0.7289278872573688,0.3052288183960402,0.5642356102975192,1
0.6010880322472048,0.7003411566620489,0.7222906452122141,0.1711513017625807,1
0.2677778741479815,0.4196022481091801,0.13788847774181215,0.08305103385423893,0
0.6167085167552905,0.6850698827040123,0.5536250486660298,0.5404303040173769,1
0.587342213475983,0.8227329665483123,0.33762275244190554,0.3734445223462761,1
0.41816311933024625,0.36199923755637803,0.5277092247635553,0.39425366561495345,0
0.4276871006515193,0.6536378439491061,0.3242993711600206,0.01789183664480055,0
0.42340811145649493,0.6299553733909541,0.08069651719903967,0.4211073480065301,0
0.37388141760362026,0.34413969699063185,0.3749305366837257,0.4466620405159329,0
0.7490137363801562,0.8407099023470834,0.6581024007302678,0.6561403249376705,1
0.06457703681446557,0.0336080330434938,0.09611037421613529,0.09469954013939037,0
0.7133257745761121,0.9182100804363066,0.5038886016259758,0.5152707693508308,1
0.246953946373756,0.18705541940886228,0.1516446008666105,0.5396642820467086,0
0.6107691761564421,0.6825091613621384,0.66653386643625,0.3477721777224895,1
0.5845725417182596,0.8033410953787768,0.44128510224105283,0.25258231678277626,1
0.6526834167424623,0.7826982393415995,0.4630174483636022,0.6121453128129095,1
0.18450516817593562,0.03939319466593334,0.5330187414058579,0.024514742106057863,0
0.48649159986167156,0.7650286277094721,0.3124720946855049,0.051178288006420034,1
0.6432522520890426,0.8224761187191157,0.426099097495387,0.5209223174043431,1
0.4065143070470704,0.3819427363358925,0.546811513038623,0.2574974248376863,0
0.6577604683047316,0.961589316351216,0.369162460683447,0.33108535962044705,1
0.5249931051152458,0.6601816046229896,0.6022538026602828,0.07113081002833115,1
0.4122125249843999,0.6211194966932267,0.22633544088434365,0.1687607218624173,0
0.16219588981485886,0.10040295922429357,0.08760418489170592,0.42856577367600146,0
0.78159946517678,0.8028760477263716,0.8353837369391159,0.6477316011592975,1
0.634196276644647,0.7317049838391079,0.6328952402259411,0.3923760632865534,1
0.2609140888501912,0.25470657410826336,0.15638707225799134,0.43322340059331044,0
0.6957703301182421,0.9205927243437662,0.5275595703517637,0.38603048420414965,1
0.4675584086940477,0.7564314891324284,0.2795951949406363,0.02732052822821296,0
0.7015748525905792,0.879968868055059,0.5956247083003429,0.41451503036473347,1
0.22119052506311052,0.1850212432383608,0.4106961374085182,0.027355311106873347,0
0.7499045415004157,0.853590044672434,0.6339956404124694,0.6645541352022899,1
0.4431375746984568,0.5979579976729305,0.36712135150282244,0.17011085205572415,0
0.13690091659719575,0.2306122828039297,0.01895862071937986,0.07953594489708471,0
0.6138292246100434,0.7301370922066708,0.8127161208253177,0.02472921129556338,1
0.5701353804288627,0.8669959692587031,0.39044649976565615,0.09751722934907135,1
0.5001731395688093,0.6334248128593912,0.5873282993609661,0.0363112166541193,1
0.7623292278898034,0.9546231654665114,0.8877974709933381,0.09339201929273129,1
0.7081766716608761,0.8725317890758764,0.6801622715651165,0.33931047826701494,1
0.5737813054571298,0.7175841883698284,0.467986612293686,0.37296613792054906,0
0.26033758268174667,0.16250108197152777,0.2458079356482631,0.5267233050075193,0
0.34276119453213943,0.47844414029122817,0.1226470375592527,0.33372506559374765,0
0.11916954259109172,0.16465893870771176,0.004445641161274616,0.1775319044442673,0
0.3513271437660731,0.15879889000179281,0.5689626700476916,0.5061944887543464,0
0.724995008757113,0.8610746939477021,0.85001704685121,0.19726273863949487,1
0.28316161200233214,0.3210706748008015,0.043566412092574565,0.5477817548707951,0
0.5662937194672566,0.7638009347457555,0.5765141257758615,0.05719507180810193,1
0.3466509647875385,0.2761808270825041,0.5668148807985591,0.19258043503359365,0
0.5884280137656103,0.655918799251063,0.5370692179238292,0.49673924381465007,1
0.6336308176519206,0.712462250619173,0.5677102951514431,0.5354330189845061,0
0.4127000923316642,0.386577489974145,0.5785852535224425,0.22917885643929486,0
0.704526337862807,0.893890052312232,0.6257245728571887,0.34931969924767187,1
0.6638022943174695,0.8460542359953686,0.5244276368055045,0.4172344263906693,1
0.3225500084874847,0.4998620506746287,0.04514060451782249,0.29538400897411815,0
0.5795998540479432,0.7447250442213562,0.6546465701723013,0.0542168044278734,1
0.4934108452388015,0.7240696266449689,0.27486024471087517,0.2445897925152725,1
0.5600160036181399,0.8146272054308357,0.39524914811685796,0.17063828233832357,1
0.6972487766452806,0.9931948686143628,0.36793036980423094,0.4513611569841497,1
0.23444472139543618,0.3159947671337242,0.10370847363032185,0.22667397869738762,0
0.6729620727513723,0.7276529954398664,0.7082586366554737,0.48328992017398514,1
0.5532216883705826,0.7947850040857671,0.4939310513484259,0.038249354615856254,0
0.7316214510735395,0.7124935135356033,0.8446175421230535,0.6099471583441092,1
0.6193699649406856,0.739544260818559,0.44490507134828583,0.5806315656346022,1
0.45966569681995173,0.6015033988952649,0.46392203295803236,0.09868693742454782,0
0.6775734651963979,0.8616409637929427,0.48218708072288,0.5104842954153127,1
0.45431594727410324,0.4703084119248218,0.4575104219981293,0.4095430735612678,0
0.5705342373560881,0.68609749927166,0.699548820361496,0.08810420805904635,1
0.6841183869973304,0.6548845031162449,0.8369507294313125,0.5279545830490704,1
0.17997633187877404,0.05968344652614857,0.2553620093390184,0.3676300290699711,0
0.6956000475273216,0.8446174423908278,0.5936155179740328,0.47603335469848934,0
0.048181621249613865,0.027174673701324537,0.059155959658739383,0.08423748250664893,0
0.7521346839902637,0.8002643362645079,0.8656587556126885,0.4615244458710162,1
0.299444044011393,0.27422631114493,0.481311570645592,0.0896870862262523,0
0.704886145366529,0.7230140289683145,0.7378913526382824,0.6100586254544352,1
0.5335435225954556,0.5085463408794277,0.59730434859418,0.5003952378874386,0
0.3656978187046925,0.3404018240433563,0.4333173357114763,0.3275085298478573,0
0.3929152343966475,0.6332374085985215,0.12210855182010973,0.19831982275676924,0
0.330146544839813,0.2352120035891571,0.4050790236550834,0.4550841797435471,0
0.24658604732686878,0.25573065224889213,0.31192503173350855,0.12571605841185074,0
0.3877131279184405,0.5310933232582837,0.18030516642075525,0.34037458181536034,0
0.7273879305469942,0.8730326392836881,0.6935492771843283,0.41403413874925843,1
0.5620535838384018,0.6365333818624886,0.46904920838328396,0.5153606519608608,1
0.653283641397113,0.9911667916295361,0.36556269961965326,0.24015717848224505,1
0.6477379010740665,0.8188064912825335,0.6054146809529084,0.2835512557346365,1
0.6513917388671298,0.7420817294384031,0.5892359389676325,0.5179004622881922,0
0.7323011798314438,0.9018281181758525,0.6562312242039184,0.4225887674117104,1
0.26832564525789837,0.4374223091352367,0.13006294188107947,0.052978040629780954,0
0.7724544860223928,0.9005248578412571,0.8092396343950006,0.39710083391632,1
0.5686672815500292,0.7322942968219467,0.5490723663672457,0.18899211614441086,1
0.32812596760971013,0.37170875995538505,0.1334773924395192,0.5111418495008091,0
0.6142853013364122,0.7687064250858245,0.31555573685456645,0.6763268386856502,1
0.6698795515128448,0.9845042066993519,0.35557668524518415,0.35477221294806793,1
0.8059551419629878,0.903994004598461,0.7909524147923188,0.5833620761303083,1
0.5482408553582562,0.7466750245029711,0.5334283192962981,0.07437423658940621,1
0.5571377012157276,0.6999849258063159,0.5331360170760427,0.23602216594878422,0
0.3030711815158609,0.1806148081151253,0.423289703883372,0.42888433146643296,0
0.3140802429072063,0.31088507205941984,0.3991847261227184,0.19441144520340425,0
0.2057485722545573,0.04926235459187165,0.3266414961090049,0.4156247306296001,0
0.37509899400448,0.5969134239272441,0.039660019451917106,0.32372138102641396,0
0.7671123943109912,0.8359940888972054,0.7869424176173059,0.565163122885984,1
0.7084742322402322,0.9675292774122731,0.5630442543180894,0.27898158619334446,1
0.6560064053302125,0.6557589532483955,0.875011687890251,0.3281171116946973,1
0.05276453666809008,0.005377774135217362,0.11753342374800507,0.07407811238039934,0
0.6054850915375234,0.987783433490235,0.32808296508928225,0.06584242632810577,1
0.5074266289770066,0.6048563603688174,0.6751288737903994,0.012298933277390622,1
0.5945507339472673,0.7922684172001021,0.38224028099596297,0.418722205242137,0
0.6428664162656101,0.6533983340367405,0.8750548822478805,0.26825392286437855,1
0.349946989136215,0.5754049756131949,0.04295112861190999,0.24679581373022283,0
0.7374967568237308,0.8639982875204605,0.6810047495164839,0.5059809410427767,1
0.7319941463999591,0.8945416388588089,0.7468147016256876,0.3033945824142414,0
0.61449973282806,0.696993141211333,0.518465017345185,0.55231828509419,1
0.5601308148845259,0.6685165216371155,0.34100873423737643,0.6178496689737758,1
0.40453297439816754,0.6784268040237853,0.08129608610819984,0.20465373276907467,0
0.5857908839207941,0.6018475195373311,0.6829240431476176,0.399949556039217,1
0.23774141671209287,0.36070411263575325,0.0030196972872671203,0.2824172560401806,0
0.8472583457425227,0.9425984003606367,0.7897450270489637,0.6951781872375759,1
0.13889725882841594,0.0874610314486926,0.12195200774382176,0.2929057039046155,0
0.19163011227728802,0.1623290748089371,0.11151694639475285,0.38505245477196803,0
0.6733700979603503,0.7784126876919565,0.7861259134196075,0.2416299004424491,1
0.5165425538584644,0.6974669816222854,0.44557522111537373,0.1706824835635481,1
0.5695434489586635,0.6886951950548396,0.633582594624105,0.17560536522006134,1
0.3344362860132498,0.14091813182436894,0.5955200773024996,0.42660598455157733,0
0.3624487897744038,0.3703342451729224,0.48252612511438636,0.16261914826813356,0
0.10826464755277437,0.07255635973681898,0.17402782331123204,0.09889060345497636,0
0.6347045270168595,0.76244297323618,0.5250774332826662,0.47979905206984796,0
0.3194706980111573,0.12855231033387798,0.5570942668400547,0.4403313139610095,0
0.7523599844916622,0.911260569017605,0.7983808961897143,0.2860771556297271,1
0.6391487106633615,0.9043355361284828,0.33738106217022734,0.42883311974025967,1
0.6103662044105288,0.6161596915368652,0.7674622432406202,0.3602384283495509,1
0.45449691560762057,0.6115998012817877,0.4542120093890747,0.06216706075002164,1
0.07582160615155595,0.060044664310416176,0.13627332315138938,0.02458638525465524,0
0.5986876172323712,0.6063212956653184,0.7195874254164658,0.39825370887386136,1
0.7114235534766659,0.9811900646240413,0.6415040560432659,0.14188652175832694,1
0.17692093703032127,0.046532063561447505,0.43460789689227336,0.11636268090957758,0
0.7167131383533112,0.7805195673373221,0.7839199485877231,0.456386850541666,0
0.19648557855274773,0.14414749745363836,0.18029466109720152,0.3516171574838404,0
0.6321827351997331,0.7576336357661033,0.38147149537595626,0.6946223435194732,1
0.5354773646973077,0.6118774499166565,0.5662697806922059,0.2982885276565882,0
0.13312856950672922,0.1177136977792145,0.11750061287804682,0.1951076837685396,0
0.45212347864624414,0.5644207076275242,0.23696660094482494,0.49411572274517274,0
0.7022685011802878,0.8620455565699059,0.7409658591543248,0.2447798257451872,0
0.5641645752773319,0.8080920268183975,0.46495901518222904,0.103154286567322,1
0.7344079953212792,0.8995283118668219,0.8375421107855305,0.16690603076104513,1
0.6394174028904069,0.7802305854403526,0.4997200503698045,0.49693047529644624,1
0.5669436612205488,0.7617105825321796,0.5811853538048375,0.0586638190650393,1
0.4080106643799733,0.4860426873213515,0.45593013695747336,0.1410513981602776,1
0.7675516151974044,0.8478277025241248,0.7824202670304929,0.5445584191309711,1
0.5508413725073097,0.7320630180915708,0.5414581230246138,0.11186213277070071,0
0.40226978065380836,0.6744229750029874,0.1885457868148647,0.04247278553927609,0
0.36310183275950936,0.24171554049900898,0.44685079143830775,0.5409441253925629,0
0.4484129563888999,0.7069438026275514,0.006934065644972787,0.46430417690816184,0
0.23480033927268773,0.12299477642433497,0.2257789411590727,0.5278463435639922,0
0.4990717860488428,0.7007876201620724,0.35311322870275635,0.2137200367848983,0
0.6852749291429012,0.7533279291109639,0.8377710604656898,0.2863982322385616,1
0.42249996236018206,0.5355793948027815,0.2572877838699756,0.38761964898899315,0
0.12113231648116335,0.07862208934220344,0.24171166334043587,0.04653886403965435,0
0.41041262402646195,0.7147073632775314,0.08522607516715915,0.13745559918774256,0
0.3474531569263965,0.5243370313502214,0.2575545724327911,0.040091347607242575,0
0.4092701150835013,0.4523323852950991,0.48255574892651987,0.19168598878997906,0
0.6124738752157636,0.6203522938180058,0.8318402515156629,0.26372826426030915,1
0.09225629758628354,0.06331958842818323,0.03560644301557601,0.2495728523375956,0
0.6623042701912806,0.7826189291976209,0.8031822808731872,0.1502006066525701,1
0.7985887147353725,0.8998059910153082,0.8771743114710255,0.4276671289320538,1
0.6142010053450241,0.6325769924963272,0.7447155154375267,0.37248927232801243,1
0.1985125901672977,0.29027059280130274,0.17018106259224378,0.011614874944865905,0
0.5051578666441302,0.719539766062121,0.22147810413231966,0.39472276186686917,0
0.3339546327274908,0.4134411202015771,0.2602070921545607,0.24585972490167038,0
0.7000654310838216,0.864819841852625,0.8866487205859777,0.008304469908579248,0
0.5949952209663618,0.6323141455751241,0.8459862639102711,0.1252113450285917,1
0.5941160185726985,0.7957261417700725,0.5857435680104077,0.10264938642269979,0
0.4789746768631123,0.7518573798443138,0.025924608249859513,0.47634302232998776,0
0.1376096719743416,0.05121088304427888,0.15585529447127508,0.32623821055409813,0
0.6463663400820248,0.9129135694014238,0.623090765711424,0.014911628339428362,1
0.7018462888456722,0.739160310302637,0.8589935171358225,0.3728403927680351,1
0.6316132161687645,0.6735168279424433,0.6605347359050313,0.4834719071301674,1
0.7521158406652825,0.791689045155591,0.8447097011775151,0.514292038671162,1
0.4184072187892401,0.5751116643587579,0.04729684518433967,0.5833116652727959,0
0.7604921246698702,0.8063595584977685,0.8756400511628848,0.473101650360602,1
0.6884382631496928,0.9001063951792933,0.3290967493631799,0.6982802037554607,1
0.36135867791854315,0.4452866060693128,0.4012677633386196,0.09167522941150459,0
0.8196305378571637,0.9744707726560784,0.8663685657148337,0.36242290907337177,1
0.5970720771942292,0.9999061347657375,0.31939731950689965,0.006499069796452228,1
0.6710292548457887,0.9015082718575823,0.5257684466091188,0.3127229246713093,1
0.6705778928798948,0.7880729092812064,0.7159062716754065,0.30884778368334787,1
0.3267718164346072,0.23043307631161314,0.41651987529327805,0.43299657845408585,0
0.4479434782091569,0.5168158155954216,0.34617421954937155,0.42841652273317343,0
0.5285662124142303,0.632019713458474,0.4513504713130102,0.38575607145545127,1
0.5250944159933922,0.655940519426486,0.48555597810286505,0.2572868142464484,0
0.6407309709494641,0.792243659397115,0.384755685543656,0.6459121779390486,1
0.5342720752372023,0.6322179786852452,0.5416770554666379,0.27829984627294213,1
0.5978200416897469,0.8454065938919328,0.5183080686152899,0.09812162079596705,1
0.7033325757011744,0.7023860362270411,0.8974018803752373,0.4145949673754134,1
0.3493415789166152,0.25843963387457175,0.34301595812566016,0.5860848727081566,0
0.7031459993972308,0.8410227062102809,0.541944792206821,0.6002560431502201,1
0.6263826235644141,0.9061506089577309,0.31181661215918055,0.398811677188972,1
0.3827574737829511,0.48425457942360994,0.09896653413842656,0.5547011191480907,0
0.5614977782261307,0.7611518434030519,0.30566143657659034,0.44611712775813805,1
0.2806935956117834,0.26465039284242675,0.29718882443401456,0.2960587593018284,0
0.7035046232504221,0.7633292090531956,0.7711236815659146,0.4525145712702496,1
0.35261065555319665,0.36810738832128564,0.26122302928533636,0.45095026303476465,0
0.4236241115346887,0.32651347147695464,0.5252042792260755,0.5140304601419436,0
0.46210092423640603,0.7459127849461971,0.27124674729362386,0.03885253787610179,0
0.4229968544545873,0.4460999963049525,0.4855146313314161,0.27146233451343116,0
0.08219040951328631,0.00882609715227991,0.0062030788119712185,0.3795821864677749,0
0.5271131081428508,0.6692409784239663,0.5359491747569234,0.15853933251895336,0
0.4034220652091981,0.5429391390052658,0.13634069465360987,0.45525143655241135,0
0.6876905206769177,0.776020043293421,0.8307089924200048,0.2523390065210289,1
0.6390965823185193,0.8141739159320013,0.3353492036014821,0.6570243163603697,0
0.5530019552136778,0.7013563853259778,0.42034527669694016,0.38110089770803457,0
0.31039215898099026,0.10328610546796312,0.49597880934065197,0.5497773172240654,0
0.2677410051906869,0.2607653438361374,0.4113696142699214,0.06973724495820867,0
0.49241559996368184,0.6395698020419289,0.4612290892083979,0.17130986090099032,1
0.7412314155935774,0.9056304213685162,0.7238938311604131,0.3562402778059772,1
0.07725900788650417,0.028084339383672142,0.16864643756857942,0.06311453462047135,0
0.7173621401254335,0.9394241955094498,0.4209310183046353,0.6068536843965906,1
0.6793091293568183,0.8087673883077013,0.5692389116497556,0.5207688085402054,1
0.47891250656268086,0.5343884512776095,0.47209530237315056,0.3504484510596547,0
0.6235621011040327,0.7812767740196265,0.5874810554777474,0.2833969872544764,1
0.2885315322258025,0.5313446498086569,0.06500177760817376,0.016793370195109802,0
0.18214341798799152,0.09901456065534689,0.27573676328570296,0.24957554337303595,0
0.22522388550802963,0.07448531370249985,0.4205318768627768,0.30910832798973337,0
0.8551322183993215,0.9968168022112219,0.8859479940740005,0.45469709535755226,1
0.45956337686259385,0.7491298258092413,0.19113154793304274,0.1382949978903019,0
0.3584921132640452,0.5032808010206294,0.13763089758795885,0.327812217386714,0
0.4858160791493347,0.6771960493567116,0.09631147088064067,0.5916230660339337,0
0.5732769807086603,0.7367707754182642,0.6475525175367274,0.05312918869255002,1
0.6573143649378235,0.8025893241993517,0.46607564638478743,0.5809850446135566,1
0.1988831120141755,0.09436917313610538,0.2120510205834242,0.44041609635547774,0
0.5843876163122964,0.6487330018514125,0.5692838302633305,0.446179831537955,1
0.29271937198258713,0.4024445065596218,0.22569520486009975,0.11894278622373161,0
0.7072716080341555,0.7725308080585799,0.6702771466107876,0.599615300108146,1
0.7067212602567798,0.9117079774299203,0.5284517848167772,0.46165868048393305,1
0.705705109615875,0.8900733283403475,0.8055895444023211,0.09495791062502498,1
0.5002183369201549,0.6645087116134407,0.34394759170053085,0.32389851801637676,1
0.6726261876311961,0.6242113803306144,0.8455807893841625,0.534231303253201,1
0.34479168432779145,0.6063965170883165,0.09763439792774282,0.06151553202655186,0
0.8046428282785711,0.9436713914787589,0.7201538393233955,0.5838049037108652,1
0.7158093205934888,0.8044575053719772,0.5852930026769072,0.6899633355221401,1
0.648591365416144,0.8016714417563255,0.4046350306938291,0.6318256766491623,0
0.8273861974820962,0.9984063020410108,0.7592810306580032,0.5019936863209494,1
0.3149159302896482,0.07574830833064886,0.5821839584120191,0.5119329430035902,0
0.5959540434110235,0.6614102088218455,0.43039908129500876,0.6806460730579911,1
0.5235004676724799,0.6785738662858293,0.405002977373903,0.31356320658697223,1
0.43393677680557263,0.38323659103569857,0.5180293416426186,0.43454839397468875,0
0.3631764323845143,0.26664539749305016,0.48686315796055646,0.4189739312491115,0
0.7232963142567356,0.9264224067011324,0.686077340492166,0.27130954379259753,1
0.7757963568294656,0.9021320691178978,0.7354250374426461,0.5205140551886146,1
0.52649024271853,0.6902208395931693,0.37268568406176883,0.3478705885170737,0
0.3648186396818045,0.656468154168155,0.09602612810533652,0.03888362083063044,0
0.565903407079222,0.7023655883135915,0.5631209244333366,0.2289216779621268,1
0.4944687397177743,0.7393328715342671,0.41396267458865316,0.003067507870224184,0
0.6368487449883626,0.786302976142902,0.6805099292371102,0.1977213907288929,1
0.5370913673382519,0.5722092248574171,0.5322562943330077,0.45654933304820505,0
0.39299667653386827,0.24684360980460662,0.5558950156308626,0.5140318347115308,0
0.8090152005103168,0.9972395450870544,0.6963952890702791,0.5073842062285295,1
0.4480791999178388,0.6782955268239426,0.1658476749252951,0.29588567014139505,0
0.4015968457294147,0.6932832834240567,0.17151436972980663,0.01750446549222193,0
0.44882769787816534,0.5991430560720357,0.31014358486316684,0.2810654719159872,0
0.40301503146855583,0.5847755289313777,0.037239043575644115,0.4972777696508687,0
0.4115055701267659,0.2656915529325028,0.542508993832467,0.579535477553872,0
0.18255248117987966,0.18248742701435053,0.08982718655672388,0.3218030585284361,0
0.22335335687167382,0.09828530072902329,0.43164642036469286,0.22358390198877157,0
0.19758026321413072,0.08962064058102658,0.13489302475844697,0.5615101774804167,1
0.6520695884277098,0.8893725473509146,0.32240085170649496,0.5533152962015199,1
0.805506973386835,0.8475665524694104,0.8213097546132095,0.6766538538408348,0
0.5470091746561954,0.6482621349774745,0.7346160569056808,0.012466450478769408,1
0.2707588987544566,0.31332677447152435,0.3538487570367915,0.03970442203828484,0
0.6064384297034594,0.8457127401886313,0.5205050070319889,0.1371527874977359,1
0.6100126689048841,0.7038969008346547,0.5129472228049172,0.5209002582304075,1
0.7937393276479778,0.8403219556508277,0.8590286880295479,0.5793487170684982,0
0.5143761489064488,0.7470292477382016,0.34978317698725636,0.17963285970585552,0
0.6028020815734928,0.7691745635867497,0.41876044491098463,0.4629333315341129,0
0.3072867700075839,0.21568771584698682,0.5599373126770645,0.15730859140485587,0
0.16687782512703764,0.06199215002048933,0.09908566663995981,0.5307802506240251,0
0.16586129942933991,0.0859913474156227,0.07621245739350481,0.5000094425173855,1
0.3930499790810627,0.36339892849757205,0.4218857114334887,0.42392400701115013,0
0.350944238201172,0.43557306521975026,0.339399390596319,0.15668944206200577,0
0.7343843114450823,0.9350469171421949,0.5297633912482673,0.5396591774975232,1
0.2020298125684134,0.05541216697334459,0.21313406419271147,0.5519175491196383,0
0.7152864210784056,0.9109372510116714,0.4292143004876427,0.6552675271313848,1
0.8095222117443945,0.9456547316770899,0.7485035326583718,0.5607189305416901,1
0.390503915858212,0.40745326752838845,0.37337316518751,0.37382666268882364,0
0.47811312107768605,0.587461544143583,0.4732985814024504,0.2119638729257973,1
0.19258087447766278,0.061875201804623185,0.45836263691825263,0.12067241249937703,0
0.705298750196796,0.8538516469673052,0.7970981689607494,0.1962173801245932,1
0.613858265631395,0.7137588538293635,0.6946537941503822,0.24291350235799278,1
0.5624372075592178,0.5888879176064483,0.5048636829987486,0.5826707192818452,0
0.5343755291678451,0.726544582934686,0.3165285727748737,0.38072332934020037,1
0.24030306683444708,0.13482888970042925,0.3245087300699816,0.3776800148161899,1
0.657864667700377,0.8633923073573168,0.3590035601234338,0.5923372299234423,1
0.7087289359552126,0.8282036611782365,0.7394372599529911,0.3639796369009849,1
0.5768710163788254,0.6530168323805654,0.5109356321828002,0.4854095526685133,1
0.7901321025701864,0.9628345307638034,0.6148770902000509,0.6212585506413469,1
0.5857294570613019,0.6217527896667271,0.6569966233559522,0.38877037610576287,1
0.619767838097058,0.6197016479710376,0.8458761270023969,0.2807708800541014,1
0.5817523210221878,0.7877307736761605,0.3422937032141515,0.4259941160993103,1
0.5169414019930957,0.7484547376256069,0.37903158897530015,0.14502278243851074,0
0.2991814837286496,0.26664994057291963,0.3280295992906037,0.33723816827504316,0
0.3054133613065764,0.24154801691318167,0.3190151147272233,0.44467409215909304,0
0.3307180415866955,0.27212256738860763,0.34137820317030637,0.46121648470649884,0
0.6419495253832341,0.7752953428350294,0.733696957225264,0.17096383399070095,1
0.607914818336562,0.6614126185348189,0.8196352291103017,0.15658970168031053,1
0.6939786951700331,0.7566027366737725,0.6875936761218068,0.5469961199830241,1
0.47891994440876967,0.5901869604257292,0.4776403496540305,0.20267179649847983,0
0.643232631811604,0.7609483532688736,0.6082191710819561,0.4014635192629017,1
0.20582737217659686,0.29992689558586677,0.09421398522529158,0.13799864408038,0
0.6741400215101012,0.7894791215445318,0.583822141887591,0.52126909085779,0
0.3427047431487095,0.6541691568516913,0.01297514234603776,0.05863811009526256,0
0.2653411449109737,0.26163580892384,0.3881721680126198,0.09035795022633904,0
0.4715665119518653,0.6017223102670715,0.5642714071297601,0.007119673397007564,1
0.4496861030859234,0.698806663448543,0.15227250979258497,0.27300509211938173,0
0.4677833507594305,0.7992983969375936,0.05503097666050067,0.25812429646241747,0
0.3783137038755127,0.4006052748734479,0.3186607987246897,0.41206413410690923,0
0.5279571593905669,0.6939360653036925,0.5791484013802974,0.036223031623156994,1
0.7143147554402788,0.7680651418098554,0.8935411494106453,0.31109919856078755,1
0.5574451822011597,0.8704075840357512,0.3268616939930492,0.1209144099268467,1
0.5554826895848042,0.6985408967132907,0.44614113348333406,0.3618495059157935,1
0.5358163603245885,0.6900710664422182,0.3768973623874263,0.38855809193625757,1
0.3102184413151768,0.25788139794836956,0.4118573081572873,0.28860274946902903,0
0.33444960442039046,0.39178576320692393,0.2500736360766333,0.3176731599696924,0
0.6114155753533506,0.7289969388674661,0.5666196975829394,0.38465598322367817,1
0.4219250586794921,0.533237185063549,0.24016369894379758,0.4162867823228917,0
0.4536535888867751,0.7438339247394281,0.1799497778667074,0.13875846578524412,0
0.3655259843129628,0.25685017747675903,0.5249694232551207,0.39805034299023534,0
0.329508667828915,0.41823507497541135,0.32091842732490306,0.12057801071869223,0
0.18404203745692396,0.1879684278757889,0.0910877728155084,0.31365745837188497,0
0.6883442145983515,0.8253264966791849,0.5692023720929305,0.5246012731543996,1
0.12468585189095349,0.10329894377615077,0.2238236466621679,0.029446430021138757,0
0.5905269611456136,0.7704976812720227,0.46416391107929045,0.3301447359290759,1
0.46994715949674404,0.5720745529483946,0.49027883892969343,0.18413115671819352,0
0.7382706068129785,0.8710483054399176,0.7440877252176024,0.39760068263869547,0
0.5624920419584684,0.7013230402822574,0.3680589068195997,0.5070642488572985,1
0.22567932672911672,0.19594504988063646,0.3170915429454278,0.16289669452585084,0
0.6204612842562589,0.7735116109290372,0.47025485748356033,0.46314510773336065,1
0.7764647159533997,0.9569950758749305,0.8516839851060549,0.2123099124205901,1
0.5548534141409681,0.7496736173628731,0.4174629613258348,0.2738885853089055,1
0.6261134131382274,0.8248036698851471,0.5719716449808918,0.21060042350693195,1
0.6185499678905032,0.8680372696594282,0.5778092098417977,0.05594285054124919,1
0.7602949479143238,0.9918282722346371,0.5669014555691172,0.4715518756313506,1
0.7010306076081516,0.6983924072762481,0.8097511541785811,0.5445452885822665,1
0.8020069000360888,0.9316884564812477,0.7458908660430315,0.5619770599127775,1
0.3092623257634234,0.27357751447642187,0.4850195517722523,0.13483851496768381,0
0.7136286971390656,0.7985154971316943,0.5932442996018623,0.6819882934632988,1
0.3530098941004988,0.4862450121481112,0.2646308279729817,0.15249069817274347,0
0.6526903441508108,0.9634322762830428,0.47702408429792287,0.1393349035995627,1
0.41268724050810535,0.5895071247856348,0.013813500943404056,0.5689481391613335,0
0.1461160077389733,0.022610160941096514,0.08633775262208705,0.5445480074089946,0
0.7713456233090663,0.918010962918462,0.7448168237699195,0.44447547359429734,1
0.6727334481110868,0.8991158892586659,0.42901301303862993,0.4723579978508248,1
0.8043532891300519,0.8832737947036469,0.8571168815113435,0.5279066366241273,1
0.6128481255863825,0.7551366780654599,0.6923838880301589,0.13782310072302417,0
0.24697735292648848,0.23307756394122095,0.08984431434724889,0.5174263832585166,0
0.055688761535145556,0.05849546945581557,0.0100737271758643,0.11709454327239238,0
0.6461171261222334,0.9570824314842361,0.47892947362226734,0.11948534146717571,1
0.559913805898583,0.6387240597219885,0.38720262673628536,0.6219549400835157,1
0.43271558878867333,0.6092760074223219,0.2599775803000323,0.2504215549375134,0
0.8048707033432118,0.9784108251269321,0.7596200439602478,0.43889638795835695,1
0.1993471547617205,0.16695629379966298,0.14641064138512852,0.3597290772317522,0
0.5557354458068904,0.644608537588582,0.4567860692738178,0.4819767811522699,1
0.6175171902506719,0.9217167463506749,0.4181226051386203,0.1561101776687417,1
0.2812034881439147,0.16200480246913795,0.3635522818745964,0.45567701173483416,0
0.5239278804959289,0.6807916150755127,0.32793669103727174,0.42575532823495493,1
0.5734878772921689,0.7273067877400328,0.3143201735448927,0.5776921567934235,0
0.6033489946979071,0.8711771207455761,0.46567792059159807,0.1402852907381987,1
0.2874341920007385,0.33927891363530166,0.34015054828973584,0.07874785348083457,0
0.25720951980219436,0.17555451895463323,0.5018828000349044,0.09433710157203243,0
0.23921377776664018,0.13479196492703008,0.5239421113407784,0.0731758095044581,0
0.5598459300597812,0.6324616001695597,0.6973612822987718,0.1720337264268495,0
0.422753977051176,0.5675314035536773,0.3087556767713371,0.2318078612146812,0
0.1745884907977771,0.0679805195858905,0.19604918858585718,0.4089173721453735,0
0.24643191816860432,0.028959750140349707,0.4493359624343897,0.48575627184056286,0
0.38598187607633677,0.46138563861484033,0.37595460420659654,0.21251337753468824,0
0.34214645821823225,0.2800047634069269,0.5284406525425127,0.218059403760075,0
0.3180689299557518,0.4413105757599334,0.1341548917194436,0.28583587279976025,0
0.4970422135570743,0.6475641392135841,0.5309474683206261,0.06987951727047187,1
0.5592934212328995,0.6322941120010956,0.7090736051817891,0.1521214183890748,1
0.5505875379095218,0.6607286491516775,0.52234602832933,0.3175970241744203,0
0.6663008515577299,0.7869938157714287,0.6303848764916418,0.4184424036226155,1
0.683086699089519,0.7358943790996122,0.8780276098311128,0.2586561329518954,1
0.28254374597379234,0.4531197454280479,0.017953762683660668,0.25298872227335095,0
0.4592850144469668,0.4900225286052181,0.5601203322754731,0.23118825230857892,0
0.7163311221193198,0.7375263875697484,0.8454001212556475,0.46973945978875714,0
0.39518361820255693,0.36482600979453256,0.45222372567041264,0.3855174780208345,0
0.15769105596752972,0.16540138291449394,0.04188897315438671,0.31211836281983363,0
0.25863114324411507,0.3253917752855868,0.3152603343089367,0.0067857765432032926,0
0.5093968642548186,0.6090848292535441,0.6240851713998176,0.08814449104050619,1
0.6062593607845392,0.7304224202667842,0.43637504109600134,0.5506781916117334,1
0.7122814861199906,0.857199369336333,0.7022187022974071,0.36508095381301037,1
0.7251184480217318,0.8059758886291091,0.8180906659784717,0.3835165195681784,1
0.6821027693490964,0.8487245537812549,0.49193135442420943,0.5508054306560305,1
0.5723860075103623,0.7370409426601111,0.6498085597327454,0.044614841302415775,1
0.34365529821355395,0.3766534258270813,0.13873313225551093,0.5685432281168,0
0.47679107982642344,0.6792816908851591,0.3013411228484383,0.23373948764656208,1
0.3407473803427856,0.31631280480385693,0.420371417067299,0.28239776410333733,0
0.6183571064568028,0.7042815125343779,0.5789998953021076,0.46258190799490767,1
0.7425298742316512,0.9517693635646635,0.7720535232937424,0.17514567730598407,1
0.2671531850568563,0.10210160724468507,0.48987570663983354,0.34569834721281856,0
0.4358774587125305,0.6334913626752278,0.18738545426785172,0.31458070547280514,0
0.213934315133598,0.16730226171189821,0.3918363048668696,0.0636614640879402,0
0.5172080166077522,0.6396452566319502,0.6539356483745712,0.006023468897028172,1
0.39446700850380745,0.7014614582716263,0.0546986434816785,0.1366334316174536,0
0.586122140382664,0.75573360223666,0.5310002272031061,0.24477635551701085,1
0.589480053581026,0.7080780856984483,0.3979636999846106,0.5802595036820928,0
0.18735367711739886,0.2288539234810661,0.025082506418292082,0.32700981725689104,0
0.09381817581582312,0.1381484926926011,0.024449456100296096,0.08704546319716873,0
0.5642286695675832,0.7465501134945496,0.34478667779364985,0.4375880474110673,0
0.5848489920339925,0.7141247974396855,0.4336146113755719,0.48851104950739127,1
0.6342284437020789,0.9572124078145212,0.46608197243462823,0.07898824032214884,1
0.6768083197999125,0.8314437187250098,0.6656933322537114,0.3068923038064716,1
0.41733441591651177,0.46150618955408274,0.5046696787383461,0.175902087589833,0
0.5839622458790431,0.6880631564609199,0.33861256902992376,0.6917344846980302,1
0.30948689438117855,0.3243360474136447,0.41304235667669803,0.11703081835673401,0
0.38662241182735113,0.2427973385513041,0.5573952282674594,0.4900258703573062,0
0.6756179759122365,0.8956689287706889,0.5116856617367158,0.37138906502938634,1
0.6608430210740724,0.6614113176178522,0.7627727045710628,0.5065277544691377,1
0.6693945110610797,0.8230333987305531,0.6194880476731327,0.3601569869693168,1
0.5471713940423878,0.6355714972201131,0.596909136954094,0.2515645217305151,1
0.29088623283975523,0.12717524292673082,0.4327237494436268,0.48740743271650905,0
0.2476842963977192,0.4224676571250765,0.058192177606197146,0.09496407276660897,0
0.7184447383725312,0.7538733890645366,0.8712190191319349,0.4007116905034126,1
0.3850674783835096,0.4092337811481492,0.26878349764179876,0.4990776925844766,0
0.28225028591297235,0.3923580268700006,0.048119521292011115,0.3581770804518436,0
0.12222991606591452,0.19865287811587473,0.07261649543212982,0.005592641891690997,1
0.18877992951047018,0.16991265577033357,0.13665498013838842,0.31413553791893445,0
0.25983220925577766,0.3333727296236364,0.1844829876074118,0.18900474080867938,0
0.5874526854341154,0.6968052827976194,0.5419216075843714,0.38236780879997173,1
0.23540611215263446,0.2504429033523025,0.27100429906226675,0.1444168537890158,0
0.539439674896599,0.7257759920817052,0.3993798486074073,0.28368862136762174,1
0.3365470146949824,0.34247142070312303,0.15831392530760396,0.5890856337556984,0
0.27269116357081846,0.008445010244902563,0.5846539090613532,0.46536242864980626,1
0.6696311063767098,0.6815442509318176,0.7293263982704893,0.5503053071482711,1
0.5516538818442915,0.5390593428467056,0.5541659008944284,0.5793722007630508,0
0.4091846275359869,0.6110228788680692,0.2891356987016669,0.08466239245726111,0
0.22132718347773703,0.3855456918550821,0.0582360316876773,0.05541764021946398,1
0.6648363139640513,0.8975978890779963,0.40988420750986815,0.46536053586046344,1
0.6393822139365857,0.6641557296270945,0.8465312418573587,0.2667248828291538,1
0.37720060438638736,0.5682716430146315,0.20601140709985558,0.15630680374557485,0
0.45100660730782643,0.5809742737031681,0.3005121030099772,0.35182919776624605,0
0.287266803566582,0.1008397405724641,0.42076588474582965,0.5530858392830055,0
0.5600327508908132,0.679917972263253,0.5007034559644025,0.3493136398493295,1
0.5326150493692472,0.6920412616229357,0.3743317218202962,0.37147451005845267,1
0.7741756008813995,0.9291743508772389,0.7763296117530973,0.38344770958425434,1
0.5149976713850901,0.6239297349269196,0.5782267837327731,0.1478238440089916,0
0.7621007819973742,0.9972338327722026,0.6046253061198744,0.41048136887655307,0
0.4103503822510022,0.24360656519800294,0.5896102039269191,0.5583201923696248,0
0.6124805368900444,0.7001732346927553,0.6326699291979165,0.3629647039214594,1
0.7211816131242341,0.933134821864605,0.41708653232298903,0.6474412124751746,1
0.5758269590525412,0.7751210713476495,0.43473076585566295,0.28923596811008817,0
0.5938430893134633,0.6473941009419206,0.4358611140598657,0.6969385231227163,1
0.304990298393206,0.46850630720160064,0.22350375423411842,0.01843009261085109,0
0.1770826658209101,0.10787306211858755,0.08911224290344767,0.48206230945290995,0
0.21265824075994244,0.207339934154402,0.08749115642022094,0.41370463378337574,0
0.11389765435291471,0.12832952582634202,0.12088050026048784,0.06734370680798667,0
0.6801120004343253,0.8815110778160897,0.35198351537719,0.6688070345656174,0
0.6345227282099444,0.6097803363528059,0.7580322324859701,0.5111144514387522,0
0.35042046415839917,0.4034157224751712,0.4782711517763725,0.02615628693950911,0
0.5634548376159418,0.7893901607977306,0.5347675505396232,0.04164746027594779,1
0.18098970545775986,0.015121135764350414,0.5528137441093453,0.03792507171390547,0
0.692741826389699,0.938318783120857,0.3965684541489056,0.5230594929229934,1
0.5758810007786156,0.7313444820018755,0.6711241419019194,0.044357586035510196,1
0.39638637634888974,0.5401296701347714,0.299748355198033,0.18198517361047065,0
0.41374979816126295,0.3222965609959215,0.47653028202022324,0.5482121652861763,0
0.4192190513715761,0.5903823103407011,0.3229574587723032,0.13570329284767305,0
0.796995645163542,0.9867055854568131,0.6588480354670923,0.5299422089750395,1
0.3638691299172715,0.3227595817105853,0.5415809681946783,0.200075243017877,0
0.35591101195044605,0.3975758389663301,0.31229748398750395,0.3171692363551493,0
0.39118088869731427,0.5439053674928995,0.20794236468709568,0.28422747772367885,0
0.2966644860634484,0.1522848801979696,0.41053418582732715,0.4868089510813272,0
0.5089538161106859,0.7676457277265215,0.31965433815821714,0.1461732539998001,1
0.6200644831500451,0.7819577606930556,0.6565937068723939,0.1605374537089958,0
0.1204848835588685,0.008383323115507314,0.203396863735922,0.27637081440169114,0
0.518386020654897,0.6407375283241962,0.5041145578447657,0.2339144456968462,0
0.632921881679811,0.7336445067835022,0.7303864312238426,0.23491849460453554,1
0.5559064142222307,0.7838545275446124,0.20169523498356268,0.5173528997742785,0
0.6890670130326462,0.6278562546365578,0.8558349804987344,0.591941957823735,1
0.38211330262479265,0.5244639394790559,0.23871635253163614,0.24133213562886913,0
0.500161935325175,0.6984831578390782,0.48286311950949,0.030307102763944525,0
0.5481024786879372,0.6914582410648459,0.3848360568466596,0.43461270550758146,1
0.30164589189833324,0.26916547079991376,0.16470029465350558,0.5882653405116234,0
0.4638365240604669,0.5189160742217653,0.37285325451766343,0.4626125529714259,0
0.7588829448584773,0.9979296854483471,0.8104143791688938,0.08396894191817768,1
0.517657329628163,0.7014713543424387,0.41222109616168623,0.21627661804218895,0
0.4143707700848258,0.5504621891883013,0.08405390203686369,0.5696175243980802,0
0.5034404379381799,0.7356030962411516,0.4469885153940974,0.007711675996874823,1
0.42445245397039666,0.6993588592797317,0.18553402193331348,0.09556408875268375,0
0.6830751318860657,0.92023344826954,0.30351001360416435,0.6595270183502319,1
0.4090636445916155,0.6619030836485138,0.1954919688332442,0.09732256058692657,0
0.527722014552891,0.6994698648144693,0.4750128548804404,0.17741612840762147,1
0.36793980170558677,0.34038337268374996,0.2823439815200836,0.5652246045384334,0
0.09849021877089176,0.05316984411040418,0.035757628196742997,0.3058900412833338,0
0.3418173606912725,0.17285403565031673,0.5903297704705339,0.39145705862476987,0
0.6102895190414374,0.7213777177665954,0.5877446783890091,0.3663862832071845,0
0.3084999047872009,0.2941161942908959,0.17293095769890413,0.5478126016604085,0
0.3461780894083642,0.31298092053940824,0.5071822873068699,0.18766471473299545,0
0.777426315017574,0.9587021486362793,0.5472629011086441,0.6694818518342052,1
0.5433866600667829,0.6918921736384602,0.32500675840631504,0.49969272862829134,0
0.33110234867285193,0.4181063056183755,0.33704394329070786,0.10468006438225926,0
0.3178908621536227,0.4959205840195658,0.07498802403899864,0.23717081466070128,0
0.43764540048864836,0.7024558843963215,0.11185320322324219,0.2643074866175748,0
0.1742154810743921,0.07821859119043016,0.2595115608087946,0.2862635861826933,0
0.729175322242219,0.8956298516065649,0.6349973321014251,0.45430598404254496,1
0.613391443997267,0.957875154747126,0.366096357631994,0.12312479667052871,1
0.6502701938869934,0.6662126890941112,0.6070934333428544,0.6751790966854071,1
0.7519941911412446,0.9095824194223854,0.7296599823952483,0.39152493355738666,1
0.6520447716363258,0.8471155634022333,0.6446773161234947,0.1754189754908035,1
0.5007234552981258,0.679582684637278,0.4935838406063184,0.0642848039879561,1
0.43131483834559664,0.5996057104800069,0.09240174869664664,0.5189572924829959,0
0.6591382608373969,0.7680334261211167,0.8684842774440822,0.07288132271806971,1
0.5193964822837844,0.49915935695953106,0.5804078139859603,0.4784722980411541,1
0.5203751745607279,0.767708955160322,0.37378246357923156,0.12192978953398691,1
0.580725701054727,0.7773656795309325,0.6390888676175324,0.001581005020005366,1
0.8271077152671285,0.8641844581241828,0.857859899776493,0.6882875813604458,1
0.46148003411137395,0.38149364997023183,0.5279474115563797,0.5617449282967207,0
0.5557941219892799,0.7626411113865286,0.23335265899900104,0.5223388429815765,0
0.5319249842218647,0.583715568496558,0.5822336157939352,0.32698557617702545,1
0.5623186910927217,0.6512454530702183,0.3969471746229132,0.5880590608536927,1
0.4144702842792381,0.4970971286615041,0.39942092212598185,0.2304772165534578,0
0.6761036385830252,0.8595099615554218,0.7902617101996512,0.04635072372709515,1
0.6575220469756725,0.7381533572677969,0.527182363612376,0.6514532962903065,1
0.5587166326502977,0.6503228073249141,0.7577941615998212,0.031084902539471757,1
0.6575305620974612,0.8673977161297401,0.4125546712922874,0.5003265132245245,1
0.3598601912814956,0.4664855334426212,0.2551084545147856,0.25042444102874634,0
0.56316389406481,0.7462013192885429,0.47626817505904256,0.23591390951412908,1
0.5281924712170937,0.7482457658875139,0.4132377517588286,0.15049131372844085,0
0.7736206554557098,0.8951428725441632,0.8981517433257138,0.28301848092957027,1
0.8259684008561641,0.9743759290802504,0.7869580467579979,0.5134651114431977,1
0.7446717237424816,0.859938640621928,0.778927105183042,0.40512135938302485,1
0.435815751774803,0.46703193075370386,0.3964883479172237,0.41676641011391974,0
0.39755304310714784,0.5713193925859477,0.2645408443166562,0.1626554675958857,0
0.6049495843277829,0.6960905104596012,0.5473383898126182,0.4635140607709843,1
0.2109850009861927,0.0010538975040473631,0.37480994640261717,0.49007534156691923,0
0.5740450889667809,0.7619976245983269,0.31813152225080993,0.4880340999618721,1
0.25707041211576687,0.19990334363337958,0.49943256698534116,0.03644485101737358,0
0.6077046926561689,0.6106129748824297,0.8507655009737218,0.23584277461418787,1
0.7295126519884725,0.9942160677979704,0.6831547177983249,0.1372910137499487,1
0.7845931642390147,0.9887215274586845,0.5120441858718549,0.6830957237405797,1
0.5007644732385363,0.6051752391202708,0.30923690855059555,0.5270289055661115,0
0.44757889964735253,0.7614923820431382,0.13197350054835325,0.1362032923063873,0
0.7032389238992931,0.7994400153568506,0.6518308477802999,0.5398483094338893,1
0.21148429440067182,0.1789518308831128,0.08715731383406111,0.47930592404448535,0
0.5662092164290777,0.8553148095650174,0.4176722130867073,0.06625073860278419,1
0.4711970524508799,0.6717706757433227,0.12066260067801238,0.4955646718790741,0
0.42340550610770095,0.6254654357275454,0.35692870720300107,0.0179708804151397,1
0.6520953877788696,0.9320076716636112,0.4605892410359115,0.2395738981814525,1
0.14545129877783308,0.0673295525502688,0.3397234916630513,0.04934737501891646,0
0.7089964796346506,0.8716581473755574,0.8618705488250933,0.07303120649672001,0
0.7119095656395527,0.8738248293574709,0.8998289106377357,0.02524238884748301,0
0.46056483591405695,0.5666864082190545,0.3266638726690199,0.39611235001911865,1
0.34548000052316424,0.37147940134354873,0.5000472049371444,0.04863069185123268,0
0.25320723210603147,0.05233042147830683,0.40661617629531394,0.5252858423914194,1
0.3514975733008301,0.41546021748177164,0.46940248231616405,0.01473359932547551,0
0.5478981251975292,0.6258110778324857,0.38603122167423404,0.5959160988950807,0
0.3611237971166566,0.23473967309462154,0.5425081880587223,0.40500752075864555,0
0.6184868150582747,0.8397531166083374,0.3704878115463266,0.4373195664510407,1
0.19319731421620792,0.29732997248000137,0.12957637114970746,0.0282970831564749,0
0.4005212805175927,0.44622333976679507,0.576331226238874,0.02255121381266483,0
0.6935876836673642,0.6963312232164588,0.7651399513159289,0.5794004333217803,1
0.5741432316968148,0.6051973394687185,0.7293544279734093,0.2636911678521642,1
0.4878439870786478,0.49692627020674207,0.5872794952388886,0.3159850170180508,0
0.4017377730288085,0.5612719608684609,0.3065790332877873,0.14564041304120917,0
0.8027795817508958,0.8792483135914548,0.7988172755298171,0.6175512114811166,1
0.3296356846103496,0.5764227322005306,0.134644554207533,0.00515476123912213,0
0.6220173706396899,0.6372872850669842,0.673710569658329,0.5063027860434957,1
0.8651710329183726,0.9963463376424253,0.8734915236104355,0.5247520350701459,1
0.3452574856367384,0.4427894095716138,0.3575527392028632,0.08298479545036298,0
0.688761300944021,0.6669164913616917,0.7939979915140257,0.5855182890448373,1
0.5636309316925513,0.7103695368163253,0.3258845898571439,0.5534039316362273,1
0.5049921414834319,0.7687057007994856,0.10949134610021809,0.4389594362681182,0
0.7950843670585981,0.9994438060047663,0.6059933577071188,0.5678222837203962,1
0.5932702214114104,0.7142891079367449,0.5748771109250759,0.3183126708275758,0
0.21297964540611308,0.2551659974309432,0.10241017907640768,0.27336796483859593,0
0.7065826532285093,0.7680889916129753,0.7618523726785436,0.469912228092293,1
0.38362767415067495,0.7335810196231256,0.02444475402276749,0.04751869066140955,0
0.258622733722263,0.25204655124413494,0.34777215427925673,0.1413390590820925,0
0.6382929961112204,0.9856054809439188,0.43022778189495575,0.08210960535387095,1
0.6242788425463356,0.6769202716140532,0.8845324997011899,0.10229478414476018,1
0.783366399808089,0.8820960235167352,0.8498318462534253,0.436844170868469,1
0.33032488696643614,0.41870365916298824,0.20500383576632356,0.2973595332752248,0
0.8013352181313971,0.9852844894197519,0.719953416478635,0.46353474238965303,1
0.6845764956977949,0.8585708152233129,0.6409137351411749,0.31508483771892976,1
0.5998467383498961,0.7636559910499189,0.38984052496006233,0.5053329266845901,1
0.4480027956754822,0.6264316843677579,0.37360408176719045,0.1135286448072305,0
0.7250590789587176,0.8658318838109256,0.8499839161436733,0.18573981105076418,1
0.5649515030417933,0.6404773467013329,0.7342798593591859,0.12214435941685546,1
0.5788431450144756,0.700195519442006,0.5938103158005493,0.25301145276653936,0
0.2602894498851749,0.3199265661150432,0.12721839642680954,0.310803239498052,0
0.607424683976107,0.7451482737122962,0.5923767616943467,0.2856875930582747,0
0.2599878408313215,0.14449785537959184,0.29812489590367713,0.4915072218521122,0
0.4424493189529435,0.5482144534377774,0.38504629463403134,0.26414101921922684,0
0.2122521006423329,0.06763398205524665,0.3165829054255526,0.41730118993521903,0
0.7078833718268516,0.7100124162521011,0.8044668593642592,0.5576855294576163,1
0.6277348972043947,0.7488313646064102,0.7609903409056697,0.1251105631474429,1
0.6771797487067741,0.63752312960309,0.8423173175856131,0.528614943147726,1
0.5914261998546926,0.7745266638777053,0.5731382085906944,0.16110702669315813,1
0.16497685690572067,0.0748971250713547,0.3459112686709242,0.11877456884383031,0
0.42400643528707654,0.502780957546334,0.18756725280555653,0.5817289033612131,0
0.3937629950384433,0.44549182828570144,0.26975981058721893,0.4504456885971345,0
0.1770043917287487,0.009730105371215015,0.3898054935465011,0.2759884548959543,0
0.6492698190705842,0.6965257351910115,0.7199677112571818,0.4250831904896198,1
0.3483048827301335,0.5892093866875777,0.04141774523096548,0.2063743290852749,0
0.3235197957301667,0.4542633650735864,0.21543522633634749,0.15878772646234643,1
0.4811612984588235,0.6204162474785476,0.5158637976155442,0.08097017717443193,0
0.5714768143994803,0.7212808306538366,0.6822650479069432,0.030784423502395162,0
0.417407449117221,0.41291787322576146,0.5002746780784418,0.30433054540403875,1
0.6470740270814286,0.8556108841058695,0.7038157582270963,0.040619287801824784,1
0.43124232698849946,0.4336379397884,0.5289421207707355,0.2787036043153939,0
0.23648212112760933,0.21286441878560272,0.32443493780509797,0.16359715196639293,0
0.6094058446580146,0.6840348495294134,0.5348310746523433,0.5346954874880246,1
0.8423666143442214,0.9837329390542433,0.7261001642992179,0.6633504776366724,0
0.7972629695331568,0.9649795185182567,0.7959892433941727,0.37988218627888326,1
0.3515276134854092,0.1411316835966714,0.5585517687875191,0.5669812052540888,1
0.24331174566924293,0.29897200939664875,0.16485579215561783,0.2218450166211661,0
0.5671121796614506,0.6508903847567312,0.4563415898552855,0.5238225516324965,1
0.3543280436074464,0.34312077784098016,0.371112195064286,0.35716998083835283,0
0.4574149957449816,0.5643355390413035,0.37975020181390423,0.30661082840079323,0
0.5135629359950719,0.5813939258570808,0.46542621796001943,0.41619053839262826,0
0.6046062730408842,0.7843725564292441,0.44827157302141196,0.3896926145991931,1
0.7561547246735075,0.8612360265216731,0.741199114009343,0.5158848860493404,1
0.5998344965614701,0.7568650260387068,0.43504682850320087,0.45443967495578275,0
0.1359934644137688,0.11865382536983421,3.0376216457184135e-05,0.38328719431957275,0
0.7353834031690608,0.899228383631957,0.8857465742044017,0.10022619545880918,1
0.4124639634209123,0.6340376980325153,0.19104466528213587,0.1906585741000694,0
0.6789137577031419,0.9247480612750343,0.4188845180591965,0.4543718582393289,1
0.7670280625038506,0.9025176886813802,0.7122327499521801,0.5104969658875325,0
0.7343243216335795,0.9727297163181262,0.5567482322939699,0.40467496893162774,1
0.29968136089524444,0.2716579872178807,0.21466320455254245,0.4972670296027069,0
0.7602057827574908,0.8221022479600224,0.7882070224088764,0.5634627602740839,1
0.4556501590269053,0.5573832197959482,0.19534884213648265,0.5917694824399321,0
0.5932133394260863,0.7944180998243492,0.3970976069016233,0.3843750372171242,1
0.6042654995344656,0.7417108617541228,0.4610403196040276,0.47548986388097964,0
0.25214503291856283,0.28355732001907835,0.1825630778744651,0.27798724773342065,0
0.48975077721211174,0.70282924529035,0.2616772478765126,0.2991649010199148,0
0.18407391721902577,0.04071644040150524,0.2044591462685147,0.5118897656885937,0
0.49359521869199835,0.6354632317945186,0.49379671774003364,0.13862293736364464,0
0.6859393077730944,0.6946649451990324,0.8077089176069927,0.48147079945740157,1
0.22794427214399543,0.0029755400539205113,0.5589434681578311,0.2938673083484292,0
0.8115022934152754,0.9731603129653013,0.861628512200894,0.3321679163617828,1
0.806092141213704,0.8793273631474352,0.8309493979106892,0.585718201333898,1
0.5999602610884689,0.7954336181406133,0.30845678727711345,0.548532079175141,1
0.5947583512175195,0.6614453580768235,0.7893016535552742,0.13622588056262752,0
0.6930509056127021,0.7088966247380636,0.7367242278135613,0.5879266244980095,1
0.3445996309830764,0.5308041885754065,0.11604055710924148,0.22192684781300356,0
0.6483870680895787,0.787982376114936,0.3825808710794216,0.6981080935414208,1
0.5588472398107971,0.857267017416022,0.39739597280257744,0.0549746963100646,1
0.42352071967506877,0.4803719291161726,0.2851511229598105,0.48894709114519663,0
0.3987560735120702,0.7203027082710782,0.09515243873685264,0.050294938777376653,0
0.2853020344895403,0.264868623225583,0.28205213722783107,0.3412604085419973,0
0.6346604882574788,0.8507299931136834,0.5808512288733559,0.17520061519315155,1
0.42496840509957945,0.5571044528520855,0.4521377888210109,0.05387421013616709,0
0.721650044207778,0.8597570468430962,0.8893229247823848,0.12487321675757278,1
0.6208591466216349,0.8056891480761658,0.510178705349259,0.32480480489387104,1
0.4958816743933034,0.7982309278655457,0.07561505765892247,0.37040846581426895,1
0.3723010894090299,0.33909952230234863,0.28429490689991976,0.5873142809393982,0
0.5757927030682761,0.8170176284190105,0.4348746611208428,0.18410745261258993,1
0.39721072649852696,0.48624373361841,0.13375953951021027,0.5698049891812945,0
0.4790577951087446,0.3819073708325693,0.5775680224037564,0.5741685148566651,0
0.7551624245464413,0.9031641274931442,0.5707130673201195,0.661832203019167,1
0.27764182382111013,0.13988831581384523,0.5757327563252757,0.17488919508302406,0
0.5690766228049173,0.6047236352716018,0.6300224716266595,0.3885403184055931,1
0.2856649263847025,0.3735262605614591,0.26038589458567646,0.10393013864134988,0
0.6222576403434673,0.687481690460654,0.7979919893909333,0.19559599147930154,1
0.40950185805453615,0.7270687392563692,0.0625562429673956,0.13600307768066447,0
0.43281027187955895,0.4310313044376741,0.5416662341686987,0.2739737470505612,0
0.5799501426581736,0.6586871548594422,0.46735407956366215,0.5520017067967692,0
0.8087150620913357,0.9744509853502976,0.7341569541616927,0.5062124158383954,1
0.6087243110677275,0.7020498624230536,0.6347717896132228,0.3363392148611696,1
0.77386180198473,0.9710673609816887,0.7576025151285075,0.30523683477666724,1
0.296419375796671,0.40082128916535464,0.19732218575244967,0.18406037744129386,0
0.5670554631314803,0.6913011501853682,0.6269349923188123,0.16662195171576238,1
0.5450204987499049,0.6207847465860417,0.3391663406871959,0.6643911162536265,1
0.7513897391182806,0.7891548728616666,0.8029870512643249,0.5795809365407489,1
0.37360678865848385,0.3109057249431505,0.460197672972049,0.4004731214764696,0
0.6066025024241088,0.6705422305671205,0.659934855406377,0.36675465259317747,1
0.08601693570028104,0.01802435536515734,0.10858994033093088,0.2221388795921155,0
0.6392424598212593,0.8987158445396104,0.34176660107916335,0.4367727861385249,1
0.32700041971549093,0.07837169662888402,0.5965923688344713,0.5441843037535377,0
0.6659033567016558,0.8203635073961612,0.4032947309818218,0.6736659185451433,1
0.12321222098436502,0.08838898249455794,0.14729740116936998,0.17414254693137526,0
0.16263203264199205,0.11695230350639259,0.1897259803817707,0.23619043387132282,0
0.7201009189603174,0.912884478107118,0.4787249055858635,0.6002060411549964,1
0.2749035025248684,0.4343229177825221,0.18023520153121528,0.01835741587121369,0
0.25894882442230366,0.3378817300977967,0.10675489003613092,0.2899074618128301,0
0.7580530589522421,0.9545611546894831,0.5730130563499127,0.5443428235126332,1
0.33323728394023816,0.45825152965683813,0.22689467737927402,0.18021557949018432,0
0.683720338193256,0.7325897294636496,0.6848507427080617,0.5598512532450634,1
0.6686610479489878,0.9194999311047043,0.31542226294516457,0.5714220175654315,1
0.49224316082069075,0.7792962532682428,0.30063118353623286,0.06202839562849755,0
0.5515686473650336,0.6349359260287134,0.539008925066188,0.36199003415410247,1
0.5058510543743956,0.5511836386048858,0.4698869974646818,0.44646567916274066,0
0.27824966867927986,0.2030649923239648,0.3246834983428715,0.39656061507218016,0
0.32336394954257647,0.3176227369516923,0.4346530914649989,0.17078326813615313,0
0.3317110447809365,0.19270018051722657,0.4941793758544838,0.4355357088298902,0
0.7337700275892597,0.9990320149051669,0.3209494750936479,0.6898458880429092,1
0.2648684037139413,0.27843690587178394,0.2389463421914037,0.2698302406031412,0
0.2837439901578705,0.43137596815762524,0.16789406492365683,0.08843893300980425,0
0.4742983770937409,0.578083876418477,0.3474478426589756,0.4051104304340485,0
0.6286145918043796,0.657202960530554,0.7741887058464171,0.33878249892588735,0
0.3843359793229249,0.4157894421874005,0.34076383971422136,0.37106053157479146,0
0.19519603696069274,0.020465224289972907,0.25020015728843786,0.5495168881458746,1
0.5737215474006176,0.7054666735689628,0.43336082173626234,0.45489982047628763,0
0.43855760451495585,0.6002522347980027,0.16524794577263272,0.4442855169208236,0
0.3744574159524844,0.5504542521852627,0.19347194958243877,0.20594352492560697,0
0.6598753607091101,0.9500336796216329,0.3734453086382802,0.3641246415340484,1
0.10488846442504902,0.03564363193374485,0.16491707178341927,0.18795763461575407,1
0.5018405272969302,0.4982081358593898,0.5845143644652764,0.3869107501382621,0
0.4720382002197454,0.5597282847880793,0.30575072043908674,0.5022442084698985,0
0.5917839787395833,0.6876929010066516,0.49090686957198687,0.5033273368233073,0
0.7113686245858825,0.898907920076828,0.4962673536126969,0.5651722923182971,1
0.6576998371170073,0.6524231006229253,0.7073913965489622,0.5963543392042802,1
0.2539477547462724,0.1632772780967031,0.3752869111302539,0.2986152117942233,0
0.37372344258534074,0.2744283186511085,0.5575228768970735,0.34626210095332216,0
0.5476855549914571,0.6144650841978785,0.40818686759710626,0.58998476306693,1
0.6606306002298735,0.9199481643055346,0.538484450214389,0.19555591506394776,1
0.2986491017402796,0.2576693806365213,0.43232872751359014,0.2005789658397096,0
0.33859043876638245,0.42426557408161153,0.042775253355854546,0.5681253785941016,0
0.5713398156536863,0.636986057331859,0.5314475798341043,0.46706256518762745,0
0.6479891337281678,0.6065028439570873,0.6992050332612122,0.674881008856302,1
0.5601478400889426,0.7606646536037506,0.4946039959221836,0.15717157255206124,1
0.6066920966497905,0.7257802766976805,0.5469934170778417,0.3985196658879887,0
0.7219670778363954,0.9295649444203186,0.515510669526355,0.5126570238416478,1
0.15085052216271436,0.22462998732776454,0.04025489575512413,0.1322952988614742,0
0.32197167815473693,0.2416547728904626,0.5656161516866807,0.15729723101750723,0
0.2670537219015443,0.14360059267096634,0.48853099866694955,0.24347062982988127,0
0.19803873645316916,0.038023457088589924,0.43176293429711576,0.24749063809869745,0
0.29265683834062617,0.528128146669848,0.032635188440041006,0.09401104236844919,0
0.44973129934658185,0.6300069229406169,0.4443920853394587,0.00705106137217919,1
0.28538299089465713,0.30754244018736615,0.3305358114981406,0.16225513675765935,0
0.6622873494750937,0.7310048313252597,0.7453398426146564,0.36591490514033465,1
0.43311862233181586,0.6924723346042746,0.24243912867199258,0.0707535821404039,0
0.41071401106321803,0.6131470681065876,0.32211248317011104,0.03753366029445453,1
0.2903433881113643,0.2407721170451721,0.5134536522777593,0.07960616952725204,0
0.5287204033033951,0.5232122550726895,0.5617136193679734,0.49300094978329134,1
0.7571156203011995,0.9435864998773722,0.7545686267231475,0.294758911727846,1
0.6182904282547115,0.7013533415356749,0.82630521982735,0.09861095769334509,1
0.4584022401043731,0.516627340242873,0.4195573537003831,0.3711068193641082,0
0.24767789046680086,0.03647131300152591,0.5349790688714698,0.34474256652298485,0
0.7293162512957647,0.9442876273303576,0.5844337295566893,0.40921159381789546,1
0.1649456094888357,0.12804751935497824,0.008242133471226843,0.4922460488498925,1
0.17710447239941746,0.010541390674205342,0.40932377725228575,0.2451832194331453,0
0.5642244633990784,0.7105664493756372,0.5715811267174874,0.1873345034800678,0
0.5884784816172304,0.6113375082285594,0.7429913621714399,0.29956159425759377,1
0.4392105933394189,0.741302255480482,0.1962539876435642,0.04841634653054303,0
0.22207793265088246,0.08224579447151657,0.5894583541345169,0.02058764587384565,0
0.3907264395188113,0.4456883019846264,0.5484667691570841,0.01671128889686426,0
0.43085120448098485,0.7163744884074517,0.17971427421564568,0.09374839006282662,0
0.6274094468396487,0.711004447773606,0.7451335601029213,0.24183577460984632,1
0.4342744771464545,0.487908267151278,0.27780395190330465,0.5348957899991205,0
0.6335601699952955,0.7332376644042551,0.5659067923471728,0.4858465004450809,1
0.6907149098576977,0.9634432986222567,0.4048104029523849,0.4377506983042689,1
0.24514398524403677,0.06978272791151045,0.4987992225898308,0.30306427255666146,0
0.6639301003866095,0.673724000835943,0.8322135543350302,0.38702016834064507,1
0.6593343994312792,0.6102006255840792,0.772242076156415,0.6128073189615754,1
0.3274001434020194,0.2204232287371357,0.3735366947928458,0.5256376029779891,0
0.22416678917157984,0.03577560324298954,0.5151781033072016,0.2586277827896229,0
0.5469812356640433,0.6145720782731533,0.7362890977031643,0.09404233608258719,1
0.4068540879241188,0.44198306476817173,0.24016768017246545,0.5690612574414665,0
0.5032902845856267,0.6554322205769851,0.5816937190199161,0.005330292955796855,1
0.6936892894211357,0.723817403255051,0.8441731339455376,0.3926432380497447,1
0.35216286972455696,0.3108120311923388,0.5699538508861277,0.12885349431274634,0
0.4489687502032383,0.42790283612332153,0.5706603280662003,0.3190961686085872,0
0.19656496185799543,0.21223378429273093,0.05340223010017237,0.37213700340789124,0
0.8005164110200794,0.8352585392456281,0.8472822029398948,0.643512402576485,1
0.6385441578513278,0.8377734655025807,0.4674058820484759,0.3971783024274736,1
0.28845050913479364,0.46188256727726434,0.13002716319805438,0.09250538268372588,1
0.21988914283665678,0.0986204146950426,0.49287264375857964,0.11358571180780787,0
0.14413720332261853,0.010634141876508796,0.11713667559466467,0.5183956485298237,0
0.40227406359536594,0.7109882308231928,0.003449498715999377,0.22872549284484833,0
0.664095041542534,0.82119722610116,0.6131984322274415,0.3476844941186072,1
0.40873375194386136,0.3735301816985538,0.4392769121248233,0.4509279372856875,0
0.8816323312252947,0.9982221198343105,0.8390053837214575,0.6540982809585113,1
0.46988172446272014,0.6268622710939892,0.4869594329253341,0.05181379519062657,1
0.6430688373864138,0.8481430838632176,0.5384256889595553,0.28734794383469187,1
0.5360922453676032,0.6669459998576717,0.5773652161681693,0.14704840294158322,0
0.627020558190992,0.9219057429987207,0.4558789473757838,0.14652001239448276,1
0.7014425762623143,0.6780496964369346,0.8763182783428229,0.49761122270500063,1
0.5701117396070359,0.701891340046987,0.654464249182521,0.11413397414393049,1
0.6069409290574415,0.737856354604647,0.6411958907089934,0.2282699227120996,1
0.42364818276209393,0.7579105502216086,0.025751155081797837,0.18483780563375118,0
0.672427023780887,0.6084624045693173,0.8084103734515122,0.6283635473038732,1
0.36365066508501176,0.5276377274132514,0.16319571296812718,0.2543654374397393,0
0.41347764816533195,0.43268540155005275,0.35327967700027857,0.45575522145111,0
0.2972120350381706,0.4116413615553258,0.06198409555731299,0.36398062796656894,0
0.5649506129303927,0.622639565369413,0.5872678182451235,0.3872524238607458,0
0.3159416298581684,0.3377316374374386,0.19758743721934552,0.4389978998682271,0
0.42330351386995974,0.6060775155589889,0.16879326904925063,0.3481338768784504,0
0.5483093999323468,0.7525230153825738,0.33527379694020965,0.3573287657949855,1
0.6209409900023664,0.9980037669295241,0.39406440488870986,0.018598925354956563,1
0.662898865354086,0.6886233997543721,0.7277279140003161,0.5013439563840255,1
0.12302680072873556,0.02525244046776214,0.10897395685409862,0.38854196719312445,0
0.03628687973597455,0.011487363235014493,0.030982565125177386,0.10624214290457047,0
0.6841939454806631,0.981707310704246,0.5103123869383908,0.2012328702351147,1
0.08631868966423352,0.04320390270119177,0.12605290301173935,0.1345043370505791,0
0.7424580624388314,0.9653140734807903,0.6189938570813313,0.370514342870184,1
0.28874803025202544,0.1300317870290691,0.5286434521125271,0.325695505518664,0
0.41429122414297753,0.3144142166384633,0.4808605882531416,0.5641296967390173,0
0.6553831337246903,0.7272256588434718,0.5874386187511368,0.5776935933880664,1
0.23027983693658338,0.32280463021321,0.1426683797389688,0.13038503954143885,0
0.6019036889028462,0.7725273126063166,0.5225615520729993,0.29435783488894074,1
0.36758033138100393,0.5336101299785483,0.27063938383451774,0.0979172562068723,0
0.5078777312415239,0.6450467994454842,0.2216693328400722,0.5942676583338006,0
0.6731560556067866,0.8892455208581544,0.45737469643128886,0.4566044312416131,1
0.5819302343353917,0.6954211282509554,0.41204773060187383,0.5530267551467595,1
0.6133161082567089,0.6751434192770724,0.791365709118605,0.19167342941295595,1
0.6270635958429571,0.6574874645822136,0.7378091961565882,0.38488552352436917,1
0.6127203088735931,0.936982000581067,0.31549019652688226,0.24791124812497456,1
0.6859727207028103,0.8662738944426147,0.5227682925051762,0.4800264286497506,0
0.16920674993356813,0.16328343475281237,0.2829601324264597,0.013384964146120159,0
0.6989779214322249,0.887055659056627,0.5451100020815128,0.4595854563972879,1
0.5390712626290383,0.636163231388759,0.7290744140742107,0.011336613561977859,1
0.7236419159222665,0.8980752513315378,0.47783249327580746,0.6562727113687766,1
0.19131716175605248,0.08067247063552214,0.24199480190891315,0.39191242932808734,0
0.4846583555672474,0.6289025929556805,0.2467207068238944,0.4809542352111941,1
0.6085104639230786,0.6160605198188266,0.6455001711490823,0.5341507633447035,1
0.35743961290214366,0.40846300313216233,0.33517307412870584,0.26328094548725367,1
0.6078102357718762,0.7289961763870919,0.6178803665444828,0.2897401880749275,1
0.7390429509972802,0.9052077187106993,0.5747766060997086,0.5700305490600901,1
0.7413969515013452,0.9714104700229316,0.45807337611361354,0.5913485182789769,1
0.24788533781739486,0.20854888881128242,0.37415306149692923,0.15682487481337434,0
0.5193512469901439,0.7248410997414785,0.3992757818370698,0.18573981284141844,0
0.28893214749388296,0.04181131921138608,0.5374644979928184,0.533935692451722,0
0.48610620245482283,0.5874901640808478,0.4555582529526466,0.2784682226430248,0
0.42131692620005523,0.6377227207757632,0.14349402032339012,0.2970367985757828,0
0.7942096406492645,0.9044086291925986,0.7060645835188908,0.6509297549864903,1
0.6707982746600314,0.698672150890459,0.8881467751655685,0.27509083332565704,1
0.7439669748172932,0.917472860223989,0.8096770911864968,0.21163708674674891,1
0.5162553518218697,0.8088500371612604,0.32253349405220466,0.07535142512789028,1
0.80257757935012,0.8542165171892313,0.8559526345070214,0.5934176520169898,1
0.5457525999598205,0.7026887046140665,0.5229014242960336,0.18768910181988563,1
0.6340129643338007,0.8585163052914236,0.3617587942771582,0.4811358670247072,1
0.7147300837519587,0.8777049742571545,0.7195624854083629,0.3000442550043631,1
0.4861037037098626,0.5776924319946359,0.5795884455112612,0.11690477029583146,0
0.48756214831794,0.6518912427619622,0.4556631214385306,0.12458795252699849,0
0.35731927599110497,0.304035011598827,0.5042473328364865,0.27013785170372745,1
0.5804756036028602,0.7823105159334445,0.49297340293154757,0.20714162378336817,1
0.6170864189340205,0.6029449079004022,0.7014224580741794,0.5259361378078282,1
0.598091503447964,0.8650118377464799,0.4529405422815423,0.14851710945130658,1
0.6325350079378521,0.6770363292923639,0.8020087313866,0.2670711193784506,1
0.6671696768477228,0.8612767540091275,0.3331213399248427,0.6829744893285312,1
0.3690937011827305,0.6774256647131592,0.0968781291242027,0.006587150444450484,0
0.8682245522454874,0.976961700323409,0.8474027576103824,0.6276143740033413,1
0.6842001892450779,0.8686451235423435,0.3757448619397693,0.6857708444598769,1
0.6547014731543613,0.7478286425427031,0.5021686389429715,0.6506828010005917,1
0.653943390019462,0.9138835636752594,0.32074299799093886,0.5038935439227532,1
0.5490449037861882,0.6591675086767728,0.5671242667587866,0.24661934710082942,0
0.3682740341414107,0.3752187451844584,0.2951547151937967,0.46059123495521226,0
0.6212936641838007,0.6879560170940247,0.7752395250547784,0.22371899060177433,1
0.37568122419336214,0.34862218180519444,0.5510418404890712,0.1802879057202178,1
0.6467365693045787,0.7180076834849581,0.6752784532637544,0.4257459579148666,1
0.6087064639988624,0.7408202696956953,0.3379701800412222,0.6845263756932404,1
0.2701203493016593,0.1710593956063975,0.5982346974383168,0.025601211334827623,1
0.6498759675186323,0.7869093471569338,0.8068606460774252,0.07181550058468894,1
0.5197427455097983,0.6970069020807895,0.4247594549415215,0.21905728993473558,0
0.6131013455427186,0.6511529537409265,0.807968523714309,0.22567155778981246,1
0.4525705034786013,0.35318084311731035,0.5507332710089107,0.5538005030863647,0
0.7473274583155819,0.7673109276913467,0.7643373150527132,0.6718539997704732,0
0.6005431191504014,0.7390694539343613,0.3141168658939664,0.6838666620751543,0
0.6535233248194937,0.688992900851496,0.596444776785404,0.6504672067906223,1
0.13823902029283142,0.08402590137394653,0.11346433400647872,0.3109338470195728,0
0.49921306200596227,0.6822604297123736,0.27003778510709403,0.38535755808823663,0
0.3406850055633431,0.5296291658864332,0.09840826828888738,0.2317397106673013,0
0.4890529553283521,0.6658629871866224,0.22622114463330958,0.44127559172524,0
0.32201571126817774,0.5255366195970631,0.0033513125862104864,0.2912100384689152,0
0.1639901321833635,0.1375515778705407,0.04288114008032795,0.41175000611997387,0
0.5438381280405061,0.7666365579822232,0.45392701425529675,0.12170872386402722,0
0.6260198869946405,0.6809234475368393,0.839718102107101,0.1682136629704527,1
0.4258962499653504,0.4269116577745951,0.39246008296782176,0.47351198093853164,1
0.7009829544551592,0.7850400242843233,0.7718341384213897,0.3845635039329039,1
0.5752720582067692,0.6725285835063409,0.34997353223076066,0.6700785339218525,1
0.6145510151757082,0.8245957577657539,0.47816324269063365,0.2940208174282063,1
0.7005514435569066,0.9942484406048032,0.37165976486774216,0.4596464689709117,1
0.55947688291886,0.6583329202942719,0.7389888541265592,0.04306883266878103,1
0.1962451750729382,0.2244357933247926,0.24581530991674047,0.05141342717759871,0
0.5112593552939301,0.557643020822416,0.3889732979034753,0.5787292775583975,1
0.7180117182834779,0.8274964783811575,0.8720521491920581,0.21323917167640874,1
0.6813839656701131,0.8397707234319741,0.8212810135161321,0.07557149949643166,1
0.533987303423698,0.6723474554266378,0.5705356219825877,0.13326444557801462,0
0.737953811503351,0.8838478039543649,0.6600176650457691,0.4901230500621892,1
0.6475716028716688,0.8742368929751642,0.4564415986540288,0.3676033839393903,0
0.20247458748669414,0.30295654249741866,0.061125839110528955,0.1632928225241306,0
0.3352439729395337,0.45331414154499516,0.18292390547252374,0.2685486526263948,0
0.8090233576074123,0.9981857890334549,0.7088337211823168,0.48640173367994904,1
0.3436384883367457,0.25654134772153697,0.39098774059674885,0.49035746148476267,0
0.3323985573312206,0.21906777912766007,0.40929721940544167,0.5003775097287905,0
0.5392741858950328,0.6381413812731441,0.6740159549780416,0.08999354382524141,1
0.5223043708705091,0.7681067819456131,0.10651261633112168,0.5314859749918301,0
0.2719579482021649,0.05470195629459314,0.4860849873187907,0.4939073692961557,0
0.6944549088662448,0.868081302140542,0.696350205302731,0.25754598102577325,1
0.1998504186722036,0.06853265054183329,0.19988471010048794,0.5280934018557029,0
0.5108857411673462,0.7270889339237175,0.35113300546591725,0.21000686282856093,1
0.35123294970060076,0.47108565644870143,0.03244986759487049,0.5297758059889444,0
0.5442061615231707,0.656841570340657,0.6963406759245063,0.03441586787745162,1
0.31178741850940705,0.07515057213742837,0.5907684490951837,0.48490798856068895,0
0.7289190197140674,0.6401149593981,0.8964542818602697,0.6996262772846823,1
0.6138479879276544,0.895772587390604,0.42039997524775047,0.19920850829013595,1
0.5369046203531678,0.8286279138026875,0.39187386688101405,0.025142516937599113,0
0.5696957965049695,0.7667650146874978,0.5604028059905357,0.09096223682029952,1
0.4408300712616847,0.7927775888287191,0.05016981562651046,0.1469516607968603,0
0.540746361022459,0.7250279796114336,0.48987608544914807,0.15634772790998908,1
0.38597977600380823,0.5027196502867345,0.0719815615838852,0.565127411926377,0
0.3660265190613493,0.41272366545582706,0.22928503262718392,0.4543958827264029,0
0.6651118477792072,0.8959080106264601,0.7166298082521305,0.010844499951689634,1
0.29944431737503563,0.3479766893759256,0.25747662051848585,0.24106493265763523,0
0.7847402668355989,0.8257184823317546,0.8450022899125802,0.591901693479738,1
0.804065361727134,0.9574972514865088,0.6614891987721025,0.6343498817612445,1
0.2959307117333824,0.4527380609892284,0.2313047590611559,0.0008512676021071863,0
0.4714946753877893,0.6036721342646841,0.45913884035264535,0.15958478074826812,0
0.6496773306057103,0.8610349362240408,0.6305786493081316,0.1499313385062521,1
0.8156288611560654,0.9711882432663297,0.7175601614413014,0.5738334554525503,1
0.3036419357804279,0.3545384281779087,0.021371860672654796,0.5998058174483856,0
0.1479110017416959,0.027498240341074356,0.35018187665672373,0.14553659287070805,0
0.6758745026755065,0.9333834215154239,0.35060693666298676,0.5200035545944931,1
0.7932312181991482,0.8126451674781757,0.8723869093602505,0.6259628082599259,1
0.643744128020918,0.946802240342639,0.36929152417376937,0.2977777529873382,1
0.41850850520045524,0.4702422056946435,0.49891456983583654,0.16856515701191285,1
0.48189400901757196,0.6901189355129334,0.310095682207469,0.21902918299432284,1
0.6418880315526203,0.722192244948468,0.883999145819627,0.07796082666249088,1
0.39211323256023467,0.4548793249248628,0.28728907040265,0.39243424488504114,0
0.34647370466137506,0.3977553919184709,0.1261643966225147,0.548733448576926,0
0.7782193683144402,0.9837517089260924,0.64314139618009,0.4670054749868346,1
0.4417329334653119,0.5239546273527087,0.5965539729514093,0.003947139517673825,0
0.8340832581475656,0.9005295103165208,0.8716704897452701,0.6115867803286208,0
0.24843520230104396,0.12316712992735984,0.5347678319778014,0.13210643872011799,0
0.4462222100665466,0.47475485184733945,0.5498639267842947,0.21942803053794224,0
0.4509379744121631,0.5272704242122911,0.3574482572543323,0.4003414256485894,0
0.37697690783222465,0.40999586548462946,0.3992918598558147,0.2609570856658275,0
0.5590745445893847,0.5522813740095994,0.5519046757054138,0.5868122743648039,0
0.5395788268900952,0.64184603872191,0.6973277569552212,0.047287402212868944,1
0.17818197370663227,0.002287216550673854,0.519287126361567,0.10626113761412619,0
0.3899169328971691,0.7344153781014261,0.008550905710420054,0.1007198606666501,0
0.6097182791250367,0.7756140448912388,0.5238182334565744,0.32382893321222495,1
0.5222767413207063,0.7213522430699534,0.2616331342391686,0.41555339756989496,0
0.5423213486707377,0.7082139763640702,0.3712965253572156,0.38412701440768965,1
0.741235178914177,0.9636204079193136,0.4647504015974656,0.5999992723764024,0
0.46772392190595224,0.628744866336384,0.4209839552724966,0.13528151078005607,1
0.3462721029853846,0.4969465011716828,0.2101713061480024,0.17373730277571225,0
0.39613523384995336,0.4258321112017309,0.46640298242791955,0.2164914176035602,0
0.3703855867278708,0.329853440857635,0.4430988735534805,0.36264602116504546,0
0.37687772231272854,0.34999207531388593,0.5903286004686127,0.12391552257600896,0
0.17687974921041894,0.266500413027146,0.025284998948685477,0.1802202150612015,0
0.678799738577474,0.8673322963180614,0.6867632039006002,0.1955231462413162,1
0.7192526413866273,0.9506843189058477,0.5793651060041599,0.35050475066227704,1
0.12536970782932805,0.005611550402482024,0.02989716440311354,0.5679739165357648,0
0.41244307218804604,0.6112608850768275,0.2554814450567547,0.15084098066302928,0
0.42115736478720583,0.37488395504005967,0.42535888415185175,0.5305386101081024,0
0.3908396828275071,0.7353808125756601,0.07688274780518152,0.00042226099061282163,0
0.6744800953532762,0.9808998863382733,0.4413947733414202,0.25805860090856786,1
0.4968236329626061,0.7545365828892727,0.30365416780507604,0.14229545588223472,1
0.666025817418254,0.6337777284559556,0.8322234121983316,0.49734964765388334,0
0.7604854350778247,0.764724358634228,0.8820819067429442,0.5674934186891372,1
0.6482751509212075,0.6750374727757965,0.5728615754853562,0.6944897094385115,1
0.490181597742663,0.5808473355633561,0.40071688679250117,0.397714319616173,1
0.7165935384549895,0.9718395888028686,0.6665694198731618,0.15351459045803384,1
0.4427791067293798,0.6628594225602573,0.12021576238835716,0.37642333366372,0
0.6716635707500644,0.9026597709666462,0.6847138981334487,0.07459757913353357,1
0.5944277020772368,0.8520047378305595,0.4810712602473669,0.12051977543873514,1
0.649120816685189,0.7716104485429651,0.7974229534510096,0.12044353189201745,1
0.5774748619232533,0.6253313914810232,0.7432556519287484,0.20916235302058522,1
0.21983274438884373,0.20358519787780543,0.20978267812394435,0.27552671006378854,1
0.33067860711127156,0.39156146706313466,0.19813940673462951,0.377280257796577,0
0.7757955697870937,0.9979259571318433,0.5705697893300223,0.528308272110827,1
0.44783550050292237,0.7161635158351334,0.21485454541631951,0.12648689480229935,1
0.5713248958001436,0.9009315657734212,0.328114213600293,0.11212424416672506,1
0.2299008334621762,0.24711110604500633,0.17544489612006978,0.26855905801826063,0
0.26701110908210346,0.15810549322353096,0.4375971699037517,0.2833960574960625,0
0.6427302073487328,0.6196296190897091,0.7140579118276487,0.5934901212779179,0
0.6900693653602568,0.9502984065438588,0.4721783619674007,0.36633326749053585,1
0.7292844056065726,0.7265101508739897,0.7540498874705591,0.6990718196420498,1
0.7312297717144176,0.9404526507288824,0.7200060924404545,0.22500809308920014,1
0.6516677608645768,0.610406961420628,0.7924414718549884,0.5436591929888313,1
0.36249406154888836,0.4670572027061415,0.41918276323671094,0.016053156124021493,0
0.583073447908519,0.7344519874117494,0.4767336449798396,0.36413680354346206,1
0.2871777127104008,0.33867267966960424,0.27769554431030197,0.17266354791254038,0
0.7374596502850964,0.8711887410180179,0.7496865774735538,0.3847965326701062,1
0.6056514610259045,0.906750227242879,0.3575277226206513,0.22509015309134797,1
0.5870745910328999,0.640714395499607,0.8824995899142813,0.009837581544060347,1
0.5872697798355244,0.6387738167157254,0.7697146299872553,0.18484241240742524,1
0.19763813184720563,0.12537535298065716,0.2770223628000565,0.25921873258430056,0
0.5503048399666721,0.5288142936320962,0.596751984671895,0.5343604887452771,0
0.5580590991850337,0.8348495762147923,0.3474415064207734,0.18200929575702773,1
0.6803934202075314,0.6458120294143893,0.7800468415149167,0.6173667652293087,1
0.6809041508262196,0.7273596471313839,0.7497577475911856,0.4614850149158595,1
0.6414141555654358,0.6999304351238889,0.6107950635324573,0.5410520947187709,1
0.15640043749621563,0.0339089862866528,0.08923188695608221,0.5633818913303229,0
0.45762348959779775,0.6403004566835403,0.26234113176326584,0.2938546086352391,1
0.5105524203823534,0.5347843182675306,0.5250569312334402,0.42821590939278026,0
0.28725795452472547,0.2543181720439935,0.5044032091282911,0.043889528821207245,0
0.25742433635791856,0.13544322524346494,0.5675996068173811,0.09711420845485882,0
0.3867993591365044,0.48139849673264057,0.20278315751749498,0.42632581757467775,0
0.34156409675054566,0.5208681469491779,0.10155425224227263,0.2533187380163744,0
0.8292413264347145,0.9524932862686836,0.797327335125771,0.5689824138132071,1
0.31003929730173524,0.24260062149668854,0.5014239882192301,0.1915589504381096,0
0.3809543189141873,0.5906523826252367,0.03185687669846888,0.38035532296014146,0
0.08231187947203233,0.12257055009376067,0.0343892143648181,0.05354920057853287,0
0.5727927425309486,0.6750859193464345,0.5962589260135016,0.28186052526840416,0
0.765659355127122,0.9088049728443952,0.8512787957894055,0.2793661498405143,1
0.5845386275044107,0.7785000084645237,0.5409120496081657,0.16507504194849537,1
0.6658519909277272,0.9346562985626177,0.5816670762393839,0.12011859387301597,0
0.6153651746087501,0.8625076157309961,0.4829733082495169,0.19609687134198456,1
0.7924822517843001,0.962841448862486,0.7054491069363418,0.4971339763607729,1
0.7526411016914447,0.9662979431514838,0.4954168858425506,0.6043353218146885,1
0.250563224010964,0.2554391712062232,0.40270999699737015,0.010153196543206544,0
0.5811176482258575,0.718964783637432,0.4252532933994422,0.47029634193654457,1
0.3550404656156989,0.35267704620499585,0.4077699747165583,0.2818547504911675,0
0.5943894319931942,0.7328652190813807,0.34801165531596573,0.6177666292885706,0
0.4896745412259724,0.4984322262112178,0.5794090864541656,0.33317851092056916,0
0.6953572749304402,0.9208103521094374,0.6535726221987769,0.19440156108044246,0
0.6505517538817415,0.6772165963475616,0.8471925885428886,0.2889283957254703,1
0.5547343374352526,0.6617778573941544,0.37755956753723946,0.5528876923850179,1
0.7772474630462911,0.9539396238025443,0.6036888933843572,0.5958549156485595,1
0.6686772590169188,0.7887522849717957,0.5610517446623506,0.5299279656615783,1
0.4544493883540566,0.6576628595685433,0.3633628745207402,0.08304548106781473,0
0.526505807146504,0.7201087648570107,0.305600743932015,0.37385600769197075,1
0.6453395445852884,0.7392125693638057,0.8220572337682632,0.1455804488645327,1
0.3669954023111922,0.2761297752925613,0.3861296717280388,0.5654580657324998,0
0.1957424585067873,0.05970375974833689,0.45318404920443744,0.1496768193564379,0
0.5611937330666782,0.778953629121648,0.4392149722841998,0.1997621341029716,1
0.540704934789218,0.6122770814430614,0.5714948274630016,0.3155897291439343,0
0.37180589760852023,0.5819969226531047,0.06044821687608428,0.3133648560957132,0
0.36618034736392024,0.4035811695047435,0.4308672224099171,0.17564797944286675,0
0.18724417866996867,0.15937186807515166,0.062247131785245234,0.4444205254840964,0
0.32752800499412993,0.34200960236834543,0.4031073491058772,0.17795499539097046,0
0.5536913546166858,0.8345780692059184,0.3146900648805662,0.20997650274778415,1
0.35870224106722914,0.6295134539837284,0.036649974909517664,0.1647526080125483,0
0.7707137001882406,0.9789279182918418,0.8982158169835037,0.05892497973634265,1
0.5479362101340992,0.6442768296118464,0.37301417242445367,0.5694677180041994,1
0.4984999643326062,0.7643384271614874,0.2115227412014956,0.264369641957069,0
0.5619847926429364,0.6630093365269918,0.5561591158598018,0.31816194810749965,1
0.12883735932798598,0.003906752000998193,0.3600081329323823,0.094407717238861,0
0.5404852635445899,0.7320396951825793,0.398027992749521,0.27528509064222,1
0.29839738693802115,0.1956625195593895,0.349429297977863,0.47868668882483756,0
0.481979009767989,0.6724961186970727,0.2586317574045424,0.34070711599044967,0
0.5657849817906898,0.6641248099929032,0.42966723304930265,0.5241120343972372,1
0.5268568303645066,0.8220040983759621,0.37840230538719355,0.011670447801837769,1
0.567867210232128,0.6908954887139107,0.6289583050999592,0.1686598717259246,1
0.48271351345873537,0.48308821500178745,0.42736336219528587,0.5648019864962793,1
0.5038659706617007,0.7491313203203052,0.41355828462965105,0.02616412556326393,0
0.1380798799193404,0.07622571710110444,0.1203644254722424,0.3192884686355772,1
0.810782128744062,0.8609030425863422,0.8637150239878069,0.6060805012727442,1
0.6767660993444718,0.9215530961235494,0.522676533931639,0.29593295551602744,1
0.3564815703251476,0.5581470626461125,0.043119605904648424,0.32236078615348424,0
0.16687305469060554,0.06102521071426841,0.22047843934282765,0.35108458765311507,0
0.5634599273445593,0.7937508290919189,0.3680703022099125,0.2808171106781306,0
0.3348954164358015,0.6269779153572523,0.04198345120497071,0.04405711697842061,0
0.7081528741406309,0.7384003468952057,0.7882008459681293,0.5124622345129459,1
0.6276240365799879,0.8474859112678568,0.3853116078090163,0.4414379930167734,1
0.6944121565421508,0.8244892271560177,0.8776163113034987,0.09441324786546189,1
0.6691318854064203,0.7076522002891223,0.6644312720576985,0.5798820182227484,1
0.6440487112932695,0.6906794607658843,0.6907451572696087,0.4574271686472238,1
0.7378166866637842,0.9941458248672889,0.3996607276422611,0.6042277796873067,1
0.34348383662131926,0.25425650245242154,0.46795863250837666,0.3798399782129773,0
0.36314270692076234,0.45253968933282285,0.24497771221162465,0.3168977429543178,1
0.6218201215283643,0.7577926071755018,0.7298599054535431,0.11982923152275209,1
0.19311018404153582,0.15578311103698983,0.199587244038465,0.27671227655750713,0
0.35002752545454724,0.49553325741139953,0.18785698394921158,0.22951900782042006,0
0.5955775196106021,0.806343775194448,0.36188331163816345,0.4192031926096455,1
0.6432902213725283,0.6723537721288361,0.6920185719618192,0.497538818597823,1
0.33271895884465463,0.3391849031066957,0.1910114682470638,0.5291153340859382,0
0.5580611957396224,0.7051485328639131,0.45147075521795466,0.35022851371139757,1
0.7013822044042914,0.971295459244866,0.6639034994238293,0.08281712477354843,0
0.5303083266533835,0.7149363049773217,0.43102915174362383,0.21765714320817697,0
0.3520030972298843,0.5232378528427163,0.165316728477695,0.20394576132608833,0
0.6863904596529256,0.9329465433860004,0.32717113505498197,0.6088292372171537,1
0.16133125203237117,0.07092896646688755,0.21741783487974495,0.3032070916750196,0
0.6895851179132183,0.9804778640015365,0.3925461732570428,0.4079116696766858,0
0.2415131634561823,0.07804991702527407,0.4396636118005489,0.35294560701690286,0
0.5559014600503174,0.8035736607005417,0.3278544268665733,0.27879150820037274,1
0.16533808398297944,0.21126720343056313,0.09581902750966917,0.15479387007398568,0
0.24206020782844206,0.03887190874124924,0.3609571885892037,0.5716854844052816,0
0.5940851204013922,0.7161237026830681,0.6621724576689312,0.18685765879589342,1
0.31926993542672427,0.394850945239164,0.30433996304279726,0.15271236947151548,1
0.6169878328549618,0.7485010548353108,0.6778726648349511,0.19687752993410523,1
0.4523858406331176,0.7222254039350506,0.05822936193133821,0.36902165043095403,0
0.6591493100860353,0.958798719509198,0.44673770597152396,0.22864319269989536,1
0.7183330924527428,0.9037364400089549,0.6531082659747757,0.3526619632791631,1
0.49918101893133976,0.7112586981879885,0.3167919355253402,0.24257044589871748,1
0.493472877700118,0.5524105063365636,0.5590096883825536,0.2478235900853506,0
0.27446699789091206,0.12015263604632356,0.3632731939321167,0.5270436084405763,0
0.6860488151382238,0.6203776356012088,0.8094921727197393,0.6650617276084883,1
0.3646690488634001,0.25565378009678214,0.5221778052417998,0.40094408621234573,1
0.7733140675881505,0.9329039205580805,0.5883359344793511,0.6518066348265246,1
0.2437517242685648,0.2401650328292079,0.12299628174909227,0.4338516166461659,1
0.5694217597898024,0.6371141816506958,0.7226574201300471,0.17033721462720192,1
0.441235269424193,0.6548570201476606,0.19923843253738086,0.27017614794574235,0
0.8322385123973084,0.9707721450238667,0.8389414978618308,0.4758499526341291,1
0.5371273767698044,0.7804681367012107,0.2726498460997669,0.32549177294634474,0
0.6260330731887551,0.7114424210533804,0.44603081747173245,0.6825130871027255,0
0.5932864781760758,0.7151419504192615,0.650429013243019,0.20293399496769654,1
0.3315869359117021,0.1360004273961696,0.5521816582654808,0.489661123669865,0
0.4300450072961481,0.6442956237458881,0.23520795039434567,0.1866740515245016,0
0.7543356617877107,0.9059995429664103,0.6516821731043585,0.5291561918659905,1
0.6666734895561442,0.9167389159164295,0.6918748005323646,0.0037079571911005967,1
0.27887166132479374,0.1173953940355844,0.43490275263334144,0.4485156925849955,0
0.5664245311705606,0.6616763528758526,0.749250718646736,0.05405569569306748,1
0.5556006014396347,0.8220792169307298,0.4058745918173397,0.11399307714533953,1
0.5840354062668471,0.6551281126560443,0.47580402723498494,0.5686507088416474,0
0.3485415923427096,0.18556223992921989,0.49865111914464333,0.5308256831735333,0
0.4068720288225573,0.3965445119833623,0.3612533277491854,0.5011188725306026,0
0.28653374301851253,0.22408284092359107,0.48642130364667613,0.14282965731357095,1
0.6181739523892344,0.6830869013406157,0.6727399069281982,0.37404264820233546,1
0.7789497735957733,0.8730352488867532,0.7361404215925091,0.6079501133732202,1
0.5610365579115035,0.6372781205390812,0.4421541883663615,0.5487562056602723,0
0.6241125303987994,0.8044691850002892,0.35709478404285844,0.5737475134289866,1
0.2915847033692108,0.4491440926410144,0.2021529477678915,0.03183386359168074,0
0.2342664646911492,0.11913633387720797,0.25295734117064667,0.49405547700675606,0
0.7215510861467639,0.7573207534797232,0.7330738447834336,0.6148427798593606,1
0.34336396161594135,0.4852711317469157,0.2527392314812253,0.12453313149057951,0
0.6362230141291728,0.832977896615751,0.6609830214833177,0.1071957968815101,1
0.6862892382925111,0.7973936631052868,0.8418574527952738,0.17517585450642825,1
0.3451950240718702,0.4500280635664143,0.22904061467522385,0.2573440394304794,0
0.28541871560520826,0.4616407038965331,0.05882324754698931,0.18475694696422457,0
0.8263787139881834,0.9305642199890837,0.8842546606611883,0.4791010289764258,1
0.6166691238235266,0.7815587528305199,0.412052853426842,0.51136945690107,1
0.6267710025821409,0.7561034515788781,0.4910317482256876,0.5070487616249776,1
0.45896745593042537,0.3854777886774545,0.516089376235105,0.5570087436058332,0
0.615305733781008,0.6310978667700168,0.5778159792533191,0.632060033100019,1
0.5873970283582096,0.780882006275672,0.5629839717373774,0.14030416849580246,1
0.6960112500766515,0.6206885966665564,0.832083563568379,0.680209413364298,1
0.40539443519460966,0.4816087682419281,0.35035503841877386,0.29741769774006727,0
0.6767680745548997,0.9758179363118173,0.5021561086212651,0.19106136906305768,1
0.6084718093504269,0.7886332471401821,0.5356042610415774,0.267369537339313,0
0.6844209660203835,0.9395168452544355,0.3830224157361621,0.4987790933615853,1
0.4818566073564294,0.6960995793118567,0.3002501501418623,0.21865886328971165,1
0.4309377526800305,0.7492341458969379,0.0034044650157650123,0.27649670113416003,0
0.7737008115482282,0.8330729846923035,0.7946905627435972,0.5937857518949868,1
0.2709473363014555,0.3324448034340674,0.09407861890116187,0.3825067445703661,0
0.30131720929525974,0.08475323719980637,0.526162813994555,0.5054587324849503,0
0.30301199906114995,0.2814717543837009,0.30857735155781835,0.3485145820097697,0
0.5878806454621283,0.7125535568087986,0.5439588862211777,0.3420810059568786,1
0.23182741087205527,0.13606968538292136,0.2550848283852332,0.4363355983251233,0
0.6321275980657358,0.9711181720689122,0.4848761772217611,0.005528294323757232,1
0.08177678131124978,0.12206049164801805,0.0034868971006504212,0.09850233178522812,0
0.3624202928705361,0.5718699637745618,0.10113963579113558,0.23071710122957267,0
0.176455438410409,0.017499946630241327,0.40621947188215596,0.22919811765320783,0
0.7277598362082693,0.947039146229277,0.5608930340978917,0.42986176432131645,1
0.3467248838643928,0.1610949415243984,0.5720199769168789,0.47285710013564974,0
0.2506014165151905,0.09262914021704508,0.3409906429264991,0.5099482676435911,0
0.5082767838881002,0.7856747089769018,0.18627264006048355,0.2977881869075209,0
0.7114410547818761,0.9026012190909242,0.5997452270150634,0.40108438565947563,1
0.18100568710338688,0.16327229931909493,0.21492302420446488,0.17446315091249967,0
0.7051076784395947,0.9317714459530946,0.7698077012741056,0.04139822540407834,1
0.6513492741510067,0.8413697817333285,0.6511859427513143,0.1765430022947413,1
0.8237004254339357,0.9497337025339253,0.8426146200549849,0.4802459407523885,1
0.34327505490984284,0.1822268059772287,0.4759812210104405,0.5468364280904816,1
0.6362213623927372,0.7601804980981113,0.4249679966614831,0.6432035717261831,1
0.8158378935575434,0.9967097903714843,0.6474096658741068,0.6163004930478463,1
0.6427766049302789,0.7311230882775944,0.5074182183905148,0.6249479763716362,1
0.6041739901721092,0.7058846842478149,0.5849984704286244,0.3786605345980719,1
0.11083567288759573,0.004518618856073964,0.008048909891030487,0.530808452461248,0
0.5295654237865403,0.6515509618681901,0.5753065118754449,0.15598994644905884,1
0.5348359708488403,0.6831992294833842,0.5657452987924978,0.11756383234699384,1
0.5362521485169554,0.7738416702723862,0.3741037544035652,0.18550093529846357,1
0.7115257241415174,0.8371826524598465,0.5102202568289689,0.6993416043145174,1
0.44026100002980006,0.7220243608713267,0.11343228859102572,0.226095665084145,0
0.7087091076026304,0.8494185478570984,0.6631466164905511,0.4252792436345796,1
0.6184072308845326,0.7370601184134562,0.5247296887532698,0.4622913252591183,1
0.5304359409755282,0.6524039275698394,0.5004763511244492,0.2704553592663686,0
0.6485548250492044,0.7854702858726004,0.550001646577529,0.4540959406982273,1
0.5505573057020583,0.7231468871588582,0.33681523119385776,0.43969646382235916,0
0.2799204406796803,0.24624654389774314,0.31006285906177117,0.3188915550613868,0
0.5188931437765946,0.6003959975705544,0.3652302238118156,0.5456303892388634,1
0.6653238082271425,0.8703639967262259,0.3763545709708359,0.5861771928638942,1
0.4228879657851733,0.623077068666576,0.34037630863869334,0.04618269430138656,1
0.1603180455496683,0.1802854140918406,0.04973784250793092,0.2762699287568437,0
0.6008463754545611,0.6744555016416955,0.7852307230573488,0.1402470385825432,1
0.3711397990987199,0.5950657068862544,0.15782917804912797,0.13129096120427178,0
0.643471099882654,0.6317267596725793,0.8303953692906254,0.39244554629588446,1
0.37011419254538674,0.5611991561473263,0.20224603016544948,0.1442040271104439,0
0.7723865682786234,0.8732195812969819,0.8431117940201853,0.41421619712038427,1
0.33867859924441307,0.2438646593830699,0.42624288363916707,0.44436702230564,0
0.5057654153815837,0.7030748365091989,0.4409569077303205,0.10970462403944063,1
0.5281360937168088,0.7157280544409338,0.5062003891685142,0.09205974872893835,1
0.7098875895805559,0.616645669544757,0.8979031557807353,0.6609690403697845,1
0.6236677122408498,0.740772678088512,0.5120346352440003,0.49835491311696845,0
0.5219065163919536,0.5967727477676181,0.4499077128679568,0.44273914323878794,1
0.7206527678716923,0.9792590738059336,0.5289249903767377,0.3617286692785212,1
0.48758550565414827,0.46776537710827376,0.5980999742268142,0.37136412415983594,0
0.5228001056648339,0.6019429351109116,0.4673165749429212,0.40816832813250853,1
0.40940379023316487,0.6087776777048801,0.05805160989694329,0.43799734205820917,0
0.50998450906187,0.7477091365363875,0.40565845756103525,0.07216201762682857,1
0.32365447009832693,0.21384412618004164,0.4541875324245146,0.40238073640475863,0
0.7057926485081568,0.9927223790170142,0.4988783291889036,0.29883980121489273,1
0.2640511063269829,0.24249307299485878,0.13804132497381943,0.5069608616870385,0
0.5609964845638666,0.8182702776324191,0.31876635076488385,0.28115720259095994,1
0.57697620282596,0.7392052058684282,0.598371614526604,0.13931057766882282,1
0.10849113741104316,0.06651842535834644,0.23448276064174156,0.02443548269673732,0
0.23423828932783086,0.18896231149671144,0.2022284268890633,0.3954430275637807,0
0.4465385375143674,0.5445415271790948,0.4771967019514374,0.15554381669694395,0
0.6147630692345092,0.8048971884426508,0.38922863639039895,0.4777294204803207,1
0.6655306838776481,0.8869910343882623,0.46401909014116693,0.41414719820583473,1
0.3285938696625062,0.41029375902677007,0.3508596422899358,0.090945487310702,0
0.4890991962595388,0.44883288372109287,0.4892107708610143,0.5895976157034405,0
0.6973084895168565,0.8029170806328173,0.5617479125677306,0.6366278771506434,1
0.49041731960967044,0.6884037600953165,0.27355722491342976,0.3207413604399164,0
0.5534255851875428,0.7962431662047488,0.5165416760947699,0.001707496283687193,1
0.30736328871678725,0.31555419098505894,0.3491814479364739,0.2241587942165781,0
0.33095111285990825,0.27449642363607724,0.5695806420734559,0.11414354209916439,0
0.5991748285397718,0.6016030418933358,0.6105031466361295,0.5761118180113252,1
0.6495675868674067,0.8903078538861735,0.4993276672683974,0.2730767987190036,1
0.38421585687537163,0.3808875456265294,0.4152204145278875,0.3460297985187037,0
0.7175041714417393,0.8786899781098214,0.5661418800984982,0.5415830917863956,1
0.5653945857797821,0.6396627882395257,0.6761532094228134,0.2135861441658758,1
0.763271380273857,0.9561055847294475,0.5653694190735833,0.5780388109352914,1
0.47555228030196206,0.5877871340312288,0.47660853593215735,0.19338076253350214,0
0.5632990666675051,0.7898035094887006,0.16480974288283673,0.5947719452915184,0
0.6768419840523243,0.8376383947804751,0.8409445962993416,0.02869703886142155,1
0.30569163566318375,0.32981449559142695,0.4187752097132638,0.07575912476745573,0
0.6353471312849186,0.7725121617574944,0.5519732787228371,0.41749533394660143,0
0.18492802417970108,0.19385417514045777,0.08003280872506398,0.31995546995976504,0
0.8656199909182377,0.9691457451700762,0.8924040981765937,0.5666294444011073,1
0.41017799485476564,0.6375888618523721,0.06246462511724651,0.36322088196702823,0
0.7099710485869565,0.9386684202032974,0.7796794694561717,0.03366498824228108,1
0.2692342513983304,0.3840473782720006,0.11651232050725537,0.21128433055076756,0
0.6709412624771027,0.8838313140402483,0.6920428872021854,0.10706369648161468,1
0.20671315845399296,0.07395815345776464,0.23001167975157547,0.50365288899819,0
0.7427974713751788,0.8949841780767263,0.82162050630436,0.2440961522275385,1
0.5933469066832903,0.6021719336514801,0.6681563626296666,0.4590701553432512,0
0.5455194762351085,0.6004269860090988,0.36142219800907366,0.684396619139185,1
0.2931332573555174,0.2429985839737328,0.39341141904238763,0.2680526982796735,0
0.2238473967918039,0.14795028448900835,0.19590687730513698,0.45550095677879315,0
0.32518817580236115,0.5390395998021552,0.056950319327663965,0.1929164005149218,0
0.495031295102519,0.6941928827305271,0.18065857767488305,0.4686864021739524,0
0.648744076931385,0.7063479845838079,0.6358337074666154,0.5240998619974826,1
0.24414472359923664,0.12237511364256735,0.4526436335268058,0.23582038359955604,1
0.662434936369686,0.8394113956173065,0.7408220933397514,0.10241305279553696,1
0.7935006024782263,0.9559596028289324,0.7189453643935142,0.4991859587285288,0
0.43312783247436965,0.3513586214251257,0.5657178726083176,0.4386657998965577,0
0.6764658901472296,0.8872249346537002,0.5374600859434622,0.3580769851867039,1
0.756401002826887,0.7163671352560474,0.8772086182913161,0.6752742485573423,1
0.11129962316628597,0.13631260776356707,0.05968909169398648,0.12618295888153247,0
0.4569435683707967,0.6091215484118789,0.3122210842106266,0.29358234450834625,1
0.3466432826665554,0.42911769347167833,0.09894326312855052,0.5120072849607554,0
0.4250442344318613,0.3206240642765454,0.5110863932734536,0.5570314215577626,0
0.576827013684494,0.7569938937059775,0.5552492848662284,0.15877640685818348,1
0.2913577396959175,0.12030546599051757,0.44452935715743896,0.48923099776713525,0
0.6097588089773791,0.6817438180846556,0.8031779900189118,0.1396675146468891,1
0.28441799811234764,0.29691731005442534,0.4098035292556244,0.06509142154223814,0
0.3201520326723749,0.2934143608059522,0.3488756860725613,0.34391073223815205,0
0.4435974685544328,0.7240858294839638,0.16748106096724005,0.15655117761139414,0
0.2537467685411921,0.17166562993030532,0.49468781324201827,0.09753804801716988,0
0.5508317634896418,0.6411190784578997,0.631596813662188,0.2039659008101779,1
0.36986545713513935,0.7058018433276348,0.007958028890099222,0.07288563402146087,0
0.05393920110034339,0.08080397673406692,0.0004104296895824699,0.06707041913217597,0
0.7128156436848005,0.7573828295953287,0.7511441848441301,0.5439048671694855,1
0.6420286959658799,0.6691775745768312,0.6568216031505603,0.5519671386614808,1
0.5343353169430791,0.6169384455994819,0.5329552170074707,0.3298976452054846,1
0.32814881132750817,0.30528843356333485,0.21087771922898196,0.5612063938857309,0
0.7302711775413918,0.978409781423238,0.49630251508554346,0.46087766152054893,1
0.7025961834121283,0.8201294022790557,0.6276313476452603,0.5212103898951115,1
0.194069883392059,0.14394863326187854,0.03581751765176555,0.5567515573279502,0
0.7252971774971637,0.8832364942734352,0.7548010590800079,0.2861930631822187,1
0.48027460224382545,0.6965086951835628,0.34171132388381426,0.14753428743449876,0
0.7629819562945227,0.9743749997742903,0.6034402123106133,0.47381196357096733,1
0.6547682064227289,0.7893957604227815,0.5846496269355864,0.4233771906533114,1
0.4788998601134544,0.640442466374234,0.5038102352817061,0.03767778170912812,1
0.2736656633138624,0.4962638331766427,0.060306507722551195,0.03720897204387854,0
0.6110985310814814,0.6171830509502578,0.5534102212150307,0.682419696209216,1
0.5959656406611983,0.94104908761578,0.36988836955992593,0.07237292992665256,1
0.1502613522981947,0.05562837400759531,0.08968841340051033,0.47770320637121966,0
0.23004242552649648,0.265956799118994,0.12750738260104058,0.29405905593343645,0
0.6967487160865052,0.829538120809839,0.6585829013759058,0.42202392634407015,1
0.5792625062926877,0.7728599590726682,0.4448228282415521,0.29692839141943983,0
0.34793044289367114,0.10259201350783238,0.5952073509952015,0.5903611542059726,0
0.7000615282248679,0.7151236059845472,0.6949441834866639,0.6700823509329755,1
0.4546202576465412,0.6609306840630302,0.39998168581708465,0.020802049349503304,0
0.5178174774427452,0.5881781535952217,0.5158293100201572,0.344898038195436,0
0.2649461021088302,0.0468364428161169,0.5043526935785936,0.4511103631359682,0
0.5912528881213058,0.6931409139774825,0.7476625392429008,0.10191834679847193,1
0.48018633403933253,0.4358626878448075,0.5685456544532934,0.4584564689047038,0
0.5997349644139508,0.6203333847793908,0.8475495286183812,0.17651706719370497,1
0.25065167157522783,0.20212965196391455,0.3376681145813547,0.24143205609432083,0
0.7470603944868752,0.7590100098219972,0.7951384302595352,0.6450693024900805,1
0.7745112180857109,0.9903590161471585,0.7648215558067364,0.2494262163505537,1
0.4281474665096295,0.7037038872007058,0.2032387554228803,0.07661948141206276,0
0.3116873235690996,0.2915863684419695,0.4698399188658589,0.12471081844178579,0
0.4524891277232502,0.6751614316145906,0.33775800778232795,0.06790504790628239,1
0.4023552593255345,0.432577273058615,0.4152437617402539,0.3074674713707542,0
0.39580313630272806,0.5660553279807509,0.18738539845847413,0.282799263874052,0
0.33558698106395013,0.3021029058653901,0.3152705215548823,0.44977185832395195,0
0.43510898471162224,0.4672124617412773,0.398170210535006,0.4102584534024089,0
0.4781107190253743,0.48165040626638406,0.5979166914847797,0.28955254223374205,0
0.495656306263807,0.6243319470005445,0.5564549683637363,0.08276921127206925,1
0.6737073293157444,0.9273231474815452,0.4343606350153798,0.39868782535178937,1
0.24455245050204244,0.3315386502914355,0.16698372084568042,0.14344004551310294,0
0.6445074692421248,0.7659408022104661,0.6170699367015813,0.38208043563208666,1
0.4051837775972801,0.4358209279711962,0.2814156402557572,0.514243107674774,0
0.7818234191874112,0.7994558187505261,0.8501739515170708,0.6352166217851343,1
0.3506986941310988,0.3123198769806197,0.509164660716857,0.20894678712865947,0
0.6582220394219247,0.646196025466142,0.7758476596170127,0.5118486440187494,1
0.6837028154434239,0.941112451852765,0.5500393523364269,0.24067391908056707,1
0.7033600902560915,0.7084551544940362,0.8911775539417497,0.40889623413274245,0
0.648737314865196,0.8351287718276117,0.3478599854913369,0.6340746665199453,1
0.7648962869596221,0.9417571163973995,0.6920888136671464,0.43195542330389264,1
0.5393567371409131,0.6367319802885327,0.5464053906616874,0.285345648990703,0
0.6646318612461768,0.8984534222917238,0.3117299829857838,0.6094307760228991,1
0.6432402589544228,0.609929252719429,0.8301308437508061,0.4461818973473322,0
0.4669205606538391,0.6783222745072938,0.18402983627604472,0.3627523625868938,0
0.06416376057881723,0.06720419581780882,0.009401896350312744,0.13870546882409496,0
0.22715176623144998,0.009127996228602964,0.5052124661005898,0.35512014143485787,1
0.0962271407103801,0.013476914085566883,0.0030373000790846925,0.44288746821935626,1
0.5168847023486693,0.6144099627345065,0.40238661562961636,0.4448186814626556,1
0.38250918068934103,0.3324562236474642,0.5409914518410186,0.2699181665665167,0
0.4621639232209889,0.5689269470132067,0.39872776130424786,0.2904106066155561,0
0.5447736871572587,0.7636140528182919,0.33753107176637664,0.30853669609099893,1
0.3870555254169373,0.5735559249434383,0.11031362234605015,0.3359173812070153,0
0.3874360517455648,0.24446488567896918,0.5794670325555823,0.4568174956970275,0
0.6700902598732412,0.7782930653438931,0.5155670075977439,0.631368124609858,1
0.6073309683263055,0.7987666384521398,0.37943117475261023,0.4705914833722621,1
0.6022254308054973,0.7937537036805804,0.4034186289506375,0.42161495140007915,1
0.35294204021830167,0.2076789366404168,0.5401294789687987,0.4353186410372684,0
0.5798927590318235,0.7315774601905971,0.6452418800020431,0.10265732467955997,1
0.6698290105879025,0.6979418988774864,0.6591980834746103,0.6154931805338808,1
0.4091202685638437,0.524514047062952,0.23188962179664846,0.386481792466866,0
0.2429876356148583,0.14265597197913235,0.3441205461604184,0.34211742888583296,0
0.5664704325004728,0.8344705181083888,0.365453978206492,0.19799489992165412,1
0.3021560256138853,0.5028086900742189,0.14745068774122277,0.03258237127204526,0
0.45725693090657266,0.6583172243254014,0.2518889176070505,0.26265821730878414,0
0.4317545816362107,0.6255832553649339,0.1443548920104111,0.3782824317531022,0
0.41810426793301303,0.4804967027912982,0.21962637556862516,0.5598400193338819,0
0.7074269041141388,0.8252542174340439,0.6443419761431015,0.5074860127709317,1
0.5870960181463327,0.6895044895269197,0.4266777838416444,0.5717021911518978,0
0.7704075507376934,0.9103164345748362,0.7265326096376938,0.48644775279483593,1
0.20069257673238253,0.032340306567731326,0.5905380468876555,0.03680504691110104,0
0.5755501414838365,0.6463229410518815,0.5943556433731262,0.3704098897297899,0
0.3268008419520459,0.3086500446593591,0.34159870843934564,0.3499810354528133,0
0.5780559768059023,0.7374446085942379,0.5993085794054881,0.14770549343568412,0
0.17649469866255804,0.05151661929256149,0.30527413852664,0.2957707372914265,0
0.6566006520409724,0.6159767700345876,0.7312564690488914,0.6461766315450556,1
0.6629810678514465,0.9128020682952709,0.4930975018179534,0.29325391579212545,1
0.7296030356606652,0.9604421252602707,0.6993523002739533,0.19788141474171916,1
0.3095460554423088,0.2775616993503633,0.4769985357931398,0.13832822514592616,0
0.7055559941128597,0.8887627118050705,0.6110283883661813,0.3893306085023505,1
0.2372668131555985,0.2668150645953272,0.295329429602953,0.07630225988524506,0
0.6651163365603213,0.8511008383163521,0.6468235487519591,0.22759426388278783,1
0.6824902331190427,0.6801083320360573,0.787108107689211,0.5315181739712537,1
0.5238803514872767,0.51817903659493,0.5810229366710061,0.45241976094254943,0
0.18829012177862295,0.17844062571171904,0.23023672454608723,0.14999395779468638,0
0.550662635456143,0.6339899012502953,0.7579946169272076,0.031346498764165405,1
0.6264553549174064,0.9427441567666281,0.35821821632001505,0.23808905819043918,1
0.6959984081617756,0.666301178736941,0.7728437565528636,0.6549734591372299,1
0.39984280942693773,0.6185494837407423,0.06788733075899755,0.35100934164433645,0
0.5161907370812172,0.6745933179023456,0.514639005249441,0.12251188277606055,1
0.2725281820074976,0.15528453387965754,0.5053764358312298,0.21636492159149956,1
0.2003692171471354,0.002432029078098008,0.40991907491914464,0.38088740066171506,0
0.2702805743067368,0.22154741994864047,0.2010492276494162,0.49596048018795863,0
0.5511849410862176,0.5563307324866335,0.5895653257696282,0.4807498855600624,0
0.8132093541778787,0.9669350690206704,0.7032094333797522,0.5938949482680889,1
0.45600910866717814,0.5541728976982215,0.28543106814790586,0.4664666968684779,0
0.7829431896485344,0.9482933493271455,0.6340019139329147,0.5929797040254359,0
0.38502437178086946,0.4534776641119829,0.2325802036149913,0.4425573932019032,0
0.6940963909629344,0.9081581532725308,0.3948610733661779,0.6077949615840784,1
0.532741493167859,0.7325675520351989,0.18390720108182104,0.5564277841285665,0
0.2420746751649605,0.051621901988357526,0.47125003415150585,0.3744435696266501,0
0.11995405886243223,0.03701741465388899,0.15808702003742006,0.2700962276213085,0
0.38964694858055426,0.6150552100080788,0.06741840894964643,0.3094691044581045,0
0.765069750333615,0.9262922542204227,0.8844084902672551,0.1830053807161356,1
0.5747704346850137,0.755952470664266,0.39073879506214365,0.39786280417118774,0
0.30484432634547837,0.2424225741630381,0.3820519587022923,0.3450872582663581,0
0.5004359567298337,0.591238164960125,0.5694715521692467,0.1698770429949855,0
0.7944408116403509,0.9130496418518188,0.7381282410869243,0.5823875919418207,1
0.7698776960422403,0.89827000026412,0.617144657977306,0.6779964925849429,1
0.2553570303402018,0.42052249363097477,0.08806545269317827,0.09338073858380476,0
0.587105771339807,0.6421030375132468,0.743864976960636,0.21447379747496403,1
0.5826281448881493,0.7424866028914054,0.40829591716154134,0.4444803414699208,0
0.6999148318682806,0.9526877693099083,0.4505441876782491,0.442038454549259,1
0.4611625654079297,0.43100858751143023,0.49444506719684966,0.48662375746579856,0
0.2193758673804603,0.08884168920531331,0.5394299080975604,0.06563025174267767,0
0.25374233229864357,0.21394240318873275,0.32928382360191044,0.23992991811852027,0
0.4861132374065106,0.6609248410852674,0.3605707195788681,0.23739800495108246,1
0.6844703613312697,0.9344463138367418,0.47679365331324497,0.3710455420946267,1
0.3077737809200396,0.2194824641463609,0.5598348479344936,0.1504104723325556,0
0.48013440781045436,0.6144082730961902,0.5314557552963302,0.06746772336730086,0
0.497688621056977,0.7457446305902445,0.3924431574624162,0.035416792615649284,1
0.497607304079022,0.6158240833560767,0.3790872422513013,0.37984544862796615,1
0.3068760325532735,0.1967833296768416,0.2968403697165957,0.5971612839993701,0
0.16602169435812494,0.08635916342180733,0.36015258781707454,0.07398168151049463,0
0.1729168684075982,0.047694538052015824,0.4349803467717699,0.09287747675029652,0
0.22048783535206787,0.01957552759301269,0.39244447542557054,0.46483364463945187,0
0.802483193580708,0.9405338597608816,0.7698529889537956,0.5063018350706426,1
0.5690956836284325,0.7674792465784794,0.2609401883488192,0.5353700191727352,0
0.14837189165005915,0.11606274553579254,0.24366552396047078,0.08620430847010818,0
0.2674205136555601,0.17832905921235823,0.5283846131546013,0.09870300051500298,0
0.5482367247859042,0.7870561026506386,0.504180386199917,0.0172727880030491,1
0.46812522264619044,0.7691873955360391,0.10039646492797023,0.2670629269988992,0
0.2354990912883088,0.20637096045195602,0.19202837626346486,0.3735254909164566,0
0.2469102933524319,0.1561472443203316,0.3989589141960655,0.24574498466723227,0
0.07873302372814732,0.05388363333119664,0.008390360751681935,0.24637049418522206,0
0.3284445989355072,0.33664133829587695,0.4181913493547289,0.17333262490575005,0
0.4897620433157976,0.4954937303899567,0.47633543243735876,0.495572741948058,0
0.4826767462685345,0.5396703284944078,0.4523010633933835,0.3857563150165781,0
0.5063802356235647,0.6265171802227082,0.2730243663044051,0.5560716781044454,0
0.3219468270082274,0.3752790084623451,0.31001654452774663,0.2065117970936544,0
0.3394949139525433,0.3650398804654475,0.1318071787075268,0.5871641005378072,0
0.18777735194372333,0.19283885805724746,0.2496424888813924,0.08232588125340941,0
0.465872658826658,0.6971290187875708,0.2095938065033227,0.27215003740937904,0
0.5749980938858809,0.6429148230094908,0.3944897213854104,0.6759688298275616,1
0.14058718915158439,0.0018316298770576723,0.17545712689614715,0.4351711807210569,0
0.21868238823122382,0.2644122628806148,0.20211871538046777,0.12920321088388045,1
0.7321716492512496,0.9467368249655503,0.5365655215002715,0.489167901591965,1
0.45850044296656883,0.5941161181771147,0.47635344091413995,0.09268175801884734,0
0.3226082300160863,0.36772326435333413,0.21250912980836004,0.37496929448455607,0
0.6523270404434414,0.6772030144635065,0.8986543885397165,0.220646083248866,1
0.6410565601963971,0.649570357101406,0.6341202407639654,0.6301765470825228,1
0.5932203737949374,0.7870764759398878,0.4675669378318492,0.2970602723771938,0
0.8004193108905978,0.9151171402555491,0.763360441924475,0.5692630409274033,1
0.49879120265570537,0.7486466645018068,0.2527324980759305,0.24324060491011412,0
0.15984741908110056,0.1245855730821698,0.2793231395937468,0.06878845330945811,0
0.5782258500761555,0.7594026493896849,0.3135923926247624,0.5222340379694211,1
0.2701067686013799,0.14555828806929735,0.38769746158425966,0.4050919304572666,1
0.4041397525490013,0.6414213346344138,0.12722590183256283,0.22630657341012794,0
0.5492598658199266,0.7515306504177645,0.21860500357563845,0.5395651976917643,0
0.4562817465808656,0.45936429766889797,0.3781953961016158,0.5657048945796596,0
0.39712542023488345,0.4851536985878899,0.497119811567707,0.02706313735313177,0
0.738920148574095,0.9584643087359067,0.6226982393988103,0.3643926119324932,1
0.7642343389751562,0.9811996531071926,0.7889413554312015,0.18476052896099762,1
0.7544579610155031,0.9710019438500198,0.679337722252992,0.32577836207297844,1
0.5813794019246019,0.7133223356747302,0.7219112489433928,0.040724297021094896,1
0.13803735958284286,0.08748486238000118,0.1578429526282884,0.23471021302177866,0
0.17406911117721877,0.1219600544602077,0.06640201862423031,0.46584239179922904,0
0.689967680793607,0.7978464803565267,0.5853011079232135,0.5772705411918985,0
0.7370942229086389,0.8269792454197293,0.7127022359576989,0.5489696470573229,1
0.6210233609992329,0.6860524872313097,0.48237615521165134,0.6664213541004133,0
0.5451141508500361,0.7263716207323172,0.5905893532112891,0.023757672602454215,1
0.41388517224863236,0.43275699194311407,0.3377467567431963,0.4809132462705821,0
0.2982596831129163,0.13931417066623997,0.43100198343262736,0.49651001375004067,0
0.6985024978270438,0.8282922424480985,0.5896221895133382,0.5373485987449657,1
0.5437467770759385,0.8110545442417929,0.4217350768836099,0.058494909449795456,1
0.6472467971548876,0.7896674917930473,0.4671699355249035,0.5613103530044649,1
0.5247117186643431,0.6654307510840439,0.49095033277104194,0.22355621645504223,1
0.4914824180958784,0.5610189715441808,0.37521023915265844,0.49204930288995213,0
0.2440525496767706,0.17721149207680975,0.39136882577456517,0.19018077952998086,0
0.6622444263365497,0.8025319726482532,0.42149120714672766,0.6726553893420242,1
0.5645240936473523,0.7669014439434745,0.39335733425054714,0.31533085700225494,1
0.5188255946800402,0.7112453427485952,0.43252730090972413,0.16722366516412654,0
0.4437000835926792,0.5165700911049609,0.5557085753676445,0.09351232714952691,0
0.625463365932958,0.6489158148811275,0.8813474901133713,0.1830060572919148,1
0.30955289882829484,0.21616005812686068,0.47617652356396534,0.2930995634783746,0
0.7375434510851506,0.9528700281315792,0.6162132295754252,0.38122234073366734,1
0.5666259809469066,0.7701039961297652,0.46950479075650076,0.2036127282753693,0
0.8478577161186643,0.8917980351443917,0.8790889629769891,0.6911600482668583,1
0.591222980382087,0.7674624349259207,0.3439084143485757,0.5215961930727696,1
0.1361413719894759,0.22687005715352832,0.0008218166251390269,0.11229899212585015,0
0.6366734281364378,0.7920199312985408,0.5410334729360913,0.3917671030316998,0
0.7243327937260632,0.8607262084230296,0.5664108109742192,0.6202322311114133,1
0.47066826749827106,0.6429611825154309,0.33728351048032634,0.2400131154822886,1
0.519477636042817,0.7295945370484458,0.14260024895111206,0.5595014641663024,1
0.6856404210165254,0.8762588292420614,0.5504494951191349,0.41188078929877125,1
0.2682124253451356,0.4064500878171662,0.04999629199750417,0.2499424691865063,0
0.4678204719023636,0.6708012966427548,0.33140304572951146,0.16499454931066385,0
0.23872359614973698,0.40016602224616754,0.08277999380761966,0.06903293442183657,0
0.6527315855192134,0.9699367476072248,0.34495301775568127,0.3213865319444832,1
0.27647366313654187,0.4336236334275282,0.1832274299499784,0.023468087188921082,0
0.5731325745790522,0.6517451213833098,0.5530131328701553,0.4067803701317534,1
0.5718964959267746,0.6431111862746508,0.4416444298301886,0.5892378692019633,0
0.5438500100287336,0.7102540204333473,0.39495010856403656,0.351189836214245,1
0.6823916424610913,0.6213527730508701,0.7841537866919496,0.6823455996403567,1
0.744064309886419,0.8529420203065206,0.7675518675358998,0.4366386973619439,1
0.44737362088351634,0.6673881478632339,0.28115424242468223,0.14666637112247388,0
0.6185511956543789,0.8917641838397217,0.3431974596830779,0.3485493291479735,1
0.3983691102831736,0.35195221825101114,0.5241166508972479,0.3257900294424685,0
0.13358525700743856,0.09475126822739713,0.035900055711625224,0.377198030901262,0
0.7213222386290461,0.9058668914247998,0.7703559214506999,0.18641008240718132,1
0.44045476764699704,0.49748063302706114,0.2850312005287402,0.531025454874222,0
0.336490440224488,0.32455432967308506,0.4918706096474085,0.1332604624686145,0
0.3274725397775836,0.2375812068558145,0.46826210243519173,0.34101652809559424,0
0.4750630294650525,0.7741588783859215,0.03060583301487707,0.39400920183814336,0
0.5541920627513427,0.7067734595750914,0.6598209594289639,0.014295225675538847,1
0.7293208552651745,0.6900991216718028,0.8856760674975537,0.592842370900035,1
0.295249257245223,0.28520935875314185,0.2928661834335616,0.3239236141929179,1
0.3717016401968357,0.6815403217921391,0.08528023321053335,0.026737046688031074,0
0.6310329694850695,0.9287092237492802,0.4710317837768505,0.12684411238687152,1
0.6442201613516744,0.918904876908891,0.5140754475199529,0.15272544320621476,1
0.6935654160072124,0.9386392865151267,0.6790809278110901,0.10260747203161069,1
0.41788323502851016,0.6160263062321293,0.06606724400624138,0.45024954355286545,0
0.6807517745326731,0.9938312325726498,0.5802110144479198,0.04886426955986142,1
0.25205692235464555,0.26037963668945885,0.3629441525761029,0.06491929118542628,0
0.573274350443404,0.6904755559208249,0.4337935693910363,0.4894925083284037,0
0.787485535014882,0.9661587748358528,0.8743314895256038,0.21053350369637247,1
0.34324876743552785,0.17245046748553403,0.46935375685827246,0.5810870331763953,0
0.36879715013488445,0.37062682176418865,0.4774614837761292,0.20122647059975668,0
0.7769073849293413,0.7904535284361641,0.8811902840263357,0.5866176775167932,1
0.29536895579168054,0.0005530047309949105,0.5870697837373522,0.5948575915248872,0
0.1971001625661123,0.2657607214205183,0.1807781033510411,0.04993185425270401,0
0.7771749937518656,0.8843046140087718,0.7412672014669988,0.5632126315369005,1
0.6574022113933193,0.7764862018445524,0.5643035851003563,0.49934017470468106,0
0.39222588206317976,0.5632257716783968,0.07559317919740753,0.4396752123237953,1
0.7080708158215219,0.943373794029273,0.7369793192043954,0.07645061522783358,1
0.49626503244173803,0.6166313912995147,0.3074339404194401,0.4785957733307434,0
0.635723827656933,0.840964101236579,0.5535102417474085,0.2459435225721045,1
0.7283265247849127,0.9928577185271378,0.478873375130216,0.44117826491139484,1
0.5054780468579265,0.5551802937908786,0.5742681535618064,0.2780372694697264,0
0.4187647448916476,0.7642676338053742,0.035742533542287555,0.12954083963137122,0
0.3646526161667517,0.4694584625291081,0.42034868496840233,0.019093897058384955,0
0.5279342860273639,0.6979186006200582,0.44274593199859846,0.23075603058877672,1
0.4761744900433395,0.6654913448931997,0.4225643571018925,0.08329755233085952,0
0.7910149481514263,0.9248491844748237,0.8249394423338969,0.40554261606922665,1
0.5071770972154368,0.6286258000247807,0.5367420061729862,0.1592079767557532,1
0.3613240879850784,0.4545019767590698,0.2907740162847622,0.23420447360057423,0
0.5100938286443675,0.7349958825537755,0.4366449217053164,0.058012054279424324,1
0.602001900343536,0.6447379209522709,0.4841003039237041,0.6720142434514464,1
0.24802351820729202,0.12203672919464133,0.30687931253451567,0.47470679924808334,0
0.43638348994151166,0.4240252248794585,0.3969544167392804,0.5264227623999913,0
0.6618309050617939,0.795367757287343,0.5536711678795022,0.4902283802713587,1
0.6764417409839517,0.8625794872264727,0.6188092519616711,0.29754610891107053,1
0.25829202675906804,0.4551694294674157,0.09300412135136173,0.014030378099758222,0
0.6824877209066783,0.9131352620223138,0.557622525420107,0.29316666134744673,1
0.6468935872042271,0.657208750066654,0.6208300304536261,0.6602010151740609,1
0.30342530638906756,0.1366256762066894,0.38764754528716006,0.5940910234978742,0
0.7008582188608756,0.8873402252692619,0.5649736718170983,0.4384800234055759,1
0.7132865719562473,0.9988276044304975,0.49030181679494333,0.333911123512578,1
0.6068715796774014,0.8596596200537097,0.3962380830336483,0.29085172370226003,1
0.7618716112542774,0.9653734639252256,0.4816149284861512,0.6735020037290962,1
0.5177514252453105,0.6687841407748091,0.5883082288916092,0.03433443095211597,1
0.6232654305732837,0.9751305819899931,0.32009014139826025,0.1983654857940451,1
0.5138703197655187,0.6241323274296887,0.4875666406705449,0.27767081924755405,1
0.36291886139375606,0.30904934949148866,0.3596798029272792,0.50245122884914,0
0.3181176884163148,0.1803838366400309,0.4760335544162443,0.4255785188571304,0
0.46668420621845363,0.6463595461276997,0.33657500033871357,0.21265966526494848,1
0.7911703590190429,0.9491435835096715,0.8282129292076892,0.3406734425095017,0
0.30071976180339277,0.22261086336820377,0.25384489621337747,0.5663043062763884,0
0.6388008373188309,0.6887293208698712,0.8742242722395464,0.16084447606015687,1
0.5488613240894157,0.6564109199800058,0.38572177112451445,0.5246966638102923,1
0.7321121173562269,0.8504049923764228,0.5963458458926394,0.640029337001119,1
0.7901862439408798,0.9722844724822587,0.6891417800186267,0.4865073684708122,1
0.21488679113595605,0.020451994555918774,0.4657352641850395,0.32470107301242407,0
0.7269493117833186,0.9606567414265754,0.5324357578586123,0.43445106856223614,1
0.6433611933098116,0.7731889971471069,0.6258400169461491,0.3450734482620673,1
0.341291229539705,0.3297992060635723,0.30024973391706306,0.4315835316639996,0
0.23362034235985535,0.2813252367976364,0.1363380134098432,0.260281599690421,0
0.7455865306529288,0.942491601518643,0.8785944521309179,0.05381197127166015,1
0.5048622895776302,0.7256619552313369,0.36027348347868965,0.16974633459177463,1
0.656412308349333,0.7165317814233862,0.5662017446896203,0.641429471153769,1
0.15956388427356405,0.08380162166530916,0.16990232168009003,0.33346188468441224,1
0.18243358476035287,0.176919040931793,0.16177345486091158,0.22721013918091454,0
0.7778991123764532,0.9947568810152032,0.47882072852814417,0.6843722665520415,1
0.2598972805746655,0.16365591179398367,0.4421673997387254,0.22709552378028028,0
0.36934022063783745,0.6351481925309311,0.08227765087983387,0.1354141455421086,0
0.6581571044188411,0.6385563848613997,0.8491959166139771,0.42060068501974085,1
0.5599329577275596,0.7398254445808136,0.3515453429699751,0.4227831627308012,1
0.48810971040998824,0.7966727186191943,0.2297870376710558,0.10418619899537174,0
0.7640916495814126,0.9350867432748164,0.7518948114125259,0.35489917260123355,1
0.4765498860424158,0.6333469403517079,0.4315058859421451,0.15212325041959157,0
0.28971890704288233,0.3735952667560337,0.2047168093998915,0.20753115422449003,0
0.7534783084604382,0.8872703168511746,0.61951807751096,0.6199386339078145,1
0.6901094324215803,0.747595421320138,0.8972454369267002,0.235690453417506,1
0.5282267854259391,0.6380382992919739,0.31093864379339015,0.5796302132096759,1
0.3739282416136487,0.24212070082598958,0.45277660856362595,0.5851745431578306,0
0.438986542508689,0.7149739448098497,0.25999973681303656,0.01749824529926609,0
0.6999252121728718,0.8137513773054442,0.5237634828529376,0.6796023933213421,1
0.46971433155706516,0.6366239337482276,0.31637005575831906,0.2824567397772785,0
0.23295294962401492,0.2524254536494489,0.16767964657423207,0.28218164413510416,1
0.46497270712928357,0.6255890169633093,0.40350716261896585,0.15563024930969577,1
0.49417630628720205,0.6412010736520635,0.3420960596911259,0.35473475776916286,1
0.4999046868047976,0.6037039127284494,0.4634931552703194,0.29502391929738536,1
0.23645313686068303,0.33108040595201715,0.22732433186566617,0.013578171624873136,0
0.5422068041007577,0.6914940264875075,0.2926332486813909,0.5433490812629338,0
0.6030431165530263,0.7087162076321039,0.4375221487053723,0.5871418406268138,0
0.673307219266012,0.855825308494844,0.5065546722867913,0.4671408166627631,1
0.6391217655245979,0.9464578425324081,0.40667166454846476,0.21945672446927175,1
0.3712812877809828,0.6730561006470359,0.06548234157554071,0.07554267492401316,0
0.764705182177887,0.8868077891051555,0.6496691413265758,0.6320027261366822,1
0.2625216461281805,0.15768393413827014,0.3841737722237056,0.3421377369596688,0
0.5454116775012303,0.5615199263447103,0.5361196805713405,0.5190790507873652,0
0.1154004147488277,0.056723490952778025,0.0026356282436667653,0.43123990399669326,0
0.5927768072576517,0.723066186551612,0.7144228878127803,0.08458423819005788,1
0.23071743703310382,0.13740399739265338,0.3742993664144442,0.24862814206221936,0
0.42823914183810885,0.30877068344382225,0.5579378128141717,0.5323622813597312,0
0.3027123313666605,0.21857736116333362,0.4215468835515633,0.33479792859762353,0
0.6568448524859398,0.9370618486872785,0.43514538161976724,0.2888515682818519,1
0.4086630206568299,0.6480707687808714,0.1308886895238224,0.22680514704623742,0
0.3692115884068,0.4435971816359341,0.4640865937471977,0.04093509732336842,0
0.6628925832676759,0.7634114574898545,0.6882712728441398,0.3735273633475334,1
0.75435924253855,0.983610553604977,0.6683675178830704,0.3102185518557022,1
0.23656184396035201,0.09319946450297696,0.30441030217810355,0.4931951052771623,0
0.2632603986368315,0.14001563926979374,0.30422727596066595,0.5099219810686743,0
0.7448413914468479,0.9765467605080987,0.45859633456501936,0.5949455541164641,1
0.44247170118896195,0.6970234525652086,0.2728964411722478,0.06045521277341652,1
0.653854045808147,0.6176700411776644,0.6904793769107291,0.6893760607304801,1
0.7411722461594459,0.9393523016244324,0.4542852222847177,0.6760526433090721,1
0.15043378871386284,0.07500246388769885,0.3275578447879263,0.07332601666817766,0
0.2847746857189148,0.46231425217706124,0.04567169202825627,0.1995802601095365,0
0.4248506605374819,0.6082203745605339,0.2761976456323642,0.1894058978375284,0
0.12374091994820624,0.02573745892065027,0.3066869447848023,0.0943305352622021,0
0.67372648609816,0.7703883859251397,0.5761227017830068,0.5784774130034402,1
0.5734275576942791,0.7648588502488315,0.5295718644686449,0.16063286614634947,0
0.5028077822177062,0.6065928802384628,0.3303999775697222,0.5019567441377905,1
0.600606588437337,0.809236199711726,0.474658898218425,0.2679540955797329,1
0.6560004440349998,0.7639929552900173,0.6333687154142111,0.4199667588286395,1
0.3590089713431788,0.4173034823086721,0.3539562843151332,0.22085172447151377,0
0.5836720819068919,0.6650082627663356,0.48998775440857334,0.5208581210057605,0
0.5564276149673896,0.804612454655059,0.4603302979090983,0.08011149133565276,1
0.6721761186112227,0.7917668299223565,0.5527641363309144,0.5523173137538505,1
0.48143020828471816,0.612079048951922,0.26337202306249335,0.48189538445004554,0
0.5747338064459062,0.8546681119665225,0.4340991726444645,0.08584999334652853,1
0.577239502499571,0.7509099225524981,0.48847879342295575,0.27620451598217655,0
0.422151540831218,0.5075734089272645,0.16534571638816026,0.593805607255688,0
0.6846441455199195,0.9087397372916621,0.4721362942993883,0.4431669429213599,1
0.7428775126125958,0.8127544365384273,0.7871289004247568,0.5018081210797759,1
0.4677208256580285,0.6950857501483909,0.33330217742228363,0.10093648678573994,1
0.2915729424931939,0.17531391765037557,0.3359027619737666,0.5157257753793806,0
0.4060329430625191,0.4507332982651264,0.2623861812438625,0.5097521977839855,0
0.5560885984027563,0.6597496625472603,0.3819626416677932,0.5581248731439407,0
0.8158950883702506,0.9271263708976674,0.8715733559351664,0.45429948070433496,1
0.7279247703834844,0.9560058696639686,0.6924419214350017,0.21094629560499806,1
0.6715678621760472,0.8449757317012726,0.43277477380839113,0.5962378209144682,1
0.5999160512606702,0.7436817589070951,0.4913178896976572,0.4033990244891272,1
0.6004846322202472,0.689136061967659,0.49034912641135464,0.5440593165650565,0
0.715614808960745,0.7873282138777324,0.7025635649529691,0.5559081626799403,1
0.5544126062529563,0.861114889796526,0.32638300093376715,0.12970130537281596,1
0.6322993260281855,0.7153312415720976,0.4590463731449832,0.6845989664932092,0
0.10000547992368256,0.13548098030612074,0.0021281689815441096,0.15813269538079472,0
0.8220661724849991,0.9179002233670287,0.8479296351051631,0.5436858513496793,1
0.35726511364123464,0.21253068752078752,0.5954067263030803,0.36188875994958364,0
0.672041568772815,0.6887809005788269,0.7854277730582933,0.4601139328295681,0
0.7154334282189484,0.9920819139594728,0.5288093409525835,0.30374834476718476,1
0.5838092431851839,0.7552615338312261,0.6697543749614968,0.02626081890560887,1
0.8332267667497392,0.9834061175901809,0.8381656750999844,0.45037002712326707,1
0.5889164664417175,0.6376287852357583,0.5369045356203794,0.5451535656886222,1
0.29633267568813976,0.3319181741159318,0.3292745698220466,0.15795608841779932,0
0.5667657282553806,0.7657709084432563,0.4304570576174478,0.27371578374259076,1
0.17463540962895888,0.077275152073313,0.37498641547992556,0.11750954474162358,0
0.7211751612318349,0.9990669569354543,0.5969374886361261,0.21280218086634936,1
0.5395001000560657,0.6537467653252246,0.3465310045568798,0.5433370801319477,1
0.3553328459011605,0.6082647078455072,0.13772259298545078,0.04941857041385815,0
0.3517886138295895,0.5634040386638284,0.16953887720063748,0.0961246566874202,0
0.61876550026104,0.738292322305053,0.7574411038228299,0.11193503980832308,1
0.6648882702786049,0.8100372933379455,0.4460131523521662,0.6303283895199114,1
0.7354482635697182,0.8929276462061406,0.6043118358290628,0.5384544485896448,1
0.3059468283731171,0.2927022270487575,0.13459186924636185,0.596090770374149,0
0.3923457334078845,0.42599179267776655,0.5162069837983346,0.12243870964750411,0
0.2675475462659518,0.014738973001697353,0.594407420227843,0.40927916848375123,0
0.31491099520961335,0.2920223665907753,0.5555774176836752,0.011132933045615955,0
0.719213411532946,0.8478674103879446,0.7520211683703273,0.34836677913937775,1
0.6541043022474117,0.8476476345707896,0.5583659414885005,0.31385351257733335,1
0.463729758539366,0.7349923082516796,0.2813993482248889,0.05906899973029762,0
0.7160469540852054,0.8621837570880004,0.5939613599738777,0.5338333377452094,1
0.4880126160896096,0.6155005326113717,0.5713477752489211,0.0442900860462373,1
0.6484101539332094,0.9196891686636222,0.46981949283758095,0.23809860875062047,1
0.4606402339771411,0.7586029790426139,0.20804405198485065,0.09462764430189478,0
0.08928599097846968,0.013161362563612933,0.24503410079075202,0.04597539729718798,0
0.36412057225729977,0.3662919010750453,0.5552015755463271,0.07207074527939505,0
0.6081804340296434,0.6857305611419946,0.5567105803969943,0.491509896697739,0
0.47278640442632547,0.6675492166450859,0.3579752945813654,0.1580960386468644,1
0.8243531875032983,0.9623167411657041,0.8181600419124926,0.48873402173349206,1
0.6132966543418994,0.6614319116344458,0.4862409954180412,0.6835419994963203,1
0.6517873305142429,0.8736000414244225,0.4563104431155193,0.3904708843368791,0
0.6379580842517203,0.7105248989330006,0.5656314179361119,0.5650310470219322,0
0.40247224892636313,0.5251918706806952,0.2763678354638049,0.2848298147343704,0
0.6144139188611526,0.9397566206833756,0.431607381491386,0.07526697036024468,1
0.6414608138538624,0.7673600176627442,0.4681205431859985,0.5867232103334543,1
0.6554497991089063,0.8148690593307274,0.6395489470794932,0.2807529265984732,1
0.2136956723275205,0.1121506597085194,0.2676003027703398,0.38670125821079426,0
0.4884035827467369,0.678167835364249,0.4536697606287729,0.06609368437990264,1
0.5035029523753398,0.6316179173110615,0.5853198915743323,0.060490131237546624,0
0.5420950829541441,0.5148283045635552,0.5744694549848748,0.5617004708845201,0
0.7136709242213908,0.8979048623631268,0.6065262895621975,0.4138030308558405,1
0.6022204698184839,0.8243109498248049,0.4686075645009171,0.24741362777903148,1
0.33243941058075066,0.2465921378624147,0.4978803765953196,0.2988961433547372,0
0.21592136982997334,0.35635933380520124,0.07534667137868711,0.07568850756883294,0
0.6928598363563391,0.875558803195534,0.8107554157046504,0.059269050235884434,1
0.7949837786060162,0.8591853503583153,0.7616042705529533,0.6845491113048631,0
0.573249298077274,0.7939309471823465,0.414561020659642,0.2595775914410408,0
0.32915104441353527,0.5012374861343262,0.2163325877931095,0.06816262504219676,0
0.745794363176487,0.7369449733200216,0.8374385029590892,0.6304516281437466,1
0.6227709655907822,0.8701222514669936,0.504218266883838,0.18222179896066923,1
0.3159518725320464,0.19851602838222046,0.5151681432898015,0.31071707676997834,0
0.6399679207743603,0.8570103551554134,0.4954749246585304,0.3141013289954727,1
0.596977374975902,0.9373291543047916,0.3309477266426838,0.1451423991535049,1
0.5643764439140339,0.797703910724745,0.37523084344197316,0.26477617759534744,1
0.7499855058974422,0.8924543906611182,0.8317309880336425,0.2711950707839516,1
0.5565045035950756,0.694240783493119,0.5131569956266252,0.2771850658026428,0
0.6926340644476986,0.7925965361305123,0.8270297263121373,0.24113439244400614,1
0.49736728637168864,0.759497122612216,0.29439946214354246,0.1464944321125894,0
0.7481722748345174,0.9610409586175367,0.6111483554108121,0.4215364445125271,1
0.36826810177732056,0.35065401190542816,0.42191111637571477,0.33183880455946024,0
0.40551600870900817,0.577451039555224,0.380059157043977,0.01386370909101553,0
0.2058157348762319,0.08294177793538138,0.5461566536132573,0.0024892491228201584,0
0.18286888977552287,0.027137120428815466,0.3036915414729075,0.39096433559621446,0
0.4557110949134891,0.48979061914199584,0.5042601112862724,0.2976887597830473,1
0.3377453221072997,0.19584524837686113,0.5179090039678674,0.42224998364254457,1
0.3035419571656066,0.25967264177091964,0.28939571909317713,0.4344346027609684,0
0.6675732680642232,0.9848799954138808,0.4790243943990796,0.15712976018779473,1
0.5165239222813376,0.6289591795226106,0.3844017767488858,0.433618997476833,0
0.3652082541174322,0.4972364486817258,0.08831199236154841,0.4504821603405237,0
0.7799846144014735,0.7817829721194631,0.8497812203489887,0.6707938111852261,1
0.4896999528522476,0.6458343660111137,0.4220324423027621,0.2008651857793107,0
0.3997664333031169,0.6726437981236164,0.08289704043631267,0.19287711055207427,0
0.5167589667425747,0.6812598300669588,0.324365008432897,0.39409774589613134,1
0.14976175052723956,0.11661056019186838,0.03196576673229803,0.4093337020580798,0
0.5824223445938375,0.7860849886254293,0.3089853635619564,0.4834212060626791,1
0.7041078297903758,0.9279540487278803,0.5173042054976043,0.4246977188857711,1
0.4393830661286297,0.6287401341944937,0.3950482280686668,0.0324926530539141,1
0.8103076277191799,0.9443544674083976,0.8109897014006795,0.4741674179738863,1
0.4846381655874386,0.45916941053574317,0.49583362743731346,0.5315168604418649,0
0.7174135765724562,0.8343845496384219,0.8968939040485342,0.15576565269342532,1
0.35033445896715937,0.48885228956689686,0.04241692933401784,0.46591617691752785,0
0.2613109500660954,0.25875552477765185,0.1470266670311506,0.4391259378396215,0
0.8088190679473126,0.9689558295982522,0.8669980967366029,0.32120862063602845,1
0.33609419807117213,0.2900076388201443,0.41310984834204806,0.33578712079242784,0
0.7127267886006852,0.7701690519334943,0.6931737691586323,0.5984506594317416,1
0.5160491744106694,0.6495427524517208,0.5127075937070141,0.18732760036352386,1
0.7506902770590662,0.9775193472414845,0.47324462114388177,0.5997860854757977,0
0.4578239804662778,0.5390319298373077,0.5029387901607211,0.18713189249703838,0
0.4992311602089818,0.5462134269014524,0.3866990230284051,0.5505736992486704,0
0.5070965253870404,0.6321109281616148,0.3659415069890314,0.40629304604761796,1
0.7404642705299436,0.8149750293415906,0.8680721169087919,0.36277560393255387,1
0.23626924647618555,0.384852694840835,0.10514504057223455,0.061496934420488446,0
0.6213371260164234,0.7811480662848072,0.6125519601103431,0.23498752420458469,1
0.4791691546051703,0.7304650568014264,0.3161614592452696,0.09544094215438115,1
0.5592135055317546,0.8982591964951431,0.32163762566383525,0.067963097925163,1
0.475643317412538,0.6834844444326762,0.23989151000473932,0.30966821097389047,0
0.33015655457068666,0.3118868305642334,0.5681445857929209,0.018848817753468382,0
0.37469910831650377,0.3289285424776767,0.508630486878486,0.28822845507059836,0
0.30397290330975213,0.31977715820304636,0.17850092018314734,0.45267024076642387,0
0.2757769228063842,0.14566135695107726,0.31636284304998374,0.5401869570792522,0
0.7615831972712419,0.9566709065019656,0.6923923198506703,0.3776502403252898,1
0.2893114022562461,0.18571882563154915,0.34078342112527776,0.471084815514441,0
0.14636228119333514,0.0223324360568415,0.25618107205128754,0.2917087077476406,0
0.6422476214792145,0.7360555814753917,0.6280901209630625,0.42896397226299926,1
0.43002547072323666,0.6106311059989167,0.4020746433693901,0.020437623564806648,1
0.7285033666436905,0.9578914326858927,0.6352761502345009,0.2948740261519693,1
0.4174511379471807,0.4853800072005985,0.19521340540438095,0.5809855636278356,1
0.2940894777051747,0.19504523876885768,0.384762877401985,0.40568997550075186,0
0.3229171608888357,0.43885462765497396,0.02320895609764002,0.4826358011602834,0
0.5671342476233806,0.7531494784774592,0.4536090610709692,0.27238395031680135,0
0.3846630233254388,0.18035487245981674,0.5957111472401956,0.578861214617359,0
0.6728678052563052,0.6275755806930219,0.8026077072045483,0.5914885137421488,1
0.7026349526866427,0.8320960866971773,0.7807903957295174,0.2617489530959944,1
0.7373956209165569,0.7014658026247313,0.8453838033299304,0.6652378930260603,1
0.5853048572325679,0.9385914144271827,0.33201058940710915,0.08202986598421885,1
0.6250587365596487,0.8416536820868284,0.3130828666683119,0.5515351775787044,1
0.6083297061616507,0.9090023224089654,0.4527283270716055,0.09005023417843214,0
0.5933115091019888,0.6339277089247328,0.49855246788868,0.6339095713650923,1
0.8630480229177104,0.9557207403068854,0.8859258080718382,0.5970495517135815,1
0.3530158058038449,0.4173814274425783,0.31814650686476814,0.24440570011562657,0
0.567866483930765,0.701302189760079,0.5048119933144263,0.3288589552819881,1
0.7011724345304747,0.9610612575710469,0.5417776450623035,0.2905425611313014,1
0.6743216473062463,0.7100610102406854,0.6351384400607439,0.6437480508384027,1
0.6087174101562616,0.691979207127453,0.6189481265983889,0.3852168430650922,1
0.6274612576566558,0.8360853097378499,0.6608614055876323,0.05580090555720637,1
0.46827868561815017,0.3783369097578224,0.5571538735336646,0.559820343395698,0
0.5164229591583965,0.8227734884853801,0.3260520361406124,0.036103020367613786,1
0.6439675522901199,0.7541656925765685,0.8077565180474757,0.12278875293796508,1
0.6856724264572154,0.7799437199776504,0.6189028391056492,0.5501485736834772,1
0.4510570297163652,0.7463879767734977,0.02051280801740707,0.35854599462197134,0
0.44133034281329336,0.5216916236018656,0.4225004834276532,0.26867192992032307,0
0.7808938617032142,0.8575460480322659,0.8578609500810439,0.4738127633138401,1
0.7656269394149678,0.9162951895583975,0.7600209524593717,0.3973652944897881,1
0.46109766922620304,0.5903974071800627,0.37751849327253284,0.26321708827205914,0
0.422173276604468,0.49246560492748936,0.34969566229375254,0.3551588772629879,0
0.4293171552890359,0.6980538127212524,0.015444329142709344,0.37828475092798447,0
0.5347486866617623,0.7329508540144658,0.30406895964078295,0.38526285881147293,1
0.15284020641679152,0.019476429324155744,0.2787210673855101,0.2974283576953031,0
0.6328654786026066,0.9408581348276727,0.4968861096208766,0.06685289151253618,1
0.7123137267632236,0.9421966167162343,0.6932948211353811,0.16613486032246041,1
0.3492068590719304,0.6213760982172611,0.11648303956738994,0.01786949046541417,0
0.39501447942676593,0.5800044355776746,0.14838375738227808,0.302485672116226,0
0.5657378081762648,0.6638953870490837,0.7108991236205842,0.10260188782773823,1
0.5582622558881077,0.9160119076655664,0.3023183294050249,0.047804016169085216,1
0.7148961338271661,0.9351920874621532,0.5232022540317953,0.45169706943275423,1
0.4766867648510744,0.695063345344239,0.3746693090090113,0.08377149738125779,1
0.5655875432641804,0.6772100758157482,0.5541769952411078,0.3036470339198701,1
0.26160339066900984,0.34674408710665977,0.16938930748428163,0.1870727743519772,0
0.35164113551277665,0.3319937408788146,0.2965602381803586,0.4833809680963089,0
0.2824757150524565,0.10776610626186588,0.39086891590058814,0.5566599357567356,0
0.5049166656365196,0.6149687421322706,0.41320439517633073,0.3673548800874253,0
0.6614939438912301,0.7982139216610172,0.529694896062078,0.5173925712104903,1
0.20991944242532778,0.03601942034433172,0.42076856058843715,0.3283958203831539,0
0.3947549118047553,0.4313989191522971,0.5404106178053164,0.08466133443505912,0
0.5443933975304762,0.6096917416350339,0.5553557123365076,0.3647040650600345,0
0.37991686868994035,0.4578663771796146,0.49735957131321207,0.008879043530847142,0
0.35325711809623317,0.46735621367386493,0.001676175924769141,0.5953807924093499,0
0.33391846844444584,0.2975518304347804,0.27416173302236063,0.5144701666017373,0
0.5616780373459529,0.7325107173678268,0.408571569648776,0.3642560388370334,1
0.559909032394479,0.6265411215082324,0.49011305146795436,0.4980227809998823,1
0.2857865998737746,0.3377473420200713,0.149681381617717,0.36004257189211913,0
0.6002175194945928,0.7353825933189304,0.4820657384350765,0.43953250652302334,1
0.6465643869899499,0.8503958226796322,0.6224391753416045,0.17317361523826255,1
0.44107826579382786,0.473077753793222,0.48517170875402316,0.2949393813550496,0
0.3125806088153932,0.3510869881507054,0.42604217807178363,0.04612230659252703,0
0.38345999225126914,0.5045030763866405,0.23608068094593782,0.3019212488708377,0
0.192639140991622,0.11688174768160949,0.4164118307028458,0.04637358969981762,0
0.6402723065619672,0.8542241416040739,0.3405837327018386,0.5549255797468932,1
0.7346159619125537,0.9377634456662293,0.5172735185084689,0.5527609176344922,1
0.6072631929777759,0.6780742119274623,0.5560378797461475,0.5070736154510027,1
0.7705909854041222,0.907406797039591,0.6889296241628284,0.5510434981773905,1
0.6317643649027271,0.7494456553838287,0.4298335852097848,0.6404573082393867,1
0.7478987407191477,0.812517101927442,0.848436348195871,0.4355464264833276,1
0.27292966268230234,0.09002366263402273,0.47930184594308867,0.4206363879118218,1
0.34908794451333974,0.36281998957792666,0.3070099758721905,0.3778747848135963,0
0.5824175283465501,0.6991606759324731,0.38052337602321856,0.5934008878667401,1
0.20395841257828914,0.16115598628176217,0.2361303235879965,0.26270661180504556,0
0.23753105027378346,0.15294843010744918,0.20219189401308388,0.5019963350806685,0
0.1712437375852514,0.13048381480357288,0.04252390027893007,0.4662233004989296,0
0.6629485831095957,0.7609411883917347,0.5448275193395782,0.5951486655592745,0
0.6627165876023953,0.6879973757309046,0.816745226641099,0.3684716587230666,1
0.5089957426355256,0.6471375603623324,0.5523408060223876,0.09862360323821606,1
0.3569137699462453,0.5341403331382617,0.18740454693464367,0.16811119648360673,0
0.7959250783457186,0.9512589698622149,0.7976571360979223,0.404992262926172,0
0.3913112180756458,0.42651518448488074,0.35564691251497654,0.3567977603935623,0
0.4397768465111253,0.6699911349949953,0.33636898500450113,0.019352917561386584,1
0.4693713092686281,0.7432196049629115,0.014013248698204972,0.4677876608885543,0
0.5251928510596645,0.7877142907976676,0.2924801032982192,0.21795837335682447,0
0.6387015807717354,0.7868169400532938,0.7165302358127948,0.15167020000625012,1
0.550317966797547,0.7550610640926227,0.5050732571117262,0.10632728808858824,0
0.6015048152316931,0.6596910913761026,0.7174701980850958,0.2820910505905649,1
0.5411626943351169,0.6234874726600599,0.5893156737949815,0.2631212793329625,1
0.4066965324735763,0.4555537284621498,0.25858247793799244,0.506724624305518,0
0.12636137349800028,0.19287833549698263,0.05368796437417478,0.06907908218628263,0
0.7230896986140376,0.837336050164559,0.7067186185830605,0.46203043978419983,1
0.11274937560929188,0.10920339361935288,0.0376446947664719,0.23427135184836934,0
0.3090524944078974,0.38624294741196086,0.17240691644136755,0.3210447288475335,0
0.30270459114859394,0.5466639991500373,0.09230021115374998,0.008412641137251375,0
0.8076359939394008,0.9165805951230489,0.8596476456044748,0.45725701348266984,1
0.2837860818596609,0.3225781941994921,0.1390343295086532,0.40393342953659467,0
0.388999909409634,0.3777519974861302,0.47170913405957043,0.29305585224348885,0
0.2575672918243779,0.3579731817404109,0.08475602693478797,0.2657694643686803,0
0.2587519696275171,0.34235945191338246,0.19178397396738656,0.1501852574030497,0
0.5674755311692248,0.6679914084783143,0.736820544827022,0.06216831740980554,1
0.43549635703583145,0.4870956942794653,0.3667368899761191,0.40963721451631535,0
0.7829066089186624,0.834308530061889,0.849263010316329,0.5548672039640963,1
0.5448835348083201,0.7730552771865679,0.31219754932003335,0.32348315709513065,0
0.6268794686498141,0.8104242107544084,0.5559809985326705,0.27436531856404417,1
0.8443482011334192,0.9864810501472705,0.8476199944450091,0.48410838863140615,1
0.6136518123386607,0.6048207452063701,0.5734444384796966,0.6960405409578336,0
0.35503086497168146,0.4039262531515229,0.36875228404618293,0.21221026591032563,0
0.6977864634233336,0.8316878275767584,0.6001893686516823,0.5094286951972485,1
0.3432226599885419,0.3865882062893873,0.10814837527324335,0.5874202213093763,0
0.7315269800161268,0.856926964668614,0.6452121721890989,0.5474992301254509,0
0.17425331131179184,0.09998305954129122,0.3592354045194998,0.08245580092648142,0
0.2299249838874215,0.3060135991773967,0.19896082043280902,0.08614969084440238,0
0.6762016902049841,0.8368714974022677,0.5375955548282216,0.4824363752769187,1
0.6617186600323677,0.7278662270508348,0.7329729210179801,0.3894683510077809,1
0.37182270455173994,0.5161777095838099,0.15267003756318578,0.339664192454396,0
0.6249015629484407,0.9349529449380274,0.41262955346985525,0.1681811221923523,1
0.4884671121370483,0.7479878588243283,0.06234949445293851,0.4788416719450131,0
0.5114927849743313,0.7835349782682224,0.16271576148258568,0.3545528369772218,0
0.5961686802600079,0.8173405669695031,0.5175987947142102,0.16109379180496633,1
0.2180136149011589,0.1467723526281511,0.17786802988656228,0.45633514810557324,0
0.36083355507583326,0.4425477560329327,0.27238476860589644,0.28922123238798986,0
0.042832764063278614,0.019731251699414455,0.04242307133789087,0.10120108406102066,0
0.708625517077725,0.7520942335597218,0.8973585160467896,0.31685422741913594,1
0.2060467360774759,0.23715550862548673,0.16218550732285733,0.19406664783937672,0
0.5427076975596244,0.5771131503186088,0.570197740882099,0.4154590006784521,0
0.4923679219335968,0.638394255572332,0.42467380402665883,0.2288432646971659,0
0.6727045338701773,0.8464662800096485,0.4097419103920094,0.6327441037387511,1
0.26333171901266517,0.16451092402816025,0.5321172546674171,0.1072054029917996,0
0.8125985989047535,0.9871626925933441,0.7472133991681582,0.47426616428817026,1
0.4687171996337538,0.625359280728569,0.4742573518228596,0.06880176861305709,0
0.3006768783825865,0.14418194849908153,0.37189232674760203,0.5850910305438255,0
0.5138438134866408,0.6213300339733362,0.3244399588832976,0.5292340441749172,0
0.7790880721394013,0.9509907924897038,0.7850997095344399,0.3403138151710878,1
0.4955484313643719,0.5761438232002684,0.4712887387035335,0.33044949076588837,0
0.6678838259544955,0.9923284582132137,0.37002221500731564,0.30356466172846974,1
0.5753438491606839,0.6930212060814703,0.4330094941335245,0.4946519893994574,1
0.5030292849345556,0.7631559402850069,0.35512763939261344,0.07456511487134058,0
0.6421799571501845,0.9117910163085315,0.6198243628718134,0.001685700671873691,1
0.7556820347443941,0.9754045835844263,0.8422744248467824,0.07648707749073175,1
0.5351901139991745,0.7462873079036781,0.19126346920253762,0.5233370964328709,0
0.2973297276207872,0.3692145728077691,0.1749542228091907,0.3011808718707271,0
0.37659491088002983,0.29369007140492986,0.598403299482349,0.25114442666430087,1
0.4026607488760801,0.6904127140538828,0.1248817417181963,0.0999493466683989,0
0.27118942192996,0.22612003427005034,0.521012129012334,0.009128830456173076,0
0.582374967031138,0.6016012649771116,0.891381427508313,0.07079953145044195,1
0.643732539893892,0.7519993578055566,0.679505097692188,0.3194066584172865,1
0.5489977141010907,0.6423589615003013,0.45346839205499595,0.45888857867220617,0
0.5668117259507104,0.7174375031066734,0.6895254159491523,0.006176748063140346,1
0.5932689355270762,0.6978502743716746,0.5469511768552489,0.4012922264233207,0
0.47570912382591435,0.5721069807668475,0.38472245785448184,0.37119448043073006,1
0.4073255859150806,0.570222674874734,0.08091436127404798,0.48969970047749606,0
0.6062377825569767,0.7272588676371884,0.5974669910225784,0.31684125715804495,0
0.8406372838604043,0.9747629152523815,0.8010968974702979,0.5646337849656208,1
0.32598441916842935,0.17511893168156345,0.5162010648480888,0.4178231693661049,0
0.47226063450161415,0.6228921882473603,0.14313576040223322,0.5893690612863203,0
0.5306627262924162,0.7628650237388851,0.35154398407469967,0.21883509600281853,0
0.6263174682704239,0.7987918241840511,0.3475400934041758,0.6132976407857276,1
0.20438695108944613,0.22318392270400206,0.09623173891707493,0.31962734031161316,1
0.31390754522629905,0.4618781764563645,0.08203117100133166,0.2917955284885864,0
0.6771536279066195,0.9340503164322935,0.6762755851872738,0.03622897067145307,0
0.5563538252424167,0.6456416284734549,0.43067900113218893,0.5216465533301634,1
0.6194545238255368,0.7466972395719839,0.6487437567932866,0.2574138850077946,1
0.4504453219488339,0.34885802499626106,0.5258101407638839,0.591366336107691,0
0.5383132257161897,0.7031233638809418,0.5186142428011076,0.1558363546769327,1
0.4773631066655354,0.4961399674775409,0.5274217246224137,0.3553330277002043,0
0.5632570686885857,0.6913344926527704,0.3017227866568878,0.6353649318256708,1
0.36076489991798594,0.5415028626737824,0.20961914300101905,0.13563862840394478,0
0.4893508608865876,0.607561073808154,0.4304059322352019,0.2822427215597497,0
0.45510426710251345,0.5144611223940041,0.33292235195471254,0.48998500159548813,0
0.6124116128268169,0.6575590010205002,0.6686564969028996,0.41517581622848465,1
0.5062931489105245,0.6179521289905107,0.3770268984339094,0.42104507442548117,1
0.6244934512583908,0.752564091361161,0.5211738923200895,0.45929618940891764,1
0.6065827598882708,0.6784166489170104,0.5131978343059109,0.5670754256899618,0
0.6909868043137899,0.993366830397175,0.3064522305600153,0.5118385997359892,1
0.6937433238631826,0.86673331427618,0.6863747679655087,0.2723211816772002,1
0.5403913024552509,0.6368770528716611,0.346883882512464,0.5894380563284054,0
0.4872864324568236,0.7644495123750822,0.08038142618710675,0.40473624206575237,0
0.5863093692375319,0.6860713098514875,0.7801490661653205,0.04614497231095984,1
0.44724484448975466,0.39990007776241115,0.5354124923819389,0.4333552894698371,1
0.655427831294541,0.7730062372969464,0.7254261781406623,0.25648429601934536,1
0.15222902050714204,0.08049423621081733,0.19077946970893758,0.2737403074452605,0
0.7645844422177848,0.9728441039261446,0.5547336224963042,0.5587115175291055,1
0.5934708961653601,0.7625555967134963,0.3994988713007534,0.46171718209192986,0
0.49531831794244935,0.7126112299655244,0.38127273413507895,0.12315441359581737,0
0.2704957628207506,0.28655005819215756,0.24540254755753227,0.26799984728706067,0
0.7540589496772652,0.8220169140210191,0.8124502592851606,0.4965770744060368,1
0.5253533108337357,0.7114502962461339,0.32943558357307656,0.35398743819372924,0
0.29988550255164514,0.27111515532334673,0.38088491268822255,0.25031225541752516,0
0.3366715032881162,0.1902568248324676,0.4270908206144726,0.5670792234377028,0
0.42656337429862273,0.4787758949006376,0.5441009705753405,0.1197256783785092,0
0.7214487286519793,0.9532507528143694,0.5929511341687796,0.33469005997080337,1
0.7030523708627348,0.9627609672222124,0.5628971587195475,0.2640136981788214,1
0.5235294138370646,0.5577345028805579,0.5002052657269441,0.47300291339351186,0
0.3826523193564392,0.5661917788464126,0.09365703307220942,0.3572966000578502,0
0.510295741064058,0.7697345715692046,0.38753593186747093,0.0458383785960718,1
0.41237766921738017,0.28657605521427926,0.53743499791861,0.5392957111732878,0
0.5378517605347157,0.7195774604475622,0.3644195098119181,0.34368588683679563,1
0.6456177935687478,0.6865422780901606,0.5946490958967483,0.6197596287732153,1
0.8560375084307331,0.9555181976725733,0.8679278667264054,0.5895002478826243,1
0.3147886177864924,0.35968206004065256,0.1723122679261265,0.41626953694164087,0
0.30359430193448167,0.44741988170126973,0.10103959020758813,0.24786242010785178,0
0.6617573744432294,0.8713242433606833,0.5116406425562027,0.36301529998013427,1
0.6823301241824204,0.7991870235114662,0.6061723615058174,0.5044245198747102,0
0.5798957823118691,0.6653566800597818,0.7914473046484336,0.048916254437240445,1
0.378835407404721,0.43715325328889243,0.23713396772171283,0.4455929522188044,0
0.7670260923172384,0.9342120792444366,0.736230388901163,0.3952546801233558,1
0.18468113080301338,0.27854881042636576,0.10755326419990052,0.06570373164930172,0
0.17737158835764122,0.2678139373116844,0.009071825265342138,0.20371536061098197,0
0.5668801346279326,0.6413291430833966,0.5304866319151459,0.43534786755845284,1
0.32174902683867523,0.25966628595244945,0.5501436814285047,0.13436389716949543,0
0.26527782896785984,0.23218742679280818,0.3472172953043359,0.2250946349007749,0
0.4088022795614913,0.27197892436580834,0.5763360428759512,0.49956002257900856,0
0.3181535331351001,0.4641921131226763,0.28480425174596286,0.0030810052498654096,0
0.7703931012110931,0.9033198173854549,0.6013667470853593,0.6916158419637892,1
0.677108618853937,0.8935013989751664,0.4720645264561769,0.4436928071475039,1
0.7212908367883597,0.847966392073642,0.6748584060782703,0.4742505946402882,1
0.10013709736343968,0.1601382819272531,0.052441844807418446,0.021677014787937997,0
0.6846845513238666,0.7408481895702135,0.7151156843833993,0.4986287561187005,1
0.6797392799694003,0.994651498745292,0.5487288144541913,0.08897443130248472,1
0.25006972334673394,0.26472397048274177,0.35169747353279196,0.06099248022762749,0
0.35584542481910897,0.47853863988308626,0.061549070467132205,0.49055691868713086,1
0.3581355704272117,0.4744266629272521,0.04135281094765895,0.5425819783964398,0
0.6284826961391177,0.6678856420394242,0.8973157074371652,0.12672581444127992,1
0.6584090604465832,0.9465103093663889,0.5273606468852832,0.13472855848901905,1
0.6217889518436639,0.837532219211379,0.5775781916896386,0.14874692365541403,1
0.8130603074408846,0.9513462935243207,0.678141296983793,0.6697238579179319,1
0.4493072268172852,0.48592807626662426,0.5443671190291568,0.21516526487613008,0
0.3244213022600225,0.18653434660739637,0.5317262433063873,0.3581812798220407,0
0.63926672819434,0.8490834979952833,0.3041268066205998,0.6174346860525927,1
0.3355573687796023,0.5272101022919657,0.09015614136607775,0.22452737611898071,0
0.4539085951102272,0.7067403140325157,0.2911250709601116,0.0660045840296793,1
0.75353217326008,0.8591509923540281,0.7775849139396168,0.4534060145059041,1
0.15803963774608065,0.09688552699967606,0.03447558975984546,0.496270986591445,0
0.706405920002822,0.7590312775299762,0.7107161871514871,0.5683771254619384,1
0.16211137323285257,0.1728788174141001,0.12857997067268284,0.18548986661998826,0
0.5921237587795619,0.780418600074102,0.4842787761972173,0.2831541294167287,0
0.638784449071797,0.6419918863584282,0.8099151289480817,0.3740698360407918,1
0.7330328447714275,0.929227046627366,0.44693216908824407,0.6716983536563564,1
0.6829999794448242,0.7249466565528164,0.8547901317950775,0.32044805814946364,1
0.5772998949674767,0.6856369157346881,0.7274887702559201,0.08117403011678276,1
0.34065825385340537,0.3532359301480247,0.40168948261031734,0.21766721998148922,0
0.14065583276938434,0.10974228987749157,0.1902888365880593,0.14349018427110383,0
0.5423756676494218,0.7733495665837633,0.41233837565391085,0.15999685830683444,1
0.5932908297039257,0.7706112125711517,0.5726667208762541,0.1809260357773681,0
0.5954713352806107,0.8215924503267438,0.610643872244498,0.007409742219446813,1
0.2621176677363713,0.2508226630701076,0.3694100882416304,0.12941654864414182,0
0.40949516533333735,0.3532794038448745,0.4084067685223472,0.5516671642709797,0
0.51493696891605,0.5091678988934761,0.5887238814596386,0.4186792751571016,1
0.17540931875702997,0.09456848777792688,0.3191474539637949,0.16190419339464035,0
0.6189380627583135,0.8440909777732983,0.5061875554378585,0.2251815362015343,1
0.6861624652074162,0.8611688506255993,0.6039666838559121,0.3719401736892141,0
0.690296730759216,0.8660855862416486,0.8215246864982968,0.053982658444513304,1
0.6439812306151139,0.8023049258970965,0.5175113290822415,0.4378768447094661,1
0.4550957940663242,0.6547285112118505,0.39451058153321156,0.04689182000217751,1
0.16826154534068,0.12676921017941442,0.21527602295366008,0.2014706668243737,0
0.4919416671624991,0.6591787653218846,0.37151561063438276,0.2544880065562099,0
0.5603896017489722,0.7472770177650665,0.3044653007689929,0.4770575131787054,0
0.29034668977763645,0.4129690204675874,0.15799207272707716,0.18232278862859794,0
0.1307156031130293,0.10679873529853695,0.17684199266933712,0.1213181883147985,0
0.5639555068435171,0.6808352406581912,0.6038244416919376,0.21195277003420104,1
0.44800964321722814,0.4915695401316478,0.4963162462049958,0.26664999644952736,0
0.7554464815872128,0.9580656471094958,0.7837323484648981,0.20646976746497706,1
0.5721602637110818,0.6586187306040562,0.673406961645538,0.20414404957696158,1
0.5297697960054766,0.6099111500646387,0.3668310641142399,0.5738245086944266,1
0.5892392242457306,0.7233332815811377,0.5058825749060794,0.37903905491668927,1
0.5640872007294255,0.6161727725572015,0.7283665790483926,0.18745420368153506,1
0.46029987927671073,0.6662641379356228,0.4035436449451854,0.030523584126718448,0
0.47924918332831623,0.5048079087539216,0.5761275743861803,0.27003478317750684,0
0.3154359720357784,0.33717402865657387,0.13953174730851117,0.5249471675746905,0
0.22184113767480387,0.17203126631458635,0.42690189019661634,0.0387746872926291,0
0.29095413113766694,0.24103232848532025,0.46747411854021215,0.15097865666471588,0
0.26132650180789635,0.3951760120769279,0.1685495856630933,0.06586810035252222,0
0.44424296950491177,0.4045210237752601,0.5816566729653329,0.3374272786384093,0
0.35693297143089264,0.3076178299585022,0.35770923425544504,0.47905643087504024,0
0.6293711999425917,0.9624427243060727,0.39937030832424036,0.1416937264614164,1
0.6739794917602513,0.7848911720574673,0.8286991923755638,0.16462074009424255,1
0.701688428388817,0.9309018382362946,0.7477639403892038,0.059541635769542564,1
0.5401917689358328,0.6769259806787196,0.5092392353988946,0.244785039884023,0
0.622039177693053,0.8610512196565221,0.3419186555848866,0.4446898559466294,1
0.5826915517493333,0.6966798391924524,0.5019262055324538,0.41886885246685474,1
0.5934857742030826,0.8821625461936051,0.49027239712508297,0.02661390984377554,1
0.45543521041434365,0.47865514562263417,0.4341125396669483,0.4293693785147105,0
0.4924675925298578,0.6155140519886999,0.32649240426000353,0.43381422628753386,0
0.4481779460810856,0.534272581773125,0.3047010010910514,0.44815677433603845,0
0.6460858064587626,0.6374265542435202,0.6913071631748192,0.5999019019227837,1
0.6067707769989656,0.7625547445760282,0.4645214413760399,0.4306848614906974,1
0.6546007738168421,0.8121380070443407,0.6976129434619632,0.1962394362804139,1
0.4486749491892262,0.48969434430652853,0.42786034877162665,0.37734836202236965,0
0.7515863058264178,0.980616877260113,0.8477478503293048,0.03476756048784939,1
0.6532068813631545,0.7700410527969226,0.6423228088110445,0.3774475616068994,1
0.639436593727427,0.6203841930299544,0.8496790127460161,0.37170396694322505,1
0.6326323805175135,0.6276559780029046,0.7282855285215905,0.50159366479792,1
0.455629993978552,0.5421660476904421,0.5376263863948871,0.11629527107432407,0
0.6029931377623453,0.6376084808675321,0.7910993423261248,0.23429547315370874,1
0.25388049695760195,0.027238123052165265,0.5849994872586747,0.3238079462695846,0
0.43655788931936984,0.6432649381707871,0.3682182858100122,0.022299672454863195,0
0.3182082215202141,0.18204826072214086,0.4420930027777624,0.47278095162907485,0
0.32688993073464173,0.442019642282065,0.011950258656383462,0.511475159983471,0
0.41454121879956635,0.5470206855870879,0.2205524375101801,0.37432572376484163,0
0.27323305810887294,0.4420408173673336,0.11562059243284784,0.0876323584767591,0
0.7504353659043512,0.9711432901851954,0.8790806389680053,0.005697645606759993,1
0.4267659859711768,0.3783013348468945,0.5456767678591131,0.36956144094997834,0
0.6512136793663237,0.7873621278462694,0.596495292553276,0.392920138386031,1
0.7474298281531653,0.9409529271721065,0.8254899797384267,0.14653185322792006,1
0.6798824838617564,0.8426128401631778,0.557777457599065,0.45621413250223997,1
0.39698559293534524,0.5397595503467806,0.04936485976249398,0.5614817991660337,1
0.46206776963696855,0.624899812246641,0.45591790640567986,0.06421245795972054,0
0.23765170687748338,0.1654803266684738,0.23308792286693222,0.4249258334158341,0
0.6318561544550744,0.6743064539484348,0.8332726598190232,0.22360564767575028,1
0.579053893045917,0.6228927760613041,0.4421163618763728,0.674862982261766,1
0.4452487284097284,0.474554351814942,0.564146651352211,0.19363778548297084,0
0.14518011591393273,0.07623210930405727,0.06452690841503385,0.43852994368696974,0
0.3418127852696317,0.5048282191783493,0.09820267153322061,0.2996893711024545,0
0.5167477133237948,0.7704150671249713,0.07023545023297492,0.5523477234570832,0
0.6333867192611535,0.9578045990875124,0.35925891462813736,0.23353372664478053,1
0.5747984966530452,0.8176392365929244,0.5301311381604141,0.03469768454229347,1
0.6220463376250668,0.8799924087289045,0.47615478579582776,0.19601848760933108,1
0.3750814885501341,0.3798001739504838,0.48225584573050473,0.20252323927870422,0
0.26931031184024656,0.1691972192472907,0.5977164950057517,0.026983768574378317,0
0.2062045709363914,0.1713446550609711,0.048925918285303106,0.5292723396015746,0
0.5011558241334015,0.7495987457656582,0.321005456280349,0.15027407183233873,0
0.6524518488517702,0.8075658569948336,0.4870628752667502,0.5127502888716416,1
0.45927664658475564,0.7573732885512631,0.09457465243926141,0.2610880328867284,0
0.3608264801360579,0.24393776045824966,0.5216818662713095,0.41176520012770107,0
0.2831545226489165,0.3562144316156934,0.1291149047701462,0.3315641770501296,0
0.6224872146860616,0.6875426435178529,0.7136282722020889,0.32313705633254247,1
0.6277363865725557,0.6905590161645336,0.8035025253495811,0.20703060442707244,1
0.4917888900783631,0.7117949494280759,0.30770774913353655,0.21789545312132091,1
0.16275299683141561,0.2986340263870134,0.033641671431865534,0.016717411041746177,1
0.41009985242291547,0.29480365951234155,0.49088332265239976,0.5771651293551238,0
0.41781233264743695,0.6011342797910801,0.3345168539186166,0.0844506828815594,0
0.38525379303166774,0.5494535935699131,0.10806873313149452,0.3905318815363143,0
0.41570681882910204,0.7419338495162114,0.05895384632820044,0.13526870086268108,1
0.6551573203650052,0.7804360643215625,0.8183091371111049,0.09723273535446215,1
0.7376886936335553,0.9425638522622957,0.7870644469446946,0.15143716709499558,1
0.347388104705056,0.48726035152952973,0.1274629013776357,0.32759529263500203,0
0.6731970551523274,0.7181310304306932,0.8425957104350834,0.3067641340322788,0
0.6914406243838199,0.9088419565418342,0.4406199794970365,0.5241682613189595,1
0.25946144651841396,0.1261891789207837,0.25750649555152294,0.5955745419628261,0
0.5299320133290729,0.6491031729645944,0.6314151488702597,0.0797794109284888,1
0.07508530959931405,0.003557270382230904,0.1672495283948978,0.1156590794486463,0
0.6052675531296983,0.8003064596321113,0.5636890599473354,0.18003802664721041,1
0.5328098640886195,0.7205024757785055,0.40811650422537,0.25061837465877895,0
0.6769357450597626,0.6378221402653584,0.800642426828102,0.5891597343932639,1
0.38382450728936907,0.5397777741231605,0.2213698694421199,0.2376232969757642,0
0.6690420054110486,0.943028857649023,0.3073292777492105,0.5266439663088698,1
0.5932088731270239,0.7376148673036615,0.47899785907964887,0.4035104087564924,1
0.7546361778583189,0.8217596093519055,0.8175984754518548,0.4923841527340489,1
0.5630339569316741,0.6858338691278116,0.5357147031607001,0.2970130570977914,1
0.7756930183328774,0.9196429793759758,0.8517192388711696,0.3017787849176933,1
0.22201196302491252,0.3215010688520929,0.19336279962784356,0.0162629435525651,0
0.8060157633270276,0.8685614096692127,0.8315850678556118,0.6112976906786887,0
0.6526406457232199,0.7847167922689616,0.4890310133071467,0.5678647279829752,0
0.5459141226497296,0.6840770279004096,0.4334672504350048,0.3691771678451168,1
0.6323818931885646,0.8214163360358446,0.4796222060125793,0.38893531683434274,1
0.548450561716246,0.7129107019226707,0.37252129609133416,0.401194109637552,0
0.4959099775294462,0.690371583166713,0.4069476018906561,0.14319952689446447,1
0.12556736756325718,0.048341868550527335,0.1364725888518802,0.30227328316214724,0
0.22004489355744747,0.2800087858753019,0.2607854540308934,0.009024322052642452,0
0.5838064139971165,0.6071347135907951,0.6221999630510997,0.46789534143194533,1
0.6667335636022775,0.7784625102296123,0.8015526485501054,0.18518256961219892,1
0.5982002083595584,0.8840003764890182,0.41805483655136444,0.15391784574820003,1
0.6513228652183372,0.7152797204802257,0.8437294419284311,0.20282086199847488,1
0.7008801125219921,0.8596406396748559,0.4373079004846607,0.6993371126958295,1
0.3765916577246106,0.23215289059550034,0.5370268317945024,0.49703581444254885,0
0.42803317848633526,0.7181199925853265,0.07006782295975852,0.23976417652872242,0
0.2589704949939343,0.33824278471241453,0.1348047537111719,0.2470383826218776,0
0.6811950820800456,0.8635384593893705,0.7589923072807487,0.1086408010056786,1
0.21003907909116237,0.053087104596883886,0.2600934136024416,0.5273375135599397,0
0.3793646759639931,0.4618402661175203,0.10673807783365714,0.582115597775679,0
0.6354273716763696,0.7833048166146056,0.6977566203363712,0.1722398863407778,0
0.32339501109461316,0.5135406092874555,0.21946321139515407,0.00392871516169595,0
0.44020454290311467,0.6394465436071671,0.1861303680522335,0.323210803419305,0
0.7037610094843877,0.840847756733371,0.8254354509998656,0.17853247908871295,1
0.5367439104138265,0.714337268034778,0.262390903590204,0.504290026596881,1
0.2349989538390188,0.30361646794216024,0.01189384934227602,0.3981128253262795,0
0.44015052214603334,0.5935898152351993,0.2190706941686576,0.38817203138918216,0
0.32893172537865123,0.16767351530063374,0.5181372831781356,0.4482689138744684,0
0.7281571379298588,0.8200958767633031,0.6112885494922801,0.6736131735026165,1
0.6005681350243703,0.8727583620268293,0.3108041153878224,0.3547385969730448,1
0.09693962152147109,0.128344785457616,0.06465508914277493,0.0668535102491531,0
0.5994584851347485,0.8600500062235188,0.3313692064927938,0.35011360037575506,1
0.6472747368238665,0.6347201773402893,0.7867114730209344,0.46950603123720813,1
0.499875425636958,0.5065598116919526,0.5408525168161351,0.42169882373070594,1
0.24378700533946204,0.24681150772383945,0.06690735352764755,0.5015452270962403,0
0.6598904383319297,0.6979060174224441,0.7636954286984872,0.40914400505580745,1
0.29287280133556537,0.3758232008023808,0.1820388746858396,0.25174769264311536,0
0.3165745934122409,0.20800430475592746,0.5113968067920676,0.2957669949832847,0
0.6920365325452495,0.8637256783665811,0.7769505498548996,0.13544264202744563,1
0.38809787074971847,0.5519364887984948,0.2992128878748877,0.11182879994002375,0
0.6808320007567601,0.9542820683433452,0.6676452940201962,0.016986891895143096,1
0.5839717653507527,0.6236883154389132,0.5525653318841441,0.5317900403302643,0
0.2549815659782404,0.005008027219015787,0.4475442476552572,0.5910713903607768,0
0.3594066096400968,0.16068075647575508,0.5464395415860477,0.5756718446320248,0
0.26901076059394213,0.34335748970734975,0.1833193203230347,0.21168109821678419,0
0.47798308675766665,0.5990214668963207,0.543566717508906,0.0770116902841724,0
0.61061093483418,0.6275309661264983,0.6224112485445327,0.5506103860378558,1
0.6025643716092414,0.7490809365226937,0.4627644436247948,0.4459728513022804,1
0.8456715187288087,0.8969330619415785,0.8878641210274316,0.6542287572489495,1
0.6941792452874803,0.7442629337801017,0.8137170378890501,0.3896633351535723,1
0.49273448149845334,0.5140852007334693,0.5450496348124373,0.36088495343993743,0
0.6551451760862868,0.8369099801777617,0.4599634242295066,0.4935057936427697,1
0.5414839771855027,0.6836173819984125,0.3292792462938301,0.5044575614907371,0
0.7117406083477292,0.8853032785246793,0.713851179564285,0.2746680760805204,1
0.6853401722236804,0.8050928257200445,0.5680778068143414,0.5618520865967783,1
0.7226308774526276,0.8095011794870549,0.8965672043495045,0.2445506320212435,1
0.7774275473812771,0.9721538470356602,0.8936639440198471,0.11625720328746408,1
0.2614004022757097,0.24094416707939398,0.09511145712428981,0.5619744079936289,0
0.14464661692734812,0.2048200788856689,0.008619124249980348,0.19825420104759786,0
0.7153832006590498,0.9676348511874223,0.4968737903487295,0.41251818980359894,1
0.12982550289751088,0.09545760752893662,0.24581044502713464,0.041767828124510874,0
0.34283325469674997,0.3998194687333778,0.15006405706956183,0.4895215160459627,0
0.4748243815973056,0.7742193043794262,0.2401195771269814,0.07839428134749062,0
0.6278238743711392,0.8465235879710131,0.31215525601064764,0.5545775179121915,1
0.7012581767021051,0.881213386279557,0.5607662164423237,0.4621080931481477,1
0.611077863883363,0.6520099980071612,0.8907148684051911,0.089292021791126,1
0.5389482928576178,0.6092910329387033,0.46574768462034694,0.4728923550108102,1
0.6094682484443057,0.7655721276218403,0.38863713752464124,0.5504552168799658,1
0.6339323809162886,0.9184241790503483,0.34875881636851347,0.3504632324028019,1
0.47770850202835574,0.6579930132788571,0.3900142782658901,0.15853855954580087,1
0.447678454969689,0.49821506712579366,0.28217773965610704,0.5695879975498002,1
0.6768879676088276,0.8755008851039678,0.44046205369493696,0.534994544741813,1
0.7309064853410281,0.9671439986502937,0.7942046938947387,0.04536538923729861,1
0.31460534114614364,0.4928087135911685,0.13280411686323249,0.14179874645794827,0
0.44759717608988736,0.6383450508284956,0.29958425400423516,0.1927468723718451,0
0.2581323632335621,0.15181027748362627,0.49012491718852663,0.17594874667595486,0
0.7181322898561683,0.9259503770741491,0.6291311895718121,0.3320887222377507,1
0.38283571324362803,0.315189463737854,0.5422008381696931,0.31290364961896555,0
0.2842449536358769,0.25837791573025043,0.3666560786257588,0.2252958609151201,0
0.5397637856256993,0.5704583072855232,0.5311799866462426,0.4759031799453243,0
0.5078330406111959,0.6771766945973928,0.5050225771744654,0.08868960080079977,1
0.40230622814588,0.6178256671349192,0.1195694063809475,0.2876128633206809,0
0.763082045189249,0.88894374023858,0.6235655893521495,0.6577024913215711,1
0.6709742204240664,0.8392671520163099,0.5096378550494398,0.4922464395053978,0
0.8190911925947897,0.9271341239832323,0.8350210867351224,0.5250890229131846,0
0.375429822481686,0.5412605336158435,0.14712836303986387,0.30330523380902547,0
0.15244777011199917,0.17822299994556517,0.0678833283689158,0.21485635814270918,1
0.5844129716132069,0.6614291043851419,0.5223001631231913,0.485041852418393,0
0.7413044104246935,0.7181563178839403,0.8997108661085698,0.5615649582507622,0
0.13024280462211488,0.07721157656961922,0.22510463636283742,0.12052812714227021,0
0.6692653039821197,0.6862282841320874,0.6504131704957123,0.6551360538368117,1
0.48630225566682833,0.7612560816476328,0.3153191022830702,0.05539242079045447,1
0.3352284319446808,0.35689440467461014,0.28246694529909916,0.3602057300882299,0
0.482172046918549,0.7098280973843673,0.31563147142650416,0.16284278399207042,1
0.25110733545701835,0.03727008725466581,0.4763540990082006,0.44783031063612644,0
0.6261235524170374,0.7634315502951363,0.5163398464997088,0.44752911659778344,0
0.6344639020447088,0.7233838489991,0.6672493529411376,0.3629858583140875,1
0.736276233921663,0.8324988091413408,0.8561632772143364,0.315889230933459,1
0.575708672162866,0.7714628029765039,0.32742223444586854,0.45875300170426736,0
0.3035307176997545,0.3783092817535293,0.15931905764612245,0.3329017976457655,0
0.5723526433868558,0.8265682603238579,0.4543827926730183,0.11376837711510651,1
0.6436988946571409,0.7576287896673869,0.8226515159158185,0.09044522524350951,1
0.7410369131375275,0.7958798967267624,0.8631664024639487,0.42073522017480885,1
0.5231188141716967,0.7811873053213896,0.34743550906075177,0.1414725439638818,0
0.8042140069161681,0.9051612076158116,0.753015826500347,0.6286432757907906,1
0.23270798221467315,0.27088054822639807,0.17006879873177397,0.23123534240970967,0
0.6346060761360154,0.7727782644001928,0.6075679488321772,0.3297327964313288,1
0.7390570800846256,0.9854319648888614,0.5146860194492138,0.4596764590271534,1
0.5474909375122178,0.7649242907428939,0.37422118917400826,0.2638121769428417,1
0.4088752447521997,0.41623847146597187,0.5554155184168112,0.17065676747085215,0
0.4953805028820219,0.6953865774862971,0.38376167147174944,0.1627935634867428,1
0.5085600083425765,0.7156653302587708,0.11780869235440233,0.576923677534352,0
0.5600933243801218,0.653590887691603,0.7423587120551056,0.05295133458894342,1
0.33864582479929584,0.4488735885801125,0.0573591171904622,0.4850064767605046,0
0.6583511872086544,0.833057739725815,0.7615979757108915,0.06671462316239707,1
0.550665726698461,0.7958008026028832,0.32185916838591666,0.28103787440622224,0
0.29454480964869767,0.2799045705035577,0.24117355224117595,0.4112022936228302,0
0.2348013182540605,0.14347613751705054,0.2961983480653163,0.3710187253797016,0
0.6028399882191697,0.8336648596733184,0.4575235293893982,0.24375249782845582,0
0.5919798049025353,0.6717073232630956,0.6114844704966844,0.36340401060991145,1
0.5676219945951724,0.6384380931887524,0.5843605284554363,0.3654739473208261,1
0.5877862802090229,0.7836920185164308,0.4574327453909082,0.293552236667675,0
0.11100878059160721,0.19204805442982123,0.003385020261952043,0.06984623649055488,0
0.5941896084710322,0.9560077828470782,0.32763894006131467,0.08947017514549363,1
0.48444257217557923,0.6061303027541102,0.3830472499636162,0.33231622904719643,0
0.5772764867554864,0.6225155251927964,0.7635227474726383,0.18480949958648335,1
0.5801615788473948,0.7904198148371292,0.4096793266840475,0.3102393671180796,0
0.47454120495099816,0.640324551120712,0.42688268025229154,0.13157062657477342,1
0.317047599804551,0.23544887395145625,0.3178698293529176,0.519811070114738,0
0.4024111393164804,0.4768221527539613,0.3307047061038399,0.32394325554173886,0
0.524647233016395,0.7035342548949599,0.4732806400894679,0.1544795677103737,1
0.5503536936393033,0.6230404201515899,0.7850696468957045,0.016562947473985123,1
0.4863879824601951,0.6300445147425249,0.4017467172584579,0.25420854955697636,0
0.35028394646902783,0.37562709653306836,0.1806070880146004,0.5414413589905676,0
0.6085077272895819,0.8487591093500984,0.4637638870649401,0.22499503247525374,1
0.5888744722660602,0.7434373887229295,0.3555506688351852,0.5524528862701988,0
0.544403568722036,0.6661454928745045,0.45752728245651736,0.3703631877391427,0
0.7139251322536732,0.8673774282823095,0.5504016241040409,0.5755796544065306,0
0.8423734368382368,0.9847332028769471,0.7240075298854904,0.6640228821705807,1
0.45046931229140075,0.3655298538706278,0.5546788320908633,0.5065036786441393,0
0.7306858387697189,0.8336391875650943,0.8706269125037338,0.2633908561802585,0
0.6703436817082327,0.7789571007168438,0.6293887643610748,0.46024251020744134,1
0.6575442667207033,0.7112868606885558,0.8793475809567157,0.1904828104470537,1
0.19790451546028842,0.11047583057632498,0.3947781607668447,0.12116575971036275,0
0.8411283143635212,0.9476367482074116,0.7779943914035532,0.6695581141937473,1
0.5394545399470116,0.7020623317226691,0.3535146893315599,0.4118448364310457,0
0.382602011362544,0.38983676658576577,0.24263374873795462,0.5744675172413737,0
0.18589554548094414,0.11747319940779716,0.3172504319023585,0.1599190810316901,1
0.7714319776072631,0.8824394329571041,0.6755475272192326,0.637740014814706,1
0.5702565373777171,0.8127295423111737,0.4481455428764791,0.14724051679593203,1
0.349689977694584,0.4453306698874715,0.348455385974524,0.11244013479245514,1
0.6003896326802359,0.7223645246335638,0.4697261084860167,0.4914476890882453,0
0.6360343318761751,0.8363661965925667,0.6055801879348932,0.18088588599711905,0
0.28021920433078756,0.13912486041489994,0.5601957435780083,0.21299025524967577,0
0.20025893300686667,0.15937953205656052,0.017550264037286566,0.5765204388370022,0
0.41513194925849106,0.4956090140670566,0.5356650081535155,0.033139698894540645,0
0.12319157880605958,0.06833520913951095,0.10391466900435994,0.2892478676749806,0
0.6031611973469979,0.6618900159577566,0.5484007849561091,0.5384797694064342,0
0.19120012550626458,0.12567001391000804,0.06750777280341173,0.5405639335511853,1
0.5555517122833726,0.6123979153924538,0.4378389159676762,0.5900053989842146,1
0.6083016281184888,0.8260944425924756,0.39693043587071625,0.38087638030518056,1
0.537417692440116,0.6296602977035368,0.3821525714146299,0.539708860819793,0
0.19471098656312896,0.09463930247530988,0.40902871794197776,0.12341359971440348,0
0.33832595862078735,0.28071623046602884,0.5738772988147421,0.12902326871675143,0
0.7500258512747102,0.7872925622774336,0.7703709481233372,0.6263414284949617,1
0.31821552231027256,0.08855238298724775,0.5870415669579387,0.4891343036463353,0
0.6691137209262384,0.8373825090359893,0.7415878704088059,0.13973052642801015,1
0.7176310868646,0.7461513852796534,0.8247812471057638,0.4856051004652205,0
0.5394405009269632,0.6881092064969878,0.4865568085639225,0.24709427554646243,0
0.5454360993679347,0.644828148399479,0.43538279137821545,0.4620359387736528,1
0.6527537065431748,0.930644593863172,0.44706016940101956,0.26656679395641414,1
0.7206462748781677,0.7670973145451359,0.8885885646094887,0.3526052411137661,1
0.3965617226699078,0.6902957351018637,0.1629187151833074,0.012691202819918534,0
0.4788978697844056,0.5371484376184626,0.39879350765092775,0.45342799339948014,0
0.27249835230387354,0.4079759239777726,0.07631059399869208,0.22808606057689793,0
0.5542610382448375,0.7535807253908713,0.5160318764964767,0.11330556300229465,1
0.6994440804415475,0.8261266188019774,0.7270420376067714,0.3413407987926372,1
0.47204361883208873,0.6232433926885789,0.3222963970916143,0.31866501680157494,1
0.6498667587551794,0.9940186786883484,0.3929813958899353,0.17481500322012336,0
0.6456956257964347,0.8709149597457588,0.4860014591483597,0.32218854089523696,1
0.48362949977150904,0.6354937972031557,0.4466418260868287,0.159450266719413,1
0.7027613775005584,0.8425451360862141,0.8980540038865801,0.06036304145738683,1
0.2781074307451185,0.2537831224768842,0.34953193744503824,0.23178144136582474,0
0.6128778052062852,0.6981425059734507,0.5035506740408375,0.5637067500365429,1
0.6670065322160221,0.6470017529010406,0.887022133333486,0.38699507882728,1
0.359146434891092,0.29365081945106203,0.39037188911949344,0.4760472921485649,0
0.5714498595947256,0.6120839792968281,0.8489876503669203,0.05355787418117738,0
0.4074560886817921,0.30412150443992136,0.4976065486662466,0.5305668593097873,0
0.48027572755531456,0.6253596154949621,0.4455289231660429,0.1696862142901032,1
0.23613405351320757,0.2214119555626727,0.05667753009827847,0.5421240835119384,0
0.6984332289463373,0.8263087601727683,0.6201719603639206,0.49613630375388434,1
0.5968062564633065,0.7264856607296173,0.36432650751608436,0.6213273692183628,1
0.6026392202700359,0.7138163500447301,0.5829742883805017,0.354193793667602,1
0.3558915064242978,0.4914602011882222,0.15120495967990583,0.32399958963107456,0
0.790105875049296,0.9613311487856212,0.8919540455532546,0.2092704349525446,1
0.5333449759598008,0.671441670278847,0.3628786134860371,0.44380278387283073,1
0.25730954508693443,0.16078194112789915,0.3658678959731368,0.3357910286552189,0
0.34726889031083497,0.332666384301723,0.26136748768178003,0.512627259277197,0
0.3377860108590051,0.29629541821547695,0.5581496290875234,0.11096706512504796,0
0.3395515015819512,0.4298090199464708,0.38036656711690836,0.05268510736821647,0
0.6120036344816967,0.7214330606377548,0.4608472694458229,0.565164616645362,1
0.31269050747656574,0.441272170109609,0.2693280195407895,0.05628008279762195,0
0.6426130680146354,0.7935550533281122,0.449794414640221,0.5544860847925646,0
0.6314296278568368,0.7053269129025942,0.5595470579748926,0.5545102700653594,1
0.7686986237112127,0.9961553829441929,0.6182850739539796,0.42567705026461183,1
0.6015985333699,0.8722858107198026,0.4269615488722104,0.18683581674167768,1
0.35545353495115395,0.44194934669345554,0.2998052827315629,0.22268638392478665,0
0.634341971525334,0.7097570087491839,0.5674143418455116,0.5461958229854431,0
0.5418310473463348,0.7506936031499506,0.3463596181521922,0.312881801628509,1
0.7104214984930286,0.8249317977670976,0.6809041314097837,0.46842180093272356,1
0.5879334895620956,0.7430730526103897,0.4838077423066235,0.3562732028245687,1
0.1956125692798538,0.033676085769118645,0.4294688490077682,0.24966935846482002,0
0.7658569610295725,0.9461727422488401,0.546557716517194,0.6440163747499712,1
0.2395139882474869,0.34184830281523526,0.18211485181194711,0.06977690648142566,0
0.5054534686802632,0.7755286807207795,0.3386093893049576,0.08053155764193069,1
0.5821450310076322,0.8939572649241163,0.3610610755078836,0.13424037946604458,1
0.2003226257351878,0.10174001587459741,0.2904998319840379,0.31151334101338873,0
0.7054642953650085,0.837709077720632,0.6995122238137232,0.3837804468028781,1
0.39141992036711243,0.29603070731334474,0.5689895925249646,0.36353844476475344,0
0.6805253699902226,0.6981035892092838,0.7804030919756525,0.4867632389644248,1
0.20201008160008638,0.10916905002131179,0.16075392733004518,0.4959968919520845,0
0.7573935651023574,0.8135622530889491,0.7999437245784312,0.5531466059217675,1
0.6150941287985902,0.765825648326242,0.43917093844291344,0.5021501155129752,0
0.5302162475806482,0.7268612684519915,0.4252361300621763,0.196073871679998,1
0.5561147358749975,0.6742630782469481,0.5176238155079342,0.3184802604957159,1
0.8106162527757025,0.9450191201633302,0.8728229471436191,0.38129904275475873,1
0.5775652719817892,0.6123271338271757,0.8460538044781194,0.08792781862382759,1
0.13118019640903497,0.01235612435013982,0.3520969384507687,0.09686526349367224,0
0.15701712764549766,0.12815814359708488,0.21101243939417566,0.14817162014351268,0
0.689800112586726,0.6866533752823489,0.6932129508690877,0.6925476984241262,1
0.7575991321153543,0.9247952806042179,0.644680595562815,0.5089865657220044,1
0.25729847440797715,0.26190736070459686,0.19344572122819273,0.34155538843610445,0
0.10771618518393933,0.02011960087218645,0.23634460178550865,0.13376502106096752,0
0.39777141646647923,0.5140116214550123,0.3162404818214744,0.2294673059626537,0
0.6166437113504442,0.7700327070056525,0.6756293263472459,0.14469279971722085,1
0.5838987742917849,0.6229596833109542,0.5968266317724662,0.4668547155228396,0
0.672051198332133,0.9305167696777431,0.4499920524171054,0.3589759888406492,1
0.6501112808804441,0.6476096599928675,0.8309820008493638,0.38505925314600614,1
0.5233607060423635,0.7379463212501192,0.3964612227615564,0.1772458929441849,1
0.647109166968513,0.7420871336484799,0.5949657535907973,0.4878793703351691,1
0.21680561430417195,0.15071873379516518,0.16773856089193445,0.45562339569504495,0
0.6479485044068483,0.7716395485877028,0.44719701973443404,0.6398481209633333,1
0.543118659556604,0.636452578170553,0.5483275489898014,0.3019705288719355,1
0.35687139672699764,0.3160605789488865,0.5527017907409151,0.1651528501513994,0
0.21047318727313544,0.39190247138946516,0.018576914179708724,0.04474438662245121,0
0.27575054432229884,0.41827454973323086,0.1373391522754776,0.12705761886520073,0
0.5725353401961764,0.8068077947397717,0.46722610833380396,0.1448180516307469,1
0.6562827066587292,0.7768594229857981,0.601736481887547,0.4366602529978303,0
0.4419838550034049,0.5541809630268276,0.2923327056978246,0.3859678089032186,0
0.6780635569412123,0.8268437461955169,0.7413392231755394,0.21119958445396056,1
0.3187399560877562,0.16541338374357473,0.5515066147831268,0.35290639890515396,0
0.4978194623424653,0.572599449481335,0.5712613587270783,0.20070664991837198,0
0.17876843492109099,0.02265654681936562,0.3416663625008894,0.3247012638057068,0
0.6471725682111106,0.9097285664567373,0.5852000708299863,0.08374131866873001,1
0.5974929080880129,0.6140703928737679,0.6948193862304678,0.41005947890994304,1
0.3685086933722288,0.35897861525420405,0.24818996341086091,0.5728119836093426,0
0.26790563182965454,0.2623199549109111,0.3162080624115174,0.2094161782537188,0
0.613336374288169,0.787060980980085,0.3525737468439223,0.5701687987247491,1
0.34460284799429125,0.4294214618084884,0.2904589788852999,0.21377211712228525,0
0.284303975556673,0.443955504569189,0.04080891962055526,0.2504177369295599,1
0.6089085688981501,0.7996776901688893,0.5104403710459671,0.279688062499577,0
0.1378292613069251,0.14758716891239443,0.2086896193694096,0.007143955199524976,0
0.6449379205660448,0.9184114225241513,0.5549890213327685,0.09617751452069355,1
0.6398193898505893,0.8838233615792883,0.5750910063751966,0.12690203574193085,1
0.716028922996647,0.8614159302774573,0.6434937454732681,0.46136417107968924,1
0.6240549812710837,0.6179642477569316,0.6333350805279683,0.6253616661711372,1
0.5139368726963813,0.5138443837547495,0.5421728641368944,0.47181410788969164,0
0.46168243855151614,0.5384395345559437,0.4636951227681829,0.266770672215447,0
0.6542156955243147,0.7385971445252195,0.6295908493655036,0.4801993422602694,1
0.6307786396548114,0.6855323285111992,0.6641830406802645,0.4437878159756625,1
0.5341921526411589,0.8398475598051476,0.37584704618510334,0.0075712944152704015,1
0.5223079465981968,0.7972365871511466,0.3991929354528205,0.019658861933886416,0
0.5073926701579557,0.7311368155413767,0.3879524346124566,0.12719266001765198,1
0.694840067098835,0.9256081538664138,0.7375627463162335,0.053835831353790116,0
0.7036840718279929,0.9363777869195118,0.5734181160127103,0.31734871782211976,0
0.5568241175007326,0.6437949302803261,0.4041905731750013,0.5683474020403457,1
0.7295040222469775,0.9521521200510769,0.4418241212453907,0.6044036292391095,1
0.5508113818916263,0.8247275720251998,0.3044738588542818,0.2355271911137089,1
0.20685640781509945,0.23421583596721973,0.10454411544375065,0.29192627599182197,0
0.7293916285107823,0.9115985418312516,0.583071432097816,0.493354639829059,1
0.22473865936157203,0.21360164243665533,0.36535336334804713,0.04165914569415108,0
0.5841806959489234,0.6429249451330081,0.8666885137936484,0.013558346221624516,1
0.533819194650659,0.6997550303328848,0.37785431404340214,0.3529269263559796,1
0.7854730229938672,0.8121764718412315,0.854285327750449,0.6154959437405837,1
0.4963995824380047,0.731328208997732,0.42286252074593256,0.019383608576794775,0
0.25107103059285935,0.23185681514135298,0.2645472326976855,0.27889226606438616,0
0.0936334570208757,0.004593819243393327,0.243783628760513,0.09100729385512571,0
0.7154339844614344,0.6619940712424227,0.831447089576892,0.6750141098357771,1
0.5741569735335079,0.6948248307938653,0.7299241164011657,0.038836616081128456,0
0.7296497366556811,0.752292944486858,0.8251450855271858,0.5297986937704819,1
0.18813343185227932,0.17843652143250735,0.01854483828336524,0.46675859825508026,0
0.2485293045961799,0.24803683534783716,0.20241385059585484,0.3189336587175243,0
0.2006697934450404,0.02520534968770871,0.3759029051198196,0.37648123532620076,0
0.2627336115852493,0.2738802020686788,0.24570409439209628,0.26041141116640515,0
0.46255355727474645,0.6935288723008943,0.32867236756943013,0.08593705426735132,0
0.19101391316973027,0.2729092913645701,0.001894874579716932,0.2699540255676506,0
0.510197070896647,0.6003298467338741,0.6350887040435067,0.09752768158329006,1
0.5825099183518588,0.620207878548802,0.7287312589620494,0.2689330069442154,1
0.5934936725756649,0.6722824783067237,0.39161621609986613,0.699337842961716,1
0.5867984184067897,0.6610760535365683,0.7697013323725822,0.12674995963365468,1
0.06333355675554979,0.039575931269660816,0.0785406233981663,0.09991702050634745,0
0.6521277089202817,0.8299476168110937,0.4236563437982644,0.5502849868762775,1
0.20757071629978352,0.19078447372189677,0.11671297471262163,0.38582293512524324,0
0.2545118111947665,0.40952910185526437,0.02749769574712759,0.20748975771498016,0
0.5556258774436061,0.7298574668441334,0.35332029850814384,0.42350527234548146,1
0.45328555186910674,0.6189853239784733,0.3666400677484705,0.16900434777664475,0
0.29438691434122755,0.30182798655806486,0.34987908829548287,0.19254597286775157,0
0.8757318814312164,0.9847590658198058,0.8431156537280777,0.6520882620144514,1
0.5626096238321188,0.6180554998848802,0.47130383985979496,0.5609536096587008,0
0.583946598908284,0.8032669423251501,0.3429523812911496,0.39713706679182065,1
0.2038041514373692,0.10056576304515304,0.2479974319172612,0.3956102016980717,0
0.206132388028972,0.13184417636365398,0.46044906171948286,0.010377906656500778,1
0.4769231382195681,0.678791930127595,0.3084652555707052,0.22493798242279536,1
0.5571022717482369,0.7635132437714789,0.5755176574152392,0.013451763189628407,1
0.509293095314242,0.7146378494497415,0.1386042765780026,0.5519644380798525,0
0.39099391255006694,0.4085577662032071,0.5149553890376612,0.1611420636858248,0
0.3629829855027692,0.4880280705052103,0.21202812414780425,0.27680256502911377,0
0.51127531797225,0.6002074976662822,0.6537183567220577,0.07528031061245762,0
0.4385657045044317,0.4813235366477939,0.2700383598213532,0.5844621411706438,1
0.2454725939361015,0.007650353782651465,0.5140010130039876,0.43723556571789757,0
0.35462425465986896,0.35956255542870985,0.3916067860194357,0.2868047056984165,0
0.6355200991541374,0.8063022705152205,0.42251318378520253,0.5280750438048317,1
0.6269486613575652,0.7948461679665687,0.6205715292860434,0.21677059294233894,1
0.4175295696587001,0.49104475809766446,0.5236516943562861,0.07455841151491045,0
0.6321114449655204,0.9125176141726064,0.31165367283524426,0.4117826801432194,1
0.3270710387924061,0.30110600709052593,0.2629307198574087,0.48819409644960277,0
0.7569206449075274,0.9263604861852377,0.549356518561024,0.6446672312330072,1
0.6043734108351921,0.7357288582946244,0.7146792087225173,0.11052609535562347,1
0.13734192071998325,0.0648807062744929,0.04421832721886865,0.45818034708538097,0
0.7593563805051169,0.9884540607209311,0.43571753997271734,0.6720704407641809,1
0.5485576485520983,0.6838116129153438,0.3445200180747608,0.5164791833599909,1
0.251276319059829,0.2390428227559241,0.24757246225415994,0.28741584502809486,0
0.6903284062629765,0.718544822804466,0.8249383202835536,0.41787249387838743,1
0.8091914775514232,0.9710250204026031,0.8855367553687941,0.29008970369741727,1
0.583345722658045,0.8776180052744589,0.4016643603270291,0.12018705961353414,1
0.37852996006338985,0.6621668281463987,0.038200049644754826,0.17993265548382012,0
0.6139622865902897,0.8287367906084436,0.5985357943899356,0.10016576484543602,1
0.7080788182488419,0.86532611174908,0.8464647838089585,0.10738163615807213,1
0.41829334547308006,0.48474719697877966,0.45699543791708,0.19410557804283096,0
0.673341167845647,0.7929504018516458,0.6592126863027901,0.3955108051449357,1
0.7091441077271536,0.8520607877097539,0.6476480177578834,0.4440965427245587,1
0.5868577561731857,0.6140467244438667,0.748034925775079,0.2771195810936434,1
0.5542404805349214,0.8242611362916673,0.33313546581314835,0.21084636322571626,1
0.16290297625888056,0.24107081616534193,0.012333218941878487,0.19333801246823032,0
0.33303947013935664,0.254055462324348,0.5565808899208498,0.19518736000463863,0
0.17453541735252392,0.1190581617780774,0.15123685980551382,0.34817639260915545,0
0.8217944307407765,0.97169689760246,0.6900977351267799,0.6445833070075631,1
0.5490255376410617,0.665097394441983,0.34915193051119664,0.5586563063335559,1
0.6789818838667537,0.8789094647319716,0.6594875565526246,0.2084044226749028,1
0.727274367978752,0.7638804306195979,0.7318111565265675,0.6289540285549138,0
0.4117833232785262,0.5653673312474801,0.2857213167401399,0.21691631316372068,0
0.40438822663247753,0.35380619572226996,0.44276370288152206,0.47328008953442974,0
0.23086613304442122,0.19377030986892285,0.14401696787381751,0.45387943873907266,0
0.5710973639338981,0.72120804629019,0.5670498921536388,0.20189186571355733,0
0.8063873195660133,0.9288854184375228,0.6979428171063308,0.6628088260767633,1
0.636567551517759,0.7883808553827268,0.48320756953724153,0.4870742648261157,1
0.6240243696878001,0.6495149324468551,0.6471313495895312,0.5256374929375658,1
0.7033099499013012,0.9169700401340715,0.7104309247305527,0.15847826207549887,0
0.30040885756750013,0.1720141950975287,0.40046352768592935,0.4713135085647848,0
0.556896440519276,0.7170378359396494,0.5636293395407965,0.1464436034360614,1
0.49830603099785464,0.670630605861356,0.4268163266655794,0.1747291503375143,0
0.3916580048058665,0.41312683514777276,0.2172700673707714,0.5995678351037435,1
0.6150696652851204,0.8970770266900343,0.4791253492512837,0.1139677358235907,1
0.5589695696950917,0.6711257856182171,0.6583685224652904,0.1294806007319797,1
0.6691390374243604,0.7845514280950221,0.5758798272021864,0.5204968760809666,0
0.322592363158985,0.5247359599436926,0.04494658527718387,0.2337020380199174,0
0.24870183115517694,0.3458987606009509,0.1570670912232889,0.14316161743857395,0
0.2530467300645685,0.1722536017379911,0.15804447858965098,0.5975329280933883,0
0.3080993936806963,0.23218544636027405,0.3222741066592522,0.47662219251391813,0
0.7120426824566416,0.9183154260667881,0.581127017685124,0.39273432058855173,1
0.6602021046157334,0.7466433539730449,0.6322572565591358,0.4860162533073509,1
0.643998861598835,0.9724944942760407,0.44566739127649235,0.12025698538933481,1
0.08295820930313651,0.042621786392649776,0.1624924426942449,0.06449791649269074,0
0.20812669681365892,0.03221812897916996,0.5937822905221699,0.06941472583711479,0
0.3918936791534409,0.5879338226952096,0.2286895137909431,0.14659956834276588,0
0.29985647936911053,0.3730333924505058,0.3636897807997493,0.02116424451966421,0
0.7620167418009949,0.9812815098034594,0.5036771823424144,0.6013641609827044,1
0.769228036013703,0.7583650716162809,0.8402884479035526,0.6897948291724841,0
0.6769589913576699,0.7843078420958265,0.8592680690227033,0.13512324801472858,1
0.4718123172035697,0.645778127588452,0.3674219244556147,0.1934833803632966,1
0.3644136135174576,0.640855975547271,0.07720081364771543,0.10412690824753741,0
0.14184017805928886,0.07040983319468834,0.11709881538850705,0.3575280842269629,0
0.2980664607099197,0.48350830971553943,0.07462878119611661,0.16961835746657503,0
0.5044901098111135,0.7281330917124068,0.3331211552399898,0.20243608691456574,0
0.23146631380979837,0.3656107579835922,0.11116899853441035,0.07655117628839585,0
0.6684350167536841,0.8861628518463207,0.6405301719289151,0.1659726962592461,1
0.3336928593324201,0.27576716943871027,0.3754946755846568,0.4158043596883396,0
0.5616441333636992,0.6810948085950107,0.4117613131066319,0.48784167567102177,0
0.5099501807712961,0.636903056374149,0.545012517251598,0.13997448704371074,1
0.18451818346825993,0.16558785168797893,0.12746920938018266,0.31741747405107845,0
0.41565909915321586,0.280301307078224,0.5863252278890342,0.49805438623696796,0
0.5362752913040266,0.7920065762983493,0.20884271694796533,0.388095940352312,0
0.538459143538489,0.7990590809461515,0.424638441221749,0.05769035349444278,1
0.5411586208658073,0.7543685165852859,0.4002229244647718,0.21953742616866392,1
0.5883558873782476,0.6164316373219387,0.5019642201393101,0.6477540133774262,1
0.3621364750382431,0.21519076144450705,0.45287456994661224,0.5933936166600297,0
0.8155818581732013,0.8844277415910609,0.8484219400978672,0.5942070267415531,1
0.644009758413632,0.6559009934437239,0.7305117196053701,0.48452872905079497,1
0.5254830910682974,0.6410113086818539,0.5943072965282891,0.1334262388444185,0
0.35779537540676465,0.3869791558708703,0.5407613999307318,0.010386887460550142,0
0.59012498696149,0.7707182486657513,0.5703241706325001,0.16834305719432097,0
0.625120137266451,0.6524434772104879,0.717023032685951,0.41895744427710896,1
0.3874054828814785,0.25010589806395045,0.5522806944587749,0.483341627559354,0
0.11964771983411589,0.008692942394693138,0.28885245011131166,0.1432275680168791,0
0.6147973502466587,0.8441159806815403,0.4260029032953594,0.3246924445864038,1
0.37273360570859526,0.48635856515432563,0.405319595941717,0.03979222174458685,0
0.3484173258168808,0.6172026517546345,0.06259611611458023,0.1051858255259471,0
0.6604162915072893,0.7255573479207957,0.558728980875501,0.6500946164212059,1
0.6034337136885481,0.6306554645803526,0.6207311696127142,0.5094331525727879,1
0.7547652382256026,0.9501177934603394,0.8342148009925487,0.14720950598834115,1
0.7312597520273185,0.7674344502218134,0.8690441769826287,0.43414636910811594,1
0.595058431385101,0.6330919999689754,0.7774251732750029,0.22642439709056222,1
0.1977768091356871,0.13095013276759593,0.057380785553955156,0.575437535428513,0
0.674788821668569,0.8851545165728404,0.4976473296670608,0.41458682241015277,1
0.5209567079982169,0.7179201457039779,0.40576916903866045,0.20132942217314903,1
0.5923490864699665,0.6376397226544899,0.8303480873447897,0.12212399469642374,1
0.6199444777971693,0.7614134467791547,0.4597131801615111,0.5066190017956934,0
0.7224548598825169,0.722382649660261,0.7624861690994356,0.6625884216127783,1
0.7251986975569121,0.755221418920899,0.8735905616041211,0.42755409807613154,1
0.7428682054569625,0.7205370530058872,0.8816123332191519,0.590579894941367,1
0.6105262795968286,0.7670535114322394,0.4664393963179866,0.43533852492656433,0
0.7261176290890594,0.8718108036835831,0.5430160359005867,0.636537082385459,1
0.7452889840574243,0.9885436096342033,0.6208867786847008,0.3237557281745625,1
0.4402823422003804,0.6029257825172062,0.42680387595718694,0.053891440773106244,1
0.20098604576671777,0.21220051573409454,0.23540310444651896,0.12132428282857421,0
0.6819400786474717,0.6169402206320668,0.8053453487526965,0.659331818528147,1
0.4346156055560465,0.6405443394446791,0.3006096667048597,0.12080267911124506,0
0.6326090229210646,0.8133434350058805,0.694052767663713,0.08860737559505238,1
0.5075064599302901,0.46350352398758876,0.5930070392113144,0.48926293086550743,0
0.39286387154754565,0.46013627944978613,0.477543688846421,0.09766312584363131,0
0.4874129179697499,0.6930279762115494,0.4551539226294571,0.021763765375690157,1
0.310397929565769,0.32548573095429784,0.42921933275645713,0.0944463213084149,0
0.4684323685738511,0.6519936422430271,0.1737420807600705,0.45156461612158183,0
0.34624209407439166,0.2602190408091472,0.5902047774400242,0.19535570218905393,0
0.5851880914157822,0.7775334086591736,0.3249707609813489,0.4946507939589535,0
0.5741868666091221,0.7075797477243985,0.45798666780569336,0.41500496202607423,0
0.06552660651389058,0.11055775043184167,0.002598041110884197,0.047341594823522494,0
0.7548195503953413,0.9536582845467269,0.8841984439040032,0.06365437475388501,1
0.5397174276606672,0.6384764000057899,0.7307595873261747,0.006256757299599236,1
0.43786039233506524,0.45723921182275984,0.5058337803469243,0.28745326159804,0
0.255460830987303,0.36481648263563954,0.14228554110548497,0.15183463668918865,0
0.7669091666690919,0.9540651506535365,0.8686189928792032,0.1464544673928134,1
0.6081023021201907,0.7357911016835611,0.43501417781079144,0.5485124896758635,1
0.690435343035141,0.7263057911384365,0.7067328153121955,0.5763130143613203,1
0.6903733571493121,0.8361281003532596,0.644578372779331,0.39467897569441523,1
0.6475000524284349,0.8946292372462932,0.4010956315832427,0.3992837216515777,1
0.20351765754611395,0.04222670462915339,0.26399283489587066,0.5160322738138802,0
0.5463491930587799,0.7493008277320719,0.5055422815826303,0.10018047358977462,0
0.4509543023151503,0.48644267992972257,0.3998126562595974,0.43894582736204907,0
0.6468396628714527,0.7123585543856621,0.6691380303211754,0.44959488291134503,1
0.7440976717515537,0.9402134716763131,0.649199235273593,0.39615582665659616,1
0.5960911343591262,0.7006842566997729,0.6453637484109381,0.26069940742979186,1
0.6390191355985178,0.8321753188811379,0.5621068195137806,0.27149715151907305,1
0.5916754383998986,0.7746669957355358,0.42575786899606594,0.3830728991665547,1
0.606518240251307,0.7187473942029657,0.6840436017558471,0.20965731311535,1
0.32914307353614014,0.2422172255731619,0.500696147621462,0.2891280823156032,0
0.25871271097279375,0.17407942996642528,0.23336853930983084,0.5083121709831593,0
0.4518448622418429,0.5091697022059213,0.38441071778475416,0.4096839790172799,0
0.6225752857418642,0.7370752721511326,0.42883316555138024,0.6269385000044191,1
0.3437645366325387,0.21944306625867904,0.507930711586191,0.4083189501367096,0
0.5882119414549617,0.6512728292731216,0.44925571419818355,0.6389940627947293,1
0.6183182552210873,0.8195912266117841,0.6296456948040833,0.09814466736985177,1
0.5772156523182435,0.7418901284786201,0.531103217349613,0.23469811437024732,1
0.5220602770295889,0.7438665174666443,0.4814058672853698,0.028526290553279186,1
0.466407579516947,0.6194277159387832,0.3391294019397218,0.2747745048281945,1
0.6529085843629203,0.6965488246506651,0.8865035904773588,0.19341547447190052,1
0.25866738430477365,0.3455659904789012,0.011364079762909452,0.41237582568225123,0
0.5859568476250002,0.7282862186776304,0.7008998861154989,0.057718862257676605,1
0.6064135190518669,0.780890827162886,0.4871639273155799,0.34909463637874955,0
0.5395361383769997,0.6998192703754882,0.5100849253764494,0.18300512788160386,1
0.27348157187410993,0.3694310432148493,0.22053438289723495,0.11302867698757366,0
0.5867830903241821,0.8342415045862319,0.4029825075773096,0.2438379287893658,1
0.4061639873579831,0.39356962331482737,0.3974585304710908,0.45070808279621105,0
0.6268716869319502,0.6287188569440183,0.6741172526222449,0.5513854133663373,1
0.24236328913393068,0.19880326300002454,0.4083527827723523,0.10227911401106357,0
0.2121765739930987,0.27778423218376863,0.1336084433317795,0.16600962450840262,0
0.529925338095409,0.7334551033312953,0.38797388571861163,0.23402810357088924,1
0.6197483290005136,0.8413623829950434,0.5362627868402429,0.1909415072545951,0
0.45611188975546735,0.6915681542696287,0.0009063338571703161,0.5502795623175094,0
0.6306647248272275,0.9516275118635841,0.35277824911463174,0.24508747080522988,1
0.3782166916600555,0.6571928212818976,0.07698837605669874,0.13261884101048535,0
0.26469315867815646,0.28080014969259537,0.055600618365378905,0.5380644916112255,0
0.29158752406607324,0.06850716202937539,0.5934283001285277,0.3965272650641364,0
0.37213043326445594,0.5253047453025343,0.030276570581424675,0.5019754471938068,0
0.5410166585711601,0.7171743626015349,0.34416713628982815,0.39589668191722094,1
0.0675364114126054,0.03978300271817421,0.12838255432142157,0.04565071878545912,0
0.6874638779417944,0.6963882300022739,0.7342070019448165,0.5950383117860625,1
0.4800275162394846,0.6354141645431793,0.24323025140099575,0.44675679273798097,0
0.4808475780203878,0.7114300629542666,0.07481961045773151,0.5134333170296754,0
0.5755226070647659,0.6658431270328072,0.773431967764288,0.05285726609537958,1
0.634883110221934,0.6621588477029102,0.7786947142959775,0.3509763604084283,0
0.714484631844628,0.6670798078711123,0.8170950596650459,0.67908105004779,1
0.47949242368611944,0.6224178173758002,0.5451909378503659,0.023631168215548226,0
0.5531008577606483,0.7400172889491915,0.3382665038764352,0.40806131061560996,1
0.6690419087797939,0.8023902015644531,0.65349494664548,0.35899162001961643,1
0.5183211518841833,0.6157277532133082,0.5158275946028572,0.2785449844833601,1
0.7939476374601903,0.8442088016855299,0.8446812316574759,0.5921943356009124,1
0.2547376871335655,0.07106990009867974,0.36396669399106685,0.5500636444345278,0
0.10059823408910261,0.05719667918757461,0.18152481515742339,0.08771224974044146,0
0.1889728768930941,0.01785538492195853,0.4287503178556463,0.2571004453771048,0
0.5596083632263249,0.6322858035826744,0.5607625493971963,0.3761834830791438,0
0.6049373322562674,0.6587454939285616,0.6893081603961666,0.34386068586568336,0
0.44236771129727426,0.6213808792378305,0.04866547742844744,0.5853881422491239,0
0.4899276969880878,0.6086364911217857,0.47081313166225874,0.22182755964258685,0
0.6333929068394885,0.6826519304209547,0.7825028006417842,0.286580507182379,1
0.15420153695072733,0.25669044922238354,0.0065846855512955655,0.11940453337073444,0
0.2670101305821133,0.4861546491890632,0.02735322752202649,0.07863418865486889,0
0.5652269239089088,0.6961894216380952,0.38721018300506255,0.5048457909417124,1
0.143063474482818,0.15667042530334818,0.15947172715754068,0.08443371841940854,0
0.6269535581911705,0.855700136142468,0.3092379929763419,0.5316604611351691,1
0.7574477697397693,0.7976566586069693,0.7537842686825722,0.6624207991575654,1
0.6557886415488722,0.9319158972529653,0.3116436902964105,0.48168792916733183,1
0.26804337533900247,0.3328008359383021,0.22467267457032117,0.17120577499377523,0
0.4530248230144989,0.6803268384427481,0.16045070896462646,0.3236309555186848,0
0.36039183356456184,0.1904293277851875,0.5848953244645239,0.44854286166305474,0
0.21248167283262692,0.09989919567403849,0.3342233347585739,0.31132537284017753,0
0.50841613930726,0.6560718968813327,0.5146773823556873,0.12988488079943716,1
0.31140709709764924,0.39100693558225574,0.36736495528319413,0.028470713607815765,0
0.6749302254926486,0.6516545326792813,0.8393672761995898,0.486463881465655,1
0.5371915138765169,0.7648989791679656,0.34407415246667566,0.2575988927626571,0
0.7404867049778564,0.9876705509390895,0.48350234424754024,0.5080036311702477,1
0.46457519324280533,0.6912317631825666,0.33275342995585566,0.09566641332382654,0
0.6358171879879791,0.7691201330187174,0.6672899254257085,0.2553507192545394,1
0.10467684300159144,0.12190322548661935,0.03514984209386402,0.16590138815061276,0
0.6037942039124198,0.7959505142588994,0.2912056670956498,0.5922862332713758,0
0.6684908415286296,0.6553316280464196,0.7952812999593718,0.5112031875880412,1
0.5281624415868742,0.6106151570446819,0.5106279235988563,0.3483324299243816,0
0.7492826308519276,0.9552234780059479,0.7558036223927977,0.22464902565557185,1
0.26825954861095025,0.24919052335152553,0.21574520822219673,0.39470362234264217,0
0.29972050476236256,0.4053458942024931,0.12791632625981916,0.2933632989158514,0
0.22483886691204974,0.221212991816521,0.1553313975955132,0.33816475862567635,0
0.3435902218462733,0.5213615214663354,0.07133346297896338,0.30754711109708294,0
0.5614413464267565,0.6976476300342307,0.5095930051416333,0.2986981493357552,1
0.6449710487182989,0.7784815881893854,0.5404078118058988,0.4680395554091833,0
0.6241897857454686,0.7596781210631162,0.37995668665861854,0.6518185960816244,1
0.5772737913820809,0.6560996355994443,0.5628160687624388,0.4018957647681351,0
0.4394648621964416,0.633472406315125,0.16653911517198358,0.3638346224364199,0
0.680348029012394,0.7353222098411856,0.7409553532666197,0.45200159055907707,1
0.6881324958227096,0.7072340419282204,0.7301751575366845,0.5773146379879704,1
0.1800407229852191,0.219286150163114,0.002900935263106974,0.3476368366236499,1
0.7998676473338024,0.8574961861697092,0.8039245696390436,0.6497109167861734,1
0.4571167673401848,0.6396825469269969,0.38998832824682483,0.1013949770131944,1
0.6909805022159918,0.8344437535657465,0.63437960772867,0.41722371557258753,1
0.7418873561817709,0.8212794526151149,0.7027682573397573,0.6020857633614309,1
0.6533832544085024,0.9404147948768292,0.33406862042704105,0.41477635420987763,1
0.20735557033753033,0.15292319445939723,0.3854668791322318,0.07626954684081089,0
0.574533482825924,0.7291386259774593,0.5586126140581295,0.21190192809877795,0
0.6162659818157095,0.6712827425921862,0.5900394167327608,0.5180639274989407,1
0.2854782267445276,0.2774636800439475,0.4861570831532631,0.004496308882874889,0
0.6133090020010162,0.6416605975211486,0.8076302983070895,0.25094806874157544,1
0.2863895393202066,0.48458325797260804,0.06276520501000761,0.12634174415450156,1
0.30866847228107397,0.027259137072014286,0.5883120722140851,0.5927264104042066,0
0.2510615367713061,0.09308975138998257,0.5922331674161139,0.13423355425740338,0
0.5825436398274114,0.696517380675812,0.6775187632977566,0.15514660250089235,0
0.7002263065418659,0.8114630152433164,0.732550914047206,0.37364762353022923,1
0.8369158293883786,0.9985060251756533,0.8143681598096908,0.4667618442882233,1
0.25518440201952314,0.06473278598075956,0.508566735969313,0.35123994119174734,0
0.46715751216359713,0.5122316498335638,0.5308937832438748,0.25886776136826395,0
0.43513228634598344,0.5253004700154391,0.41738808288137524,0.23632813236925682,0
0.22400950360705424,0.2254044536409362,0.2538661067295806,0.17573722383855983,0
0.6667410452032495,0.6559073643815827,0.6764676540644299,0.6792353339656461,0
0.6043304529462449,0.679910260664023,0.5696123646198793,0.46745806614134816,1
0.4437757399201233,0.7312707810140271,0.14257475053753382,0.17683962125924815,0
0.1876024868037584,0.028483025070217674,0.5075570291117079,0.10546932767568615,0
0.5981708655756852,0.7753265237657951,0.6599992851358153,0.06253909076021523,1
0.5687303068207691,0.7803661068648415,0.36389393854721214,0.34689535912092345,1
0.2260203297247363,0.15014065361877532,0.12094971793884936,0.5733254376684691,1
0.2941379237141423,0.2826551013122532,0.38287152791596274,0.18974457341613463,0
0.6888079040245687,0.8767518638667796,0.44395687964790387,0.5862245409840391,1
0.6379412670758234,0.8196577534398718,0.5145589261338455,0.36872356257866956,1
0.3656088788369993,0.4613245710168807,0.24160658870601592,0.3123230835837707,0
0.5230892147083954,0.6405740203417684,0.5689817218551345,0.16053843990485409,1
0.6230128417161488,0.6918624119995421,0.7506486962897227,0.2594351341473044,1
0.6709346194074316,0.682327917205203,0.7390036700806736,0.5403477989031401,1
0.6410335999440251,0.7273305550516082,0.6000217289625838,0.48680901864722975,1
0.5373614514844263,0.601557658552453,0.5874110743883536,0.3017964994584681,1
0.5461202811178016,0.6399449908642918,0.5655165525439714,0.2824640996123219,1
0.543457796609169,0.6131744058793441,0.7151528853614506,0.1116236403053089,1
0.7516563784677402,0.9561031734585165,0.5491583097794301,0.5442864940232649,1
0.5218930134689239,0.7851197462374063,0.37537502733099287,0.08360316075461421,1
0.6883490168938242,0.9038572209225579,0.7712025308926498,0.025298235823751635,0
0.4654341477747694,0.5391156668677354,0.32953882088353553,0.48507334037920513,0
0.4222360154583244,0.6431693694904287,0.29463766592154345,0.06130015468323519,0
0.8059990591544005,0.9949250479828575,0.8700206779224808,0.23765165893113793,1
0.7830461551386689,0.9593001780712576,0.6414250662950611,0.5548427310726092,1
0.7575441301999237,0.8717940873032415,0.6334272796448381,0.6580945132742578,1
0.21014252078557646,0.25010192569345796,0.25387939553757705,0.04463869638787183,0
0.6835406205327401,0.6279726525907444,0.8037669537235286,0.6421210406015464,1
0.6547111237031762,0.9750821730143918,0.3884007602613263,0.25324904558791245,1
0.6326967926033473,0.7631845721442261,0.5574450695920916,0.41935492826803444,1
0.7106220477732826,0.8771706362343419,0.5268090644018093,0.5699700516778445,1
0.3219722204200716,0.49964178443682955,0.18081367824587768,0.08953612363946763,0
0.3296178837244803,0.19849350445085384,0.44451341211963935,0.48508553931580795,0
0.4692512640138723,0.7205281430650461,0.3624858076182152,0.0012072509794233133,1
0.6145313626619031,0.7917478256498162,0.5829616674990888,0.21884474793634182,1
0.7185520262182729,0.9260292384875016,0.5216341341118784,0.4952358337047924,1
0.7066937671497535,0.832446643688361,0.5140156797932527,0.6813287068379855,1
0.5076168172214182,0.7757088247241968,0.3206760820670018,0.11779790119609626,1
0.30233925909984405,0.08691656733080509,0.5622481916632732,0.45103258967729754,0
0.4379883023218145,0.6312624559541553,0.34517025976697235,0.09402998207322585,1
0.5174083557728557,0.7706464505126421,0.049191323672978536,0.5866386670732056,0
0.7597205225921753,0.7748512168799203,0.8125986189867558,0.6425766422809418,1
0.5525161597824744,0.6546653283115321,0.465078453195804,0.42829979833983545,1
0.02289610301003754,0.00778613797489296,0.016899422446113355,0.06966603644378529,0
0.6221370352127217,0.7399784572001928,0.4690962913670997,0.5570945960124767,0
0.45354419628762926,0.6473596332714675,0.42226858256803773,0.015919024407421056,1
0.40116365043485297,0.29387686467063484,0.547473893781992,0.4499152498246896,1
0.5620154460058354,0.7170371602571252,0.3623261589034704,0.47399509103115867,0
0.658963802887912,0.9062956430060243,0.4551227800745411,0.34639573681268754,1
0.5566909504771979,0.6920399849003848,0.3372459789463896,0.5474858217154429,0
0.5923819500794132,0.6268666675391067,0.8664690692979169,0.09503947760242373,0
0.7344465972156945,0.95631699635141,0.7354501408315484,0.17826528395262492,0
0.1750429721589009,0.02536082243506197,0.2028279423955474,0.5075708911135285,0
0.3286925902741702,0.2582241459938766,0.5687804546175826,0.1447319044597857,0
0.30585061873858993,0.44359538589450564,0.2720918124804411,0.01212691023602379,0
0.23273046069064274,0.208877822413725,0.3609107390137101,0.10009163889833607,0
0.7466371964096754,0.9500019768938435,0.47346196871670615,0.6479880867387091,1
0.6645027209881997,0.9836407352278139,0.3642423436989697,0.3170482513230095,1
0.545790011066119,0.7244892436816895,0.4962118274067515,0.17340920501624402,1
0.6314107002600537,0.708368157354525,0.8120466856694575,0.16806307940977025,1
0.6208666530518445,0.819445623728883,0.4263625116678571,0.4161754384352294,1
0.7637385503730075,0.8020613579434994,0.7544237199278714,0.6819037771144821,1
0.5541601421786514,0.6406687611614864,0.6628492279773546,0.17485496602350953,1
0.6986195573985501,0.9627229014422201,0.5770876406777596,0.22065907237056118,1
0.2901730041760774,0.3793102079531071,0.2485185420200524,0.12981168796754064,0
0.19558616098341114,0.05616062547324017,0.3976204221303443,0.2410986080384388,0
0.44395117251469574,0.5612002569748614,0.5338547066712369,0.01597316012946981,0
0.5475160062461761,0.684781844432217,0.5132159222135991,0.25580153682993945,1
0.6401060630321381,0.653018525709905,0.7691671650277695,0.4142332533442739,1
0.6079465066307959,0.6545882216178044,0.5524486768928962,0.5745889637701243,1
0.29575201246694266,0.03460354827799907,0.5799547067144276,0.5223191315680743,0
0.7890382126882576,0.867925597873004,0.7929331395833357,0.5859773593837744,1
0.4370638030744362,0.6568069803942458,0.3549793362111349,0.010832560069864106,0
0.15476745370058403,0.19500842390717896,0.028243520447956038,0.24395092806303864,0
0.3747106860618199,0.444258154566771,0.12031725396070558,0.5824321629511138,0
0.7355842703109785,0.9528310837752417,0.5630019577425489,0.4513407055029649,1
0.4399912566276292,0.5928809894736902,0.41190624321060226,0.09989444463801729,0
0.7584995969820799,0.9956311740169032,0.5159956768680776,0.5294265345660252,0
0.6490175835307929,0.622158163665704,0.8989535707291776,0.34126215239593816,1
0.6945661805662449,0.9658396977487047,0.3176457615739037,0.5817630160986071,1
0.7207344132053508,0.731629948160508,0.7810950219296287,0.6029546627310411,1
0.4464915888507041,0.4803649781119683,0.4457168181041663,0.3629702718173502,0
0.12295400739650084,0.14739424804910461,0.07002138401323517,0.14125234083988988,0
0.44537342805018704,0.6092291290404126,0.3805672318276531,0.13294346990842393,0
0.37831241606661087,0.5296820120922677,0.2359270859762539,0.21346642113800404,0
0.34890239207737916,0.6209737033781095,0.002436820334930223,0.1884224714392265,0
0.5481522777442496,0.7630957231358814,0.5387734997442113,0.02486183126522765,1
0.6158902259318224,0.6809453459180921,0.7966444019160124,0.1821211619898635,1
0.5689159677679618,0.7122354482130997,0.4650981298080066,0.36634402359505014,1
0.7455561367722888,0.9349902975151108,0.5326067089249353,0.591394876686264,1
0.5777113173616467,0.764481270819557,0.3104550316301456,0.5116708623141227,1
0.5263823141231593,0.7203794767123759,0.4090377406871557,0.21740626780412314,0
0.5630257425017064,0.6967712680637141,0.549042203833586,0.24963723659886788,0
0.47817931427951965,0.5944327569303898,0.4575355350737098,0.21851137646105903,0
0.14323793057168208,0.20465738741030404,0.07861551164709132,0.08662291686201337,0
0.4172212456828499,0.678514024447518,0.16310150182453328,0.14516891455865447,0
0.5599737793286821,0.6667891679630815,0.48579121801631064,0.4042091497112404,1
0.6789935682124552,0.7508578721422723,0.650682656826894,0.5417991754662543,1
0.4395915775911748,0.5984348986976705,0.3109398627656416,0.23546084706323525,0
0.1106331500851181,0.14150981321038617,0.012911734754291526,0.18002361526818783,0
0.5854546217977645,0.6580521018660198,0.548852534497185,0.4588640525779959,1
0.2975864523956458,0.27645556319822645,0.14549530149337092,0.5785504017426064,0
0.39919091961450426,0.5100159846769992,0.0839320321456661,0.5950165881615245,0
0.6340752323855218,0.660269189525296,0.7099659687107649,0.4547542350482216,1
0.5665235783818021,0.6056506299639418,0.5034642313308123,0.5632949700029378,1
0.6158120159865306,0.7460188987539034,0.47057921064691044,0.5081440170775284,1
0.47269664377422826,0.5960646678424025,0.5384018621475783,0.0657187560437674,1
0.44354307256049424,0.5066854726829532,0.31935825924842837,0.4719642922224457,0
0.6177719794312405,0.7047585498258941,0.8625373925439572,0.033157433775531105,0
0.6312351456987394,0.7552352301998967,0.48644063281907146,0.5384267037653485,0
0.07639269827958473,0.06599533835886594,0.1269137279649953,0.026604553553265787,0
0.6412336283837824,0.8629335847073494,0.47718810440685056,0.3330520235402627,1
0.6589716659492588,0.7991993163172627,0.44989480419109074,0.6220178326665017,0
0.380859817934482,0.4249181074328994,0.3006588394478893,0.39101556191832765,0
0.5492496230027581,0.6377366010558622,0.7639800048056378,0.005936605165678399,1
0.36085516911627746,0.47942344237638246,0.347032895109545,0.08516789697611384,0
0.550039909869408,0.7291379192004541,0.28759816365672686,0.4959575058608141,0
0.48959034513798616,0.6625775871501259,0.32937940283445805,0.29743865356292876,1
0.6673906380753438,0.7605422230213552,0.8066481279955462,0.22562544083001201,1
0.20230129912549125,0.3405591591603055,0.016270720822165494,0.13570251649344425,0
0.5127657819656789,0.7753545034336772,0.40041436158662935,0.024821108864257244,1
0.15029064410585602,0.030328133635044986,0.18110976317901575,0.4039682416731441,0
0.24924138754280556,0.11459510755773464,0.5051480049362543,0.20199716141530963,0
0.19245007967914196,0.1878648131159605,0.16647554026233527,0.24287505521230557,1
0.296075975961491,0.3318485400918727,0.21984456365080288,0.32099168410156886,0
0.617032827147417,0.953123732857832,0.33709737641880116,0.19670873896430377,1
0.5040786677138972,0.6344527768324522,0.4420302189015324,0.27121606813605725,0
0.6273311691375052,0.7570840234243695,0.3780498545597383,0.6768710052869944,0
0.7147673580520528,0.744639611829065,0.8594832308016449,0.4230129144851347,1
0.6578657352927126,0.7258998474257524,0.5250681918453421,0.6869767701311693,1
0.44744949481908763,0.6868687165014711,0.16655257002597992,0.2702468278027906,0
0.5493517403951781,0.6897663570698745,0.6368961199621119,0.06699862935803606,1
0.806970362249012,0.9115003615863179,0.8444491119562041,0.4894272393449591,1
0.6473553259519406,0.7281964646712065,0.8531527924645739,0.13655627938482584,1
0.7952701214196527,0.9840904018091872,0.7158828207926582,0.4423003713863081,0
0.4924905607965323,0.746556979930499,0.30183666291845573,0.14330535977873027,1
0.6242422109958875,0.827173692171397,0.6650702218762548,0.05567149173656308,1
0.38064217993914984,0.5070512213543873,0.07101372381895722,0.5290622605813451,0
0.614302485173589,0.6309744341041753,0.7904337224498915,0.30842575693266955,1
0.2561360640316401,0.21954273009781905,0.31375427835875863,0.26119207737551486,0
0.6064637899132226,0.7197086479625834,0.5146121103039348,0.4611291642037524,0
0.7442233190314258,0.9775788503450387,0.48275781079682456,0.5530327530992958,1
0.3948328496705798,0.4624675975987047,0.4874062609139833,0.08688586298516232,0
0.2675341818599445,0.3757782913158112,0.06852783261154247,0.2954334320928808,0
0.4535689870736892,0.6318022252369481,0.30077396667379325,0.23717842226538613,1
0.13467712492566086,0.14908211289280135,0.19891231280543503,0.0023118731881484056,0
0.7280342462265346,0.9097343604732204,0.5703238833069957,0.5103495049891283,1
0.2469600127488535,0.25840612146813885,0.05146662835825946,0.5115848175365313,0
0.3970377457513458,0.4472564459726499,0.25784550251146227,0.48027936005791083,0
0.5069852215411478,0.6964503817358634,0.46477913847521457,0.09663144565325832,0
0.3829553848367202,0.2730255022531889,0.5082786409874496,0.4697952070694543,0
0.24136719518427563,0.2586260680203579,0.02158167577168284,0.527898292212959,0
0.7308246833958857,0.8538161059807188,0.8981456547660243,0.17236466987859536,1
0.06306496279981338,0.05041488615651551,0.03394944219530416,0.1383634353148219,1
0.17788554714009766,0.018249257851061084,0.47770924484541,0.1272407238047206,0
0.7358574099604329,0.9779220687776153,0.6857329945739802,0.20588238599715578,1
0.3768345683638728,0.674856164574367,0.10974231699553913,0.032418954890137575,0
0.43726510865634205,0.7502133749178714,0.08234311416756154,0.18727743473568917,0
0.5999972085734131,0.6632122982439195,0.58664591321872,0.46198642742918694,0
0.6779421486103734,0.7702850094987669,0.5710112974834469,0.6074812730797796,1
0.2128979842318392,0.003131924647525342,0.43565572851323825,0.4031765167705253,0
0.1767355256565168,0.08529325949302953,0.3521763474077924,0.14217995843832149,0
0.34101284132307386,0.519407148489941,0.18965190155351747,0.1220684830602406,0
0.7106207381632543,0.8880864116010655,0.4707902598736852,0.6267022720030803,0
0.4815430523786727,0.7140827055262224,0.04485046659857177,0.5552327981799495,0
0.18225554473348435,0.06991014519737596,0.44742631510345643,0.06536288801879717,0
0.8097793189068967,0.8891735994767684,0.8927224330468342,0.48687894627231104,1
0.6593741711783314,0.921756731178831,0.3352806346940986,0.48955807590343176,0
0.7876041349096251,0.9255662734838281,0.7016704761371662,0.5715992766328059,1
0.48542667167561543,0.5605517855468871,0.48396221975674647,0.29981056487573965,0
0.2987884942190962,0.48768578598180135,0.12409481877161066,0.08858577798356171,0
0.6123476875019266,0.7653632977559435,0.7240669545056044,0.062229761361367715,1
0.4543000848733427,0.5810656128223924,0.17964805537528147,0.5493643092478103,0
0.5418236119967501,0.7061943580972692,0.4353793741800058,0.2905631034705694,0
0.28293742002046407,0.23908166725978985,0.523950561583867,0.031057089577045005,0
0.5866004313783961,0.6342230564073572,0.5751502943257925,0.48471907438489903,0
0.3780522443792123,0.6807046478047228,0.061701090952064816,0.09594796595615714,0
0.3044790863515338,0.24329504710215863,0.5536659949322369,0.08365882160391706,0
0.5425467550148017,0.6628046639530715,0.49999664906646124,0.30572714159163794,0
0.6464994322666054,0.815667316942799,0.7315517944247709,0.09600117733887327,1
0.44083071819506137,0.45085554428899227,0.5737283867273223,0.21642215016184266,0
0.13602786877633102,0.0927056022504294,0.10521724756568807,0.2905494669070495,1
0.6480485375943497,0.8913499862985637,0.3989492451651681,0.4134438544775873,1
0.19569938207622006,0.08670020149476301,0.5077624675129974,0.00010270537469685426,0
0.6047830938691362,0.8360303581433237,0.6117516345430023,0.016212122172868337,1
0.48125683720511925,0.7104650396046888,0.37683559959436624,0.06486818762232505,0
0.5713430434518765,0.8708703846653294,0.31613378418615373,0.20533857931682803,1
0.35810931641708205,0.3986076442800367,0.471436596485858,0.08687257665653156,0
0.4055614465380286,0.305252385738302,0.5808753738541672,0.3933632075631371,0
0.6280448210622261,0.7486172833625446,0.7409097923909621,0.15731620831832582,1
0.42541412810850826,0.6792414095367623,0.15668734734277265,0.19393609568647655,0
0.3901232970851765,0.39641668169800454,0.5696342371152698,0.10512342550796669,0
0.5208661611633467,0.6715791203573152,0.29540748703491915,0.48227177437106716,0
0.758894121856438,0.8085772840631977,0.7212330374571498,0.691177842938471,0
0.5611102720791864,0.6092560378327786,0.44672194545108357,0.6123283476373601,1
0.5723157839288086,0.687771371418973,0.5530746642289974,0.3125384947531142,0
0.7011394662344598,0.9718528750896898,0.7173706169724863,9.217989345233767e-06,1
0.4698804178305872,0.5694162631326359,0.2811233284242677,0.5041764386849446,0
0.6230092783588866,0.978997218017914,0.4172959769670879,0.04160938129901669,1
0.7424328303686427,0.7626008815068441,0.8808278551092366,0.48442016541224847,1
0.5004415542557122,0.6650815983841641,0.35589814399074393,0.30565655933203467,0
0.7303977892971055,0.8889911292669881,0.7743896776205145,0.2679266068872859,1
0.24052392375898968,0.14411039188324556,0.19887599922844604,0.5440296402441656,0
0.2775940342018306,0.117386976785187,0.35918906843826626,0.5557191263887862,0
0.4935792998848653,0.6131239997990915,0.518630643538226,0.157140534619259,1
0.3194623907422486,0.3209916166667688,0.24200145252987829,0.4318307332495037,0
0.7497947673488393,0.9834236852965781,0.6018274828966066,0.38767339915784144,1
0.2902463412489211,0.3605084720909689,0.06072365416226648,0.4588750447737836,0
0.6888024218136314,0.6360191443102566,0.8539341211617699,0.5730630665498605,1
0.33175587526285083,0.32140965807220284,0.4662230664648007,0.15592063143654614,0
0.6065963410541959,0.7283400296268749,0.405841364912649,0.6033695838348189,0
0.6429476043935114,0.7969851668001732,0.6983962940496449,0.1746806638926569,1
0.6327956982417651,0.8443298201863879,0.4043235240392949,0.44666865468391354,1
0.5643664781719763,0.6425274599452505,0.5200174193330532,0.4354876119971753,0
0.4162260797117221,0.5516396731011362,0.35988272000209676,0.1622071358026251,0
0.6353168928764514,0.8866491026909251,0.3142153651897867,0.48863865987026417,1
0.38018456779531307,0.48945774354192184,0.2975242860360923,0.23099205106762222,0
0.394083229787035,0.22030142191739222,0.5477166110686065,0.598087677538785,1
0.4485085197563911,0.6647477442514963,0.33773474539171716,0.07407112006563904,1
0.15425559422675078,0.04280898361302113,0.201547512622026,0.3619342431681622,0
0.681052226958787,0.9149728887943815,0.46283287969502224,0.42357959326544775,1
0.7370335539528252,0.7494872011529405,0.8692634431231274,0.507554602197083,1
0.38264092645554554,0.3230675928006499,0.4170136506405751,0.48001517431524027,0
0.6608178713960658,0.660397252574027,0.8996936425767517,0.3035557616801341,1
0.5354072613980323,0.5735599263682531,0.5578589066283872,0.4063481311269477,0
0.4611621488833677,0.48732326542247545,0.5833327744611301,0.21250341916895468,0
0.4373672355987007,0.7157218438494531,0.23529414638365295,0.04459034879439139,0
0.22727226325580654,0.1600504566825313,0.4874253944477026,0.0050970829011504955,0
0.7653320541834246,0.9883538914182951,0.8738039640440509,0.045069596305308934,1
0.39731133961980597,0.5057771388197586,0.30752663562277227,0.2608238976154751,1
0.021177237133892357,0.009072701715183219,0.0538038632139225,0.0024986365606199934,1
0.5646864970527488,0.6353755077098618,0.37434020746998614,0.6734834047841097,1
0.4076019370330212,0.4570043618620365,0.3039608666589275,0.43955748052162336,0
0.385812560748105,0.2377864800139795,0.5269725597685649,0.5441377640527288,0
0.5200868063648523,0.6495479099456883,0.5679580140705047,0.12462723585428337,1
0.2768765227982715,0.22094407618201695,0.42167909375969603,0.19950378289677123,0
0.6263492027923512,0.8114649674252441,0.41203554121165936,0.4850302835811566,1
0.22502633911841396,0.07732042985938668,0.27618343709403653,0.5175554653025484,0
0.19521153605941963,0.1530598206662589,0.3809208947072012,0.022026786570649094,0
0.41444860396892513,0.6421199491559858,0.1622571340018912,0.22355744595182428,0
0.1818301082639115,0.1706798506496795,0.3003606668212855,0.03190991446343052,0
0.2642616942724445,0.15575599271667173,0.5505817526221314,0.1060458606373462,0
0.32091822791484675,0.2644062202202564,0.4050950674674244,0.33593298782245623,0
0.7473164659284064,0.9773529405111412,0.4132395326057775,0.6733406794555131,1
0.7748228128863148,0.9748205722682027,0.5989942944732544,0.5385711920511856,1
0.6002456231578371,0.7785557968574838,0.371314793742138,0.4978664330322692,1
0.6050897123851563,0.6458067318664287,0.552021542134783,0.5828994190575354,0
0.6360090103642014,0.6817589468325717,0.6812005458285506,0.45384686599675195,1
0.7736323263901145,0.9956367757999609,0.6047795060699774,0.4719004333457037,1
0.6612306462647498,0.7957060763323192,0.6932240700279768,0.27705193545098583,1
0.728721618671316,0.9499292617096217,0.5879066882264351,0.38692490674287333,0
0.5451652664785809,0.626791205252796,0.5271039578931782,0.3681923824211472,1
0.4219699552660643,0.6820953992387411,0.001547325127589927,0.40229029054208393,0
0.8086344939507301,0.9055693560026352,0.8713204352453472,0.47226842687904164,1
0.6722534430215039,0.9292509269664746,0.37539198410249813,0.4750519215375859,1
0.238622562979282,0.1507964034178965,0.22269462246154084,0.48207987265935753,0
0.5636610439568701,0.7495687361172894,0.5260610827780412,0.1552917553240651,1
0.4259632257989992,0.48357914601162044,0.2787756145340372,0.5027048421648892,0
0.764481348440293,0.9857468033321599,0.5695770377319027,0.503674177273211,1
0.6401631940792539,0.9759488356910361,0.33132897304940584,0.2639504215945707,1
0.3800115479988451,0.37458762852599103,0.4771313583478296,0.2478916311575038,0
0.17642483201870834,0.1947557731523146,0.12033915080651353,0.214726001002985,1
0.6070829231697453,0.6930209049772255,0.4326687022265717,0.6538593000658056,1
0.5016143714633209,0.7452469502551341,0.18541638136959104,0.36682990962438256,0
0.6900026535508689,0.6911471146211335,0.8798857444130304,0.40231686458196464,1
0.4936317646839526,0.7362363182366097,0.34519839746742204,0.1097704316271057,1
0.7403422643066229,0.9676982328868903,0.6601958352106301,0.29217198649994336,1
0.35360177547098437,0.4702585613705342,0.35007458270078906,0.0672505998774028,0
0.10091918144813766,0.00968743089349644,0.0560281253006089,0.3963351420560339,0
0.532611315517605,0.6737783843547365,0.5639985431991252,0.1326128019024958,1
0.6176311175512679,0.9652615001388831,0.36333927750847406,0.12999292114642091,1
0.7149029257086572,0.913184052010434,0.46286365053862577,0.5972590227092623,1
0.36134193512734897,0.5443499573509083,0.19850460034758705,0.14807788173809353,0
0.3713050887649677,0.4134351159467092,0.24651235782415667,0.4531691172218305,0
0.7820182753470479,0.9390665871991892,0.7234428325453396,0.47726065991925737,1
0.5422513815277974,0.6535145702375421,0.47483410391757025,0.3652193261687765,1
0.30234139645564523,0.38941197608626804,0.1280703393624503,0.34607153301888066,0
0.5178117322060557,0.6093164240018772,0.40610932086423523,0.4566036197292324,1
0.4255880338906877,0.34730164753339815,0.5871764791417864,0.3789213319072637,0
0.5620136721912067,0.7143767192797218,0.46059712445545653,0.333230876073544,0
0.451809022617044,0.6247541908102305,0.34355485579419914,0.18182735236834474,1
0.5601903751158773,0.752969147302715,0.33989792068461083,0.40868212629568285,0
0.6203128170757717,0.9416810026779968,0.31443028540396273,0.27571615057792226,1
0.46906230061667303,0.4149694147246624,0.5429679641090024,0.4934360201082054,0
0.5476021930577093,0.6551990069391621,0.6608805211046878,0.10869266628360946,1
0.6706349439166961,0.6963012284857077,0.6297774456437021,0.6677554799036576,1
0.49083163338964,0.7522289144792932,0.3060491257380685,0.1145121921428644,0
0.5434528842818989,0.6037740350892551,0.4296414263068482,0.5633671942260841,0
0.4717309330513325,0.535334530271954,0.36606891622524257,0.47121496523891365,0
0.18063910821280443,0.12318134323910189,0.26283061086259846,0.20099626667236986,0
0.36863791558182446,0.23615412356679874,0.5920099417794785,0.3647893563229076,0
0.4514813635414489,0.7047455875381989,0.06768296887942245,0.3940183955426134,1
0.5411646489060549,0.7147558811295135,0.5517907900648797,0.09124735660917105,0
0.8085518692192386,0.9633382702166385,0.8948917780770544,0.29207600343901524,1
0.19127742244709867,0.1305741253716195,0.022340391025972805,0.5964412122674854,0
0.20762322102159192,0.19271408484086505,0.027337715371167536,0.5153243199490457,0
0.24506294487626662,0.14374394696999407,0.5644560473680151,0.019270785904325294,0
0.27090991761966843,0.10458749517683713,0.5601713646473181,0.25282380318527214,0
0.6017921171521742,0.7321271543101701,0.3548821413161871,0.646319488011165,1
0.3052841116317872,0.2385819591872787,0.5788135079891473,0.06174539820701838,0
0.612677264792433,0.6135511180570226,0.8489054092215793,0.2561504149872398,1
0.5331491478282048,0.5724709418932861,0.44000409801602874,0.5745622373837656,0
0.34298543771644113,0.32927842566849164,0.5161481543956564,0.11750889281749183,0
0.0272499390086725,0.0014795655983178336,0.04421476549889769,0.06622863279922138,0
0.45811308183139476,0.5026363861945069,0.4359455875212253,0.38005606238886874,0
0.20162275492053167,0.19037727657100076,0.3187125897320385,0.05410169857709861,0
0.4254689565997865,0.5420624100650446,0.1928125113047407,0.4829699908792098,0
0.6731360421693633,0.9192673165589237,0.31836636573614163,0.5899623708452951,1
0.48689011463020143,0.5933660111854651,0.42130611370896726,0.31907637462389354,0
0.533607120349226,0.7295967934034004,0.3259734440099871,0.355083452222648,0
0.3836862955204522,0.679795620391621,0.12308530032860511,0.0343144761303007,0
0.3018918220547246,0.2414350504607639,0.49317366871791896,0.16611098104483493,0
0.45448230819119373,0.6992925663902629,0.012076155900118258,0.5060658911301339,0
0.3539070847945621,0.49247869475824946,0.12869167751960683,0.3453011707977767,0
0.4922175984247376,0.7438738689432158,0.3040230953373375,0.14536867675964216,0
0.24974055016685487,0.36086529174472165,0.19352440425632936,0.0562529150879762,0
0.3019681109683303,0.19474559115259524,0.4388319513300097,0.36472864996514903,0
0.6063919802337285,0.6514354036500812,0.5207146368182416,0.6222994368160775,1
0.7299754315451825,0.7810031726097536,0.8094393891824441,0.48321014242786203,1
0.05375033317853225,0.041844020638086926,0.10642443937737285,0.004504955231384655,0
0.6765080710010648,0.8850998775045198,0.7246951825019027,0.08274788749117104,1
0.1346938539694542,0.19417086786640692,0.07852703723918546,0.07025154432247561,0
0.6491836418419671,0.8466555725583803,0.6708054662294571,0.12307107846969928,1
0.3234100948535965,0.5071365312677881,0.06795454984397382,0.24727732133255143,0
0.665010651178279,0.9125863357609687,0.37376679384127276,0.4829372257270637,1
0.44040850435218354,0.5700896936749908,0.14500115829475937,0.5593165501313015,0
0.2440798951016766,0.23411150152397672,0.26719684099679153,0.23432546020325384,0
0.8129441680084637,0.979717409203703,0.6507679273295026,0.6392754260388074,1
0.7146652885274476,0.8254092947878149,0.8332898898057977,0.2598683709590042,0
0.5934966738621065,0.7112296158880091,0.6501844049008856,0.21413272223918137,0
0.5620838752873953,0.6067424403839939,0.5347402509315387,0.49145289907968387,0
0.25155305395056166,0.41988710152925757,0.06091151151539626,0.11668024865657001,0
0.6272658715659173,0.9277037542239945,0.4539700475631252,0.13611490092491244,1
0.1292060086707253,0.15762275474046997,0.14864556234454684,0.02900481298563131,0
0.2730360649053752,0.10764697351939052,0.44120891715740723,0.4342495149922888,0
0.1712083538992002,0.08297311626679678,0.1204231012928964,0.46797432688966434,0
0.6538699975435692,0.8808008724441485,0.6149532574225891,0.14491792047359142,1
0.5098589406150497,0.593045420903935,0.5534489799563035,0.23650768088095572,0
0.7388387107107581,0.8251928968265508,0.7612903759584954,0.4892757475496707,1
0.7648074510362785,0.8817587515909808,0.748254757761464,0.49725823956174403,1
0.7302559326548218,0.968740980061998,0.7644144515954623,0.08280553572592049,1
0.26997993299317935,0.04144595523450043,0.499188108350821,0.49750261435341414,0
0.623051827648583,0.823039436450182,0.688733520997896,0.024560265620616015,1
0.8000908689772744,0.9316601961383001,0.8264775154459938,0.4315875813716314,1
0.3055265622522561,0.305236708019458,0.45732718515318055,0.0785502634828648,0
0.4560866095921997,0.7531686840434101,0.08526928603479804,0.2696074088002762,0
0.6675635085319287,0.677855483140787,0.8681353746802547,0.340975772787294,1
0.24684263350166083,0.11599897839471424,0.5902301769138386,0.05887045615076061,0
0.6518973210261535,0.9727777476919985,0.42710067687510683,0.18689122058811045,1
0.7814119026485669,0.9838724876696507,0.8160142697300721,0.22335688947359936,1
0.6017184647691515,0.7211858515349208,0.5101381179407318,0.44042051809735794,1
0.2218503817116239,0.33445625011098007,0.04690448952879049,0.20275454898748368,0
0.2978576875178631,0.5805022927197231,0.0014079582692877457,0.035920768386076204,0
0.523789139706245,0.681475739632072,0.3259990520763002,0.42625777133659465,1
0.5756520827916349,0.809369539137957,0.49278327173106284,0.1156616585166883,1
0.6794840449298284,0.6748955778461366,0.8484028232705807,0.4375770451279294,1
0.6807688735911159,0.9707795998930048,0.5261502890733311,0.18766993461307083,1
0.6123922332386195,0.8566245303857409,0.43168405753685457,0.272873753923463,1
0.3493804473953071,0.43826766421433505,0.32740085246350664,0.16013179774543787,0
0.12859074457273342,0.10178222296892853,0.07606415025213557,0.2744019400631424,0
0.5088210081097758,0.6628341164839014,0.25567889840747615,0.5035014017279112,0
0.4343868984723852,0.666700506493655,0.26227114837135135,0.11177650357076148,0
0.25621436012778753,0.06315962817768934,0.3495381113959809,0.598865563100743,0
0.6208580138898212,0.919004334272301,0.31368014854498166,0.3362590109508809,1
0.5761506392527643,0.7933874605390789,0.5354501101302325,0.09410937972077563,1
0.2717534432956835,0.1187888580276816,0.5326478418014187,0.26282330870708553,0
0.46724306242873626,0.7582360110959789,0.1440079742751336,0.22461332299103365,0
0.34163421539132144,0.37516651221433295,0.24821594743351916,0.39793087527049587,0
0.4417563561892073,0.6380934441153502,0.38119538556915716,0.0417550923039251,1
0.5975691758233298,0.6613137266497976,0.4678774732027898,0.6327453526879702,0
0.4886347005251935,0.6938140601765195,0.3233752736496739,0.22357544171015784,1
0.7220436874327408,0.8554923651589523,0.8481255890117936,0.1992991407486329,1
0.5140026378386917,0.6637972287043424,0.5296263261585779,0.11608062819473595,1
0.6535374387639215,0.7548068462496734,0.8887102633144912,0.04760468322368716,1
0.4306996971502829,0.5325018703993296,0.37653280966799796,0.2574445952510935,0
0.5594925729584742,0.7770624060641033,0.47394397692928547,0.14389088423818452,1
0.7962114357298747,0.9738732911469641,0.7614670240905421,0.4041734146461502,1
0.5866993464020582,0.6475813242960845,0.4902249377456719,0.5792060146515723,1
0.6133692727715832,0.9821397712751244,0.38917190176614225,0.02773908302089104,1
0.24189187190192316,0.2932793811292453,0.06389117186503616,0.38042414888894827,0
0.6053124929877585,0.724425534041836,0.6504475753472473,0.2398272668133317,1
0.586087456974905,0.8383431802923941,0.5277549220033088,0.04294695113857707,1
0.526216993616435,0.616501213002625,0.6451606059984187,0.12209102657798447,1
0.4638650426799256,0.49074232327464107,0.5966645911666705,0.19747251846301975,0
0.6494809038893515,0.7303301432552608,0.6842250059505992,0.3952416523827067,1
0.30146686237800796,0.5008604938789989,0.1233633160475796,0.07013810312117305,0
0.3867783945790365,0.6353951942874633,0.22194992901544322,0.012479093653359351,0
0.392308129332008,0.5328757920972793,0.1629923530960623,0.3848626367727482,0
0.7706351541511299,0.9180929034330838,0.840409019857346,0.2973299823869212,1
0.7397784388251151,0.8959324376154018,0.7286052608967117,0.36615320874200347,1
0.6677629502963389,0.7664646720269164,0.6390296677512787,0.4641085697874861,0
0.6469043372919984,0.6233657518218475,0.6808965675269131,0.6547624556150032,1
0.5550800626510503,0.8255223592070907,0.3103758146488698,0.24603069326421959,1
0.2903452720025727,0.09837790974246784,0.5192233054272718,0.42694662751578616,0
0.38896216991823007,0.5481275483221499,0.04110140427419346,0.5128398723744855,0
0.37145275363240016,0.2997168156401763,0.34962090621499636,0.5835403697390653,0
0.2715580291988127,0.3183552939362363,0.2324273210799711,0.2132609295335162,0
0.6801529780155016,0.9711391607311256,0.5087200953564326,0.20983684521504514,1
0.07733751580141959,0.033047091999872436,0.0894106277912891,0.16995390732048324,0
0.5869015134807077,0.6779350745925568,0.49157414546752265,0.5023086627208626,1
0.6311302824873285,0.793978358108367,0.4065337471587251,0.5609048964276376,0
0.6757236841203607,0.7497471334510283,0.8728639977286226,0.19495459038129878,1
0.6170874238801346,0.6865077239190206,0.6938502741964402,0.3283923983084612,1
0.10406621080005718,9.99252297549269e-05,0.27630180946179766,0.10562852673320212,0
0.5315486126051898,0.6252468682815484,0.4207226988755237,0.4635418440087924,1
0.6777582486366464,0.7666438532276592,0.6830039782857977,0.4476756426853874,1
0.4215200655568917,0.6286976133454358,0.3189105230982901,0.05749050977343386,0
0.2558674107841855,0.053589000934821045,0.44324778890935257,0.48049286821984627,0
0.5634641381598273,0.6685974337006089,0.4983804120532245,0.39825648846777795,0
0.3415239891881574,0.36066787677772805,0.29178807445301297,0.3682681423169476,0
0.4572178181116842,0.599013098568863,0.4024819462895644,0.18483342470191694,0
0.4215376869742444,0.7742304400705142,0.11004909835232914,0.007038687166442758,0
0.6456904237123705,0.8380851361653487,0.6960705803292184,0.08913340765465305,1
0.2495490482145722,0.19921813037431885,0.28842847751401646,0.3170571988660391,0
0.6869788293312561,0.857090125872024,0.4612963313330948,0.6002243349765783,1
0.6664708146102118,0.8183193142957854,0.7762793865898577,0.1221367074268095,1
0.5814798516394853,0.7673051337478254,0.3529885516735697,0.4596535963175088,0
0.1435687294080567,0.04090764939669161,0.0190359401698976,0.587020613293708,0
0.41821960823083193,0.35239341482384035,0.5387879414034459,0.4019325919893902,0
0.35428799229915237,0.3449642014238597,0.5264469918969538,0.1193589700906818,0
0.7754327492404791,0.8988443490749645,0.631717184121118,0.682477097333307,1
0.5527753710858857,0.6544445542299819,0.5471323712416839,0.3070669129919481,0
0.5596930641052238,0.6523007253505274,0.4186602729949588,0.5397230976573624,1
0.43904478009898473,0.3762110897189537,0.5994564472785822,0.3555115052796666,0
0.6470459082475809,0.7255387088446587,0.7025528163323769,0.3675535446276929,1
0.30263402925488864,0.2745812823058799,0.2624728938722767,0.4330075997013282,1
0.8380853106718072,0.9205395725687756,0.8581452109805796,0.6018598054662276,1
0.3546607528941829,0.5556380808507351,0.2231318300343867,0.049510817292496755,0
0.7304624956587322,0.8090527102052492,0.7149324882644512,0.5572819703838613,1
0.5215556810392808,0.816190676868302,0.36641692998329667,0.017676318050704076,1
0.493887333808792,0.6363277866815141,0.42781937455279434,0.23688814051098317,0
0.5353523317226018,0.7096982140872412,0.4283114852735995,0.26004889548450666,1
0.44405402184779047,0.4199752173642633,0.42119594705534885,0.5385381452452709,1
0.3260391937309055,0.40023684484068434,0.3642118834227494,0.0832860314186927,0
0.6239915876338807,0.6806139901569532,0.5294689007696509,0.6242196116225442,1
0.1047414608422519,0.012844905084147751,0.279910020037762,0.07173001144424711,0
0.23105367305301747,0.17453383761244787,0.43377278610629905,0.06827459207451911,0
0.6609158273764394,0.852364803109062,0.44568055814716634,0.5051462918887922,1
0.593064257982095,0.6883191684835737,0.5658311996150083,0.39577656927902855,1
0.6522459112397604,0.8189131364819499,0.7274979662179327,0.12269976566702803,1
0.5647504617454492,0.8299282924960462,0.4153703856853646,0.1258759989590835,1
0.2391912777524935,0.06796820747328872,0.3103174123696552,0.5605597515247628,0
0.5629944434088828,0.7118545316410121,0.39384729126339324,0.444564951046794,1
0.6787778903428082,0.9540371952907203,0.5992007000573165,0.10999541340126555,1
0.6333214483140355,0.8092671842977518,0.3898135346868785,0.5587189787954796,1
0.6656462439543057,0.713945876177556,0.6755825880256736,0.5299926472891279,1
0.563174379664153,0.7205602546880743,0.34120679132950205,0.502661074606326,1
0.664167373657232,0.9301598044785284,0.4082052590249653,0.383129468552391,1
0.7177090636999125,0.9739831267463404,0.7549534692029167,0.02115729782933666,1
0.3976456180425046,0.4891973954355902,0.17419564239186094,0.5039411380357561,0
0.26943590596276096,0.2922585646643919,0.27267654368908417,0.20751830261919893,0
0.5292964313098617,0.5617021892444003,0.5413806449205404,0.430155716057497,0
0.4034746108432179,0.5755557255490823,0.0228537062508922,0.5442031809670457,0
0.551416279095383,0.6790667929018558,0.6421158232193629,0.09624067839323149,1
0.2740965233460001,0.07961193469499489,0.5402100137576318,0.3611377593560658,0
0.6027768858164537,0.8536937735866913,0.4298397379687593,0.2348903881624015,1
0.6775659468200766,0.8125655246388975,0.6777099428420625,0.3398510082400458,1
0.733298877548582,0.6663971645948109,0.8800425448032456,0.6804376590510138,1
0.36907725631916694,0.3592757099347262,0.2909712399251183,0.5107401468713417,1
0.6314782615142787,0.7726724324708099,0.49684693224445187,0.4804398280276909,1
0.3456080753868308,0.24591994669638623,0.5777451730838553,0.24662275056740565,0
0.6192377535185919,0.7640195147659977,0.48219505026592135,0.4628474052790831,1
0.4984211249409059,0.7523761392194537,0.400122671705055,0.01098126909831274,1
0.3225850661549715,0.4945689005320893,0.24771286351886931,0.004933784166330479,0
0.5060664442284104,0.6985903412333707,0.3391106747751784,0.27519035589585744,1
0.3678541424289133,0.2890193062783185,0.413457900097388,0.49653559630268823,0
0.7138169827665666,0.9732092886400845,0.34029765837462017,0.6256152046706916,1
0.2579930576111512,0.41357029647667654,0.03624808643674788,0.20166741720894274,0
0.6320795460527235,0.8595647324383348,0.44593247753421106,0.3425871828664639,1
0.2459381008946329,0.05723843885886026,0.5577396057799046,0.24998499865615698,0
0.5351737207335284,0.60623228001701,0.41707203327223485,0.5346798537167646,1
0.25402040009007304,0.24044919885982374,0.08536905052293002,0.5409254275164108,0
0.2755334192744308,0.27565463175378796,0.08954211265794938,0.55421734800076,0
0.5483230117719575,0.6071443836700723,0.5210226495561088,0.4422201253504436,1
0.144449540569942,0.16547121383850572,0.07220537254582993,0.20026160943470075,0
0.47485949743660927,0.6761757395690832,0.1039652341066513,0.5279102871003617,0
0.7023383476837105,0.9423850035254728,0.7573381581717125,0.01972199234730213,1
0.6485622032713678,0.7789102747633077,0.4924081562895116,0.5569230950143024,1
0.46997750069312905,0.5355012740912687,0.4695934412701317,0.3067441563322759,0
0.7649725175966825,0.9593501535757498,0.605849503991148,0.517712948057316,1
0.4710006799416657,0.6462816669237718,0.3988236842945186,0.14106370595712137,1
0.40967842282467465,0.5660465505777035,0.3050969202883717,0.17563035724655704,0
0.7202731681482624,0.8487168119443026,0.6243431111331972,0.5430591441807598,1
0.3663750227123094,0.46836396952187864,0.38476557540409817,0.08381682665070309,0
0.49667527773868214,0.6220393931070336,0.47594649265725136,0.21435816693994983,0
0.5005697997674048,0.5950327833171507,0.37280203637172926,0.4560639859865534,0
0.6022336225756745,0.665148600221822,0.5363008537110134,0.5438453317572971,1
0.7072248654597318,0.8657379473737015,0.48851849188128404,0.6390017210424795,1
0.6982954902597018,0.8144801652445501,0.6003641148639935,0.554730865891144,1
0.7009771178012404,0.7198049961098584,0.694916247197928,0.6629987279346636,1
0.7034322537399964,0.6276552649864457,0.8433555895456595,0.6829897219153788,1
0.4286293480367386,0.5187973060405555,0.3891363155515841,0.2624490017549279,0
0.5868495864366986,0.6754240314538232,0.4180795127048456,0.6185685844916666,1
0.17633629202870912,0.05299717928374719,0.3011265439662561,0.2974986959847935,0
0.16203636957317935,0.24081337036630812,0.006246151524895649,0.19877919466278285,0
0.5928075606241884,0.8307443833990371,0.5210809219863582,0.10555546164381219,1
0.36326616310564186,0.22049558127462066,0.5114557812851057,0.4979081904139992,0
0.30479567797597523,0.39296827587726696,0.07635146031698092,0.42703050971123746,0
0.2770464649603378,0.11294710142698589,0.5228116928209953,0.3186470320027314,0
0.7212784970557695,0.974216777537062,0.4157846650607063,0.5471735438451332,1
0.35653840088333333,0.6237326735366179,0.016760687996724477,0.19821928858003526,0
0.7731171721836879,0.9147697510008553,0.6282997625664605,0.6362118395666103,1
0.4778777649300879,0.6764813111666707,0.09603191956268542,0.5541376673897347,0
0.1880701045944884,0.26670397907102456,0.12113988392140504,0.09188074941277298,0
0.6293249949547439,0.9074589967670628,0.42442372514362886,0.2413418951406194,1
0.146164587768622,0.21150896327944926,0.09890852301253823,0.053687746125679565,0
0.6283588794431005,0.82280071275258,0.47677266347260416,0.3696336201251465,1
0.5536064538667582,0.6679199895090829,0.6682282900355516,0.09588986050775633,1
0.2630760939107103,0.10463546126627127,0.3094602299248682,0.589601471500571,0
0.3671021162640277,0.40690013924092644,0.4285138645312273,0.1754894364209816,0
0.47894689293902043,0.7823344913645031,0.23117384446404882,0.09213746958777148,0
0.7691269072334301,0.8824976446732987,0.8049531580518421,0.4319606874061408,1
0.36957473019289316,0.4733764200687649,0.28603973255536264,0.2353730019595097,0
0.7496656127569372,0.9250065360991859,0.6719824083698549,0.42783811098193886,1
0.6230218615911055,0.6499694717222572,0.7972425235162275,0.2943218433755435,1
0.3160690479653238,0.5787948425709076,0.000790867049974664,0.13217183282438796,0
0.5754881807558727,0.607991969691925,0.8823099982512641,0.03399598217265498,1
0.6456437393350443,0.718519852181394,0.5937172795982866,0.5413431468243063,1
0.5470063343002018,0.6467788932356833,0.5283977566209845,0.32548780348032447,1
0.6340774644517941,0.7391497958174871,0.5760228339214871,0.45847858183302215,0
0.1865429415670358,0.04317858534839623,0.4638382411516909,0.1290108827366521,0
0.40929509476859505,0.7352228450713747,0.08454331667843311,0.08160338614688863,0
0.7383898435891019,0.9667393630516783,0.8236833191972388,0.03957583152045504,1
0.6142821229869668,0.6704553196692319,0.5625671343930305,0.5514216141722085,1
0.850772379991801,0.9106754705397161,0.8802433196981752,0.656808244062452,1
0.6966654148901592,0.8911523567994087,0.8284817628226679,0.01272353821827249,1
0.3437029911363614,0.5285639983089276,0.007959249103212706,0.38516608625466864,0
0.17849225116038409,0.039428642418002015,0.31705121241420703,0.31831283113560493,0
0.5864588455938784,0.8524261771487549,0.48375573656210813,0.07559518025434271,1
0.07079410646050396,0.0033701775313168983,0.05239463932969304,0.26695312947968797,0
0.7229036898357664,0.9061284895754547,0.7016881129278172,0.2966650558484697,1
0.20060994957666015,0.3421696772215313,0.038728802195715305,0.08953235153589946,0
0.4216483685315984,0.49781198722207504,0.5734266587022031,0.0035718865494998916,0
0.19459230972185065,0.04893307559232323,0.4427038926592309,0.18657302063959888,0
0.6363112643325203,0.828780250256481,0.6697572209943419,0.10496986452988581,0
0.5193784697410926,0.8087505738755424,0.3352002793995246,0.07221549491731992,0
0.40661923433982305,0.5988209752969674,0.3523880266198394,0.007461693526937662,0
0.45047336383710873,0.40676093606832087,0.43215252639188234,0.587235689426918,0
0.4908507705795239,0.6377866672246061,0.3803493861921351,0.2892631055479016,1
0.1314527537242432,0.19177614165320095,0.03688538660643117,0.12249533457856684,0
0.6276278043724706,0.6331744891472691,0.7570569631932499,0.41961735420430496,1
0.7028192183796013,0.6345438698006386,0.8955910766997219,0.584349802346827,1
0.2632754980954581,0.27112474302437056,0.34694477238492144,0.11814847433898179,0
0.5812295037806998,0.6143595544029435,0.7180236174456465,0.29321320672767076,0
0.35217944315582494,0.5800009708876449,0.006420004811715119,0.30126478134243984,0
0.6377374768084724,0.9588133595586501,0.39039165445974777,0.20606650345611477,0
0.6447926417363625,0.8098670037774287,0.6854284510293781,0.1711530226941737,1
0.6481654942899504,0.6572786950972486,0.7671646815756479,0.4468837113431588,1
0.30292830547484206,0.1250644076053524,0.527252251685415,0.41110213083270664,0
0.5237215404357063,0.6311297489952525,0.49814887996468016,0.2935600097433798,0
0.4174716680929938,0.43040024105001085,0.5783488594028288,0.14383444873569876,0
0.6661590633343327,0.9266275053695642,0.31828854547478963,0.5367937350355689,1
0.30075026883969425,0.08277391406765977,0.4880554823146363,0.5647333355573674,0
0.55655916273717,0.7430747990674532,0.5730513494183019,0.06553179188976434,0
0.6136766943226935,0.9505068932103197,0.34505362837991455,0.17453579601779648,1
0.6070212759828637,0.6296230733476295,0.669784257631254,0.4563723100983639,1
0.4788970091011593,0.5463779889703596,0.5038726919808032,0.2727310351086924,0
0.34440734914156396,0.49643402304099715,0.11066833378462705,0.3149491874283863,0
0.6491361250709047,0.8208650813217708,0.6007399137157658,0.2924080514764475,1
0.7233389593076296,0.9113533988295047,0.7778799889701256,0.17149131600919815,0
0.18915343937593215,0.1861864763218006,0.04931445793303282,0.40632931917561,0
0.7285756354638506,0.7922430523769226,0.8624161929472709,0.36864625695604014,1
0.7557911769247286,0.9499403395220654,0.5737506868367204,0.5434790055633993,1
0.5883750144037283,0.6444236941856746,0.5698697436151138,0.4760112211317844,0
0.7291748243445554,0.8767828393798834,0.8999165089247325,0.10404225988596973,1
0.7366906207479316,0.8057277332458733,0.8360254895302515,0.4150955363295972,1
0.4957515535053358,0.6428532734337242,0.31623131870523513,0.3972776058845156,0
0.7438493744718555,0.7731992860679255,0.8943587573957166,0.4447105210958892,1
0.6264138410669863,0.6314973159531668,0.8075694008717273,0.3419718141444235,1
0.27784487215273984,0.20089644492443598,0.2886651854015377,0.45398547035030273,0
0.40620446499684004,0.5332464740709566,0.2897655300154378,0.2632578447836521,1
0.49937063237029,0.6560037559203611,0.22663902053193755,0.5168852412526409,0
0.7197631529562311,0.9782079564087626,0.46906017469581196,0.44970561171553103,1
0.6848126151998727,0.811816822114029,0.7011512674925906,0.3427941194754051,1
0.31983309908587,0.3009781919776619,0.16580353280174887,0.5980147162825719,0
0.7296945703793472,0.7802950351273149,0.8416909248840467,0.43519887675237856,1
0.5945289447339159,0.7904367026714643,0.3026694148853178,0.5425488446629422,0
0.708733369992238,0.8080287649045952,0.7913063309654648,0.3366354412515051,1
0.5856005415403841,0.7271964387808197,0.5428490413131478,0.2957380487801491,1
0.3706529660354855,0.2820761765846722,0.5379536248478213,0.34114395144401505,0
0.5620344816392209,0.7439947448105269,0.4394984510809083,0.29093786954842515,0
0.20890490875501627,0.008894168329650665,0.39341960406841164,0.43215971684833715,0
0.41788307979483785,0.5378478243261474,0.18701786283567753,0.4642690439053043,0
0.47963762828612416,0.7923564946504222,0.1893757816330878,0.13323323235493342,0
0.0661400573508562,0.027961048062079198,0.17378924965875764,0.00011379211094657559,0
0.5198528573465496,0.640598023363323,0.3882058518256263,0.4154604505860009,0
0.3841532404833949,0.5829685961173423,0.09491670742376154,0.3209696509879765,0
0.5696699345277549,0.7699107699261823,0.3239313616278864,0.43767570538148937,1
0.6708591765245002,0.8701377882704753,0.5854980356096748,0.300704358531801,1
0.34969686304921843,0.40905852464542813,0.2651315484029295,0.3281406810281277,0
0.4263714543142183,0.45300101082784894,0.5552588771208647,0.16646642882017232,0
0.5426906281966323,0.671796828938435,0.6571294131099897,0.04826694897208944,1
0.14685159845063261,0.06441266358540813,0.3809321876714183,0.0018280517825153275,0
0.5877736162899483,0.7054198650707962,0.48339757626662583,0.4502220543728118,1
0.5375286060272662,0.618900135542594,0.40399607777757335,0.5343985746134852,1
0.740819437092509,0.9426457136369502,0.4607253612463565,0.6563948595006346,1
0.3656751972211687,0.5382256172502926,0.2979959547980598,0.03581801078302225,0
0.1925233485510913,0.2251867594577111,0.018666621446928034,0.3716499119407866,0
0.6555435778730738,0.7091343906705829,0.6911130282972231,0.46821237024307766,0
0.29681277541028567,0.2496346994838982,0.49382806846649574,0.11923502564193912,0
0.36876642731536025,0.5100939729968063,0.26167023792011,0.1760918472046206,0
0.21072640093292155,0.07578179925317166,0.48730052761023085,0.13322671511633244,0
0.7988046632113137,0.9693250249241019,0.8814520365593548,0.24853269890728183,1
0.6646502617334117,0.8153379197332054,0.4905329363325438,0.5491071048352291,1
0.1379280743614183,0.044149832475819654,0.17553985298643593,0.31595601113788846,0
0.11454117551291185,0.1668833722345224,0.06146154526979981,0.06330512907355357,0
0.6146070398133547,0.7249551248808149,0.5124987449796374,0.4918992693952803,1
0.5968472956364983,0.6913186833828422,0.6045027693660232,0.3491856156763511,1
0.5762337373948069,0.817993175831399,0.4241114170209092,0.20001862186417296,1
0.24110475343149113,0.1909693051576661,0.13759575078484435,0.5217068780860239,0
0.5551929258374514,0.680539327621086,0.3342353501591767,0.573263284895777,1
0.34958296466290284,0.6164129722651023,0.04940388413976471,0.13277656644211147,0
0.4933073673045953,0.6834581330223993,0.3964373659066158,0.16323545510705448,1
0.5811123308118826,0.7012138999718734,0.3282749499573434,0.6601144791937147,1
0.08928328002127846,0.010856071110841282,0.14170644369546312,0.2067165567860944,0
0.5175802670922517,0.8391424132824814,0.32648708933538423,0.0003146682519787891,1
0.21165698701122057,0.3451708943145165,0.028195303636411272,0.15306474381519486,0
0.7215618791930487,0.7960790169606345,0.7344643432905228,0.5159153386278732,1
0.5001524734824928,0.6184856774007705,0.26761279675928634,0.5531289787716083,0
0.7129143547137706,0.7944768302489102,0.8579307263717795,0.2914836083889081,1
0.17410951209640335,0.07786051430371357,0.33550416321538457,0.172640029899656,0
0.5031915788925954,0.7589246881257707,0.39539921984895243,0.02554734437512165,0
0.5172048138906575,0.6524620676738839,0.36068592799656185,0.4138400082737353,1
0.5608825747945022,0.8497448980468908,0.41143706579372885,0.06289503016469063,1
0.6999067887655221,0.8294103446833794,0.5006337004923131,0.6750575313806925,1
0.45955159538396134,0.46595212869845926,0.4281540644439272,0.49064655850776756,0
0.7802651734664201,0.880508322843743,0.7722448937565799,0.541687719587873,1
0.5977728336335787,0.6425554732049631,0.6053245044540152,0.47448872847446294,1
0.14838209299906252,0.1964390556980929,0.12755284439946482,0.059483559150883124,0
0.24366107455757582,0.04119140369874561,0.37603299568805143,0.551277370008938,0
0.6538445208813233,0.7138880329351742,0.5537496858257249,0.6538779933300938,1
0.6334940912494793,0.7413350780273871,0.6728883345210864,0.3048002593972994,0
0.5562455849773658,0.6570285129308455,0.6424336157515016,0.17500621893246243,0
0.29132871308645586,0.48982794956337883,0.004081972541820633,0.22595073271110122,0
0.5083436175200922,0.7153601573740412,0.4282247733178779,0.11098053418854063,0
0.7129316532939194,0.957220993901301,0.3802083141310401,0.6012933105197844,1
0.5315564653917624,0.5889892776348616,0.5863790170442047,0.305740607305351,0
0.4224948394784531,0.33956423865575325,0.5264430525926844,0.4738990218638558,0
0.7455947774439985,0.9413378684576238,0.8292509994573014,0.1307527168899806,1
0.5095244944041302,0.7403394906470396,0.289010327835985,0.26325825364907446,0
0.36023768818489565,0.6001209433535215,0.03808381549767754,0.24376035929415815,0
0.788464023155433,0.9973473993644713,0.5119126978325765,0.6810825706171221,1
0.13738609291718687,0.08341476851747531,0.12936960971211806,0.28433912872406897,0
0.6450488533279485,0.8735378737336306,0.5404320045285991,0.23075157551276773,1
0.4325038079663814,0.5857669233033949,0.32547068065214374,0.2098957105952041,0
0.5895900080639243,0.7690936137088249,0.3646134733775168,0.47829579598128397,1
0.25663717751632564,0.17356321197265265,0.3307643376815374,0.3531313511276907,1
0.012693564436899705,0.00015824626136815568,0.04146401466792466,0.0008761845291911374,0
0.43908050725960823,0.5468196676746814,0.2215348666450091,0.4960510671438238,0
0.7643225274109771,0.9272909410509029,0.7316751637992183,0.40587253872880114,1
0.7463645598369797,0.9906656312866357,0.8247033594679072,0.018103681766448696,1
0.581662631011498,0.7029689449381485,0.5012675555695566,0.39898945935778374,1
0.6166632818292285,0.6755345681902556,0.7612380194409454,0.2526229595090852,1
0.26103065088934935,0.2282234279586821,0.43064632412507003,0.0886251983624364,0
0.6483110236507671,0.9531302264136312,0.5576540298129169,0.02224850750038221,1
0.701314906745117,0.7968612862301716,0.5916949855209725,0.6268788398686966,1
0.7819872727084873,0.9130940909001145,0.725564406685349,0.5388545262641271,1
0.6905772377817226,0.856993310398219,0.7128370398607622,0.24114735312192262,1
0.6813675156951072,0.9720013389418869,0.4816529149473914,0.2543548586997317,1
0.6017392478146095,0.9121205975637569,0.43504591546475446,0.07582587196652416,1
0.3009336811710252,0.08695570083260291,0.5682171976460236,0.4349533573045832,0
0.26078256015081897,0.48278753926866713,0.008023905012782917,0.08490809506325263,0
0.36944446638071926,0.6518466788693275,0.020040249424201483,0.18754526059397528,0
0.2078494485977203,0.21001648229973108,0.267694208521564,0.11266472445692792,0
0.3558667743044307,0.5533744899981026,0.10597160755478927,0.2369402351947131,0
0.4252645153373865,0.3603486244712027,0.5610407673396158,0.3838898644995019,0
0.38336387964060903,0.4331254590347797,0.3729461027483958,0.27458659649350214,0
0.22759528112460234,0.3916376543516398,0.042417663598939434,0.09525577434550304,0
0.6588285008508289,0.9229789505640619,0.5274178599968615,0.19556833784869754,1
0.6709370034878517,0.9106593743554864,0.48566021162840967,0.34954626410792794,1
0.4907591926132832,0.5605247364018839,0.5246652406022051,0.2654862611583985,0
0.39560478024771817,0.6012337354624847,0.2873501351401027,0.04391435987222487,0
0.4741425542381657,0.5861513607892825,0.24490998540289655,0.5379693911132775,0
0.403876797873894,0.5754061193756294,0.08453497992305334,0.45406622104581673,1
0.1213194273269287,0.17809279634360467,0.08106881966432566,0.03976191627914338,0
0.6495927051260406,0.8518341665890383,0.503655149372005,0.36289538509959945,1
0.34685169337707056,0.3317782095500684,0.2515189478515791,0.5275345212328132,0
0.4108198300467165,0.6184745611654776,0.24215224370688818,0.1446843817595563,0
0.451537407813348,0.5646295967775599,0.2731709835485508,0.43635657180001425,0
0.2679338415005924,0.23087168616412815,0.24438187711488885,0.3959171764203084,0
0.49440200188267946,0.6076136591269946,0.412518867943325,0.33419755968092324,1
0.5843076596862121,0.6946807978106413,0.5698646650783667,0.3300393062869074,1
0.6509061409174536,0.7446144314556797,0.8208103766595134,0.16177906095879804,0
0.6338348884349416,0.9664105019329776,0.4158499244764891,0.1293733006275307,1
0.5698584510172373,0.7663229608682438,0.5311482365342679,0.13676249811417515,1
0.6853668334643517,0.8010717299184268,0.5353231224085204,0.6211701589129109,1
0.421630521700198,0.5625437249450493,0.1326389799405895,0.5028348262274823,0
0.2301410478898372,0.408467722437619,0.07344586804902693,0.019367131281598036,0
0.3215663550186966,0.3586141129696141,0.3209812380703075,0.22982463556398652,0
0.6162596153713329,0.9059214210428937,0.3723464646095922,0.25797482733504185,1
0.715814792257333,0.9592480322004378,0.7256524851595202,0.09247515304629025,1
0.4715994156848571,0.5660400294465748,0.27020507815282513,0.5375893875786104,0
0.5969253025212972,0.835608328364087,0.36979626017077766,0.3409113014401018,1
0.7560863936255946,0.9279235432952097,0.5537435606148331,0.6300077689676991,1
0.6328715243111638,0.687675686591453,0.6025261810073198,0.5413791335662067,1
0.6560973966536283,0.7189318104426128,0.7918694973959035,0.295353211067754,1
0.7399577186004132,0.8938484367740647,0.8267482659528043,0.22504510213769768,1
0.36077350951649984,0.6339415252280614,0.04991702879522714,0.14413819131950506,0
0.5703103606152926,0.7588933205891296,0.32450135840512867,0.4675664639959462,1
0.6188957432028633,0.7751366262703349,0.6875685425501312,0.12528433651328275,1
0.18583921375459006,0.2784124008989825,0.05077813444331087,0.15699786486052772,0
0.7108023287522972,0.7134083066396917,0.7900920404874608,0.5853528164310656,1
0.739616045495181,0.9279244432742753,0.7541058258477291,0.24711038051862336,0
0.4154549606479026,0.6699462407933274,0.167451827077791,0.15123146063950801,0
0.6937913589396414,0.7720106278582085,0.6465869679450262,0.5690497731351464,0
0.6061656862215401,0.6660314408351249,0.639261419296407,0.4068577000752776,1
0.6377144290201027,0.8940517710078533,0.4720152152742453,0.24541989466951228,1
0.18087490127781392,0.16661990016245368,0.23636412878248217,0.13327856280921213,0
0.7033541360442879,0.7974026321745364,0.7750979059168106,0.36061724090988206,1
0.5151330731079432,0.6909894184159789,0.4173113981364337,0.22222472229511825,0
0.392639396333611,0.4126615351697848,0.31126082488105716,0.46465190642200715,0
0.2579810922563994,0.16393148816434142,0.5637160079466568,0.03450272895115845,1
0.4045634402570078,0.5630224584910468,0.294062505130964,0.17416729736097603,0
0.43961869686150934,0.6629473394424317,0.2089640026067742,0.22727913179130613,0
0.6451874340265368,0.7146375059655253,0.7219436381436837,0.35642794800334515,0
0.3526198812926337,0.36919317315915745,0.2715375055251441,0.432810215277559,0
0.3014776575533327,0.301155883352775,0.36996909322213556,0.1995449395515229,0
0.09203314675209409,0.05031167842686433,0.1868867497829389,0.054056413018901295,0
0.7209897688104676,0.8456795214174397,0.8195964630147148,0.26135534598666693,1
0.5676537940105583,0.7354782533683002,0.6374577708202804,0.04338668040162042,1
0.33559130315099583,0.41406627520763256,0.04774543623271599,0.5711726733868239,0
0.2515473764476831,0.04310738379080146,0.5704958811161328,0.2942246010872126,0
0.7077508817419093,0.9044558807961411,0.5971803698315052,0.3818441519719355,1
0.7344047004350613,0.8454421740187696,0.8812882345578945,0.2364857152915412,1
0.6622973267227801,0.7384857821444366,0.7620555233754533,0.3221888931896286,1
0.6524605852567966,0.6706667925308646,0.7896693609247696,0.40113190356966716,1
0.24494366346611512,0.015608212268323474,0.5082310565834227,0.4233512017846329,0
0.37786877713447564,0.5462482469195382,0.05558966447856604,0.4403387716556836,0
0.23167126700152837,0.22183553533760653,0.28527036315854076,0.17586195192581439,0
0.40905357153624966,0.7276939293921163,0.03114155609926614,0.17932070005205816,0
0.28060041967268534,0.0034401648278707952,0.5555451480730124,0.5610839641842311,0
0.5248890515909803,0.6724466552761332,0.5090607207275485,0.17973753867324585,1
0.6993124358469494,0.888547551005536,0.4856459624169759,0.5467243580954431,1
0.19377943496987615,0.0462528832517978,0.18787609009964926,0.5714508315704124,0
0.503444059124488,0.7475513522949883,0.3223236229400636,0.1648564804748735,1
0.6679125093293031,0.8078198392438776,0.7097367935691871,0.25540775818304084,1
0.5023367129561499,0.6464072921853324,0.20480102139576864,0.5884638022237655,0
0.6226484483464145,0.7785129354321766,0.3509123924599231,0.6405913144617463,1
0.656124500078233,0.8247763694404711,0.5604892706162237,0.37794767086565145,1
0.12464593045202407,0.02734595421331818,0.27889627120293775,0.1365203599224183,0
0.5720767464667174,0.6612401503213509,0.6056848110775527,0.29875613991388056,1
0.612389550184901,0.6434667883217073,0.8359703918243893,0.19932519238365323,1
0.24892777272979147,0.2214221801579754,0.10860926663687973,0.5281695132986992,0
0.2967841408223018,0.5255614682570122,0.07749068820511396,0.053781001161307726,0
0.23986321486920223,0.12185365022530714,0.4044764638930142,0.28796725294322195,0
0.45143166882520414,0.4251583945497573,0.4292057831122656,0.5504536830832291,0
0.616876774888006,0.6423769427963846,0.7728264202189861,0.3192018871205894,1
0.6569308158247931,0.9997687636896752,0.47978813781124147,0.06554996318291532,1
0.2739505203046824,0.21689287999203055,0.5197350703551024,0.047917796010682134,0
0.4206980752365477,0.6466788072252836,0.012858188931176006,0.46750607472276534,0
0.4935385112894874,0.7473859036724431,0.2590549071692402,0.21064543651246898,0
0.3243709552220504,0.3742118239475731,0.2479002751961386,0.3144748034471115,0
0.4828996252297719,0.6369533237193307,0.2614156934020061,0.42999127674752374,0
0.29293323107326996,0.3105093480919705,0.4315105722549309,0.04112692675402709,0
0.5150341270542557,0.6827940638563359,0.4104841120160455,0.2524593076063705,1
0.266699218609936,0.143881322749397,0.38182643471220823,0.40105313410787513,0
0.28748447793574794,0.1409910471976196,0.33792123849325084,0.5780629139448143,0
0.5892694116443016,0.7356094503679306,0.5337275749198489,0.306732069921908,1
0.45038056255979947,0.398825705826822,0.5018548994719138,0.5020561990240717,0
0.3875810014024968,0.6453650818398468,0.16877156549793348,0.07133495416596687,0
0.16461088455953582,0.31366974176112805,0.01946084390963816,0.009688802530401785,0
0.43106090376599226,0.5322096748938167,0.29445802472092736,0.3830932945140286,0
0.3930729828044221,0.738511466099617,0.03245272372615677,0.07040716318383274,0
0.724406368627706,0.8871040944014574,0.4819491708887075,0.6813478508018255,1
0.5726121789372849,0.6781983309586349,0.3353854622339767,0.6644868739388721,1
0.7541823048602041,0.9202851894218107,0.5264350628429927,0.6805459564820046,0
0.7609870489595153,0.9442254221094528,0.6760638454051285,0.43027592141625143,1
0.26538235978348435,0.28606395171128585,0.3659763571803657,0.06278738386865852,0
0.5833295780424573,0.7795792535826178,0.5940941962709875,0.07655846184926111,0
0.3207933724822229,0.13725822043995306,0.4622911041537897,0.5673846550805471,0
0.6157668237099491,0.7153274271241875,0.6953040416673886,0.24755948823819388,1
0.35854457262919837,0.3011993140241753,0.45568790987607194,0.3561927132714456,1
0.5208105513564307,0.7179095798298171,0.4300273874479392,0.16423772603570216,1
0.6132813626809361,0.760696335599067,0.5941410455256371,0.2734544061185575,0
0.7253939643101028,0.973173383381402,0.7957577490765257,0.0003997394822205624,1
0.4954309054074424,0.6617132501653904,0.4624414096976561,0.12920928707725196,0
0.6147562531816243,0.6846964411104499,0.5832225735186831,0.48720630285397176,1
0.4022148864572515,0.4910638467491862,0.509414011847646,0.019293797641823218,0
0.15949139246231656,0.14649690198329984,0.15868027713122806,0.19319429165649107,0
0.11074105907789396,0.11658709363805225,0.14936914427035952,0.03818384488879993,0
0.3127952413249073,0.18873260999569422,0.47307397180487687,0.38253372392798574,0
0.6637491391903412,0.7551456100330483,0.8875381285529849,0.09957447803960795,1
0.5401876904765758,0.5252976368073452,0.5974617739206359,0.4915016994835618,0
0.6892086392864443,0.6809618372502874,0.8638321488136802,0.44789038008598214,0
0.3940016355364693,0.4288496863218121,0.22694995335248958,0.557459031849082,0
0.29401741895083544,0.41133962576846256,0.16571536353075625,0.1931649850368864,0
0.7114278787170468,0.8109599122632525,0.7277230331802056,0.43815506315679476,1
0.6667880057458411,0.8553870111058962,0.4340667700379033,0.5443723459076099,1
0.41359651894951566,0.5021435501402683,0.34039415432069225,0.302032487915869,0
0.16336346473485444,0.09168389483986134,0.005962800010964297,0.5786633865581724,0
0.7232439801668579,0.6955141317434733,0.8652793643568257,0.5795155249403675,0
0.3504319101706935,0.29153641548957765,0.5519491045295917,0.19539485533513568,0
0.17043722363391034,0.08246371322127706,0.2172728989700855,0.3201174866612307,0
0.4108831172576787,0.3066348104127161,0.5437556032236002,0.4721951554212027,0
0.4865501760183026,0.5566931820193526,0.5098570824107743,0.2762323014269698,0
0.2285116580763049,0.13413493578951305,0.26656423235100396,0.407374602381236,0
0.2763340554017669,0.22524675207980602,0.1908998576183652,0.5322036103817719,0
0.6375325886021045,0.7838832572762716,0.5859390076564965,0.3490462883350986,0
0.3602416271484674,0.5838431160740358,0.10554674109630999,0.18328023391278261,0
0.7058699774624961,0.9744174280195853,0.4770360541883832,0.3777522359809428,1
0.5303266371428187,0.7736142463025264,0.3221109243660319,0.23443118340872965,1
0.5199270261229115,0.731014639189954,0.5086322043497198,0.009150226115092775,0
0.6755923975875935,0.9420655785936854,0.6217413210132581,0.09018605993386686,1
0.7098506523129186,0.9747626160090712,0.46802447525204277,0.41031000866385037,1
0.46073947357388007,0.5241150357159653,0.2634147505842085,0.5982876527031744,0
0.3023938275800879,0.2274630854074916,0.3738925695058195,0.3824725701229815,0
0.2677110560123052,0.2633492278035538,0.21369326856386547,0.35964230770684325,0
0.1642445405647109,0.12568986634896026,0.0007142802374077605,0.5059266165950422,0
0.6883803482576686,0.962878949334645,0.6092186092976324,0.12087645400528212,1
0.6176621356296039,0.9310524687970329,0.35264266984958126,0.23171550138106592,1
0.6908162159399511,0.8401093125564327,0.5542736582574079,0.5223973109225621,1
0.4548413420176018,0.7943493373694489,0.05848970340801698,0.2005988115523613,0
0.3273740262560052,0.3098333376687733,0.23605203037239025,0.5082087415495072,0
0.5721746676035204,0.8570918923164381,0.3293602173155059,0.22410328125324785,1
0.31130016674472766,0.3420251317179358,0.2922064383107265,0.26312834696270915,0
0.5677762525734192,0.7407719772091864,0.555326380829833,0.1539617485993806,1
0.738931666004992,0.808182977506891,0.657382450806144,0.688127210048517,1
0.06407768719736223,0.03043922618840931,0.1470075608232999,0.023779029280838058,0
0.3860631648297767,0.5690921024406492,0.1929150572285583,0.2182129822044228,1
0.6694249408310889,0.8844651192776629,0.7074680199432408,0.07475987604642605,1
0.6910073924219388,0.8075433441545796,0.7196542261933876,0.35669726243316346,1
0.538502380169894,0.7600313661246326,0.18258586229028234,0.5185546921024655,0
0.16007269731417684,0.06189464793720223,0.20931049618433828,0.3316611224513713,0
0.7489476028636459,0.8971625239432328,0.7074060169017119,0.44072267910757995,1
0.29433283773106406,0.1307568138570143,0.43078631472292644,0.49859268192839473,0
0.5933755465259292,0.844134155516072,0.5483590849057103,0.03400371648090032,1
0.6515497847289785,0.9029397730959674,0.381876978128309,0.42758402371251036,1
0.29993197993629733,0.2550921821617744,0.4995259241219625,0.11264055809410704,0
0.3372098251577721,0.5042204603098386,0.2354979999568019,0.07225097507906127,0
0.5459441942931808,0.6172604086135796,0.5546011061087902,0.35466829076876966,0
0.48468548509326087,0.7880926352084763,0.006453231000497972,0.4435159909443667,0
0.26091413302994665,0.208278962539063,0.22556602129953862,0.44552422685276777,1
0.30886100345559664,0.3601519928610086,0.4240759554892871,0.007811101891531225,0
0.6562957246400193,0.9098495525168919,0.48106157911169767,0.28526237324032017,1
0.6463386118992086,0.7541477923428412,0.8465915036986826,0.07643632309091615,1
0.6663224373982874,0.9515054479130158,0.3878338973317244,0.37109772121131074,1
0.3480627787726504,0.37892167723995435,0.20408650132885223,0.4868799487700877,0
0.5228398105275414,0.6362316234141757,0.6182397236511024,0.09626040862561441,1
0.44122227679202697,0.4099932915890149,0.5209377520824524,0.3997215268639191,0
0.3157346695541064,0.4678860103790015,0.15568067774435382,0.17543730520649758,0
0.6600523358230266,0.6741501091209943,0.6736284084526286,0.6044437936337044,1
0.6042771166809324,0.9582018308787538,0.4135838155203415,0.005505282927265731,1
0.25081617426806607,0.23252488006551106,0.2457671253720497,0.30411798311847815,0
0.4130780378414344,0.3213536202823365,0.5361072000222162,0.4578453384680063,0
0.1973292062231942,0.10451969010516074,0.16071514685458888,0.4842740855711858,0
0.38729244731695106,0.6239982469568992,0.03035458978492258,0.3309347345151233,0
0.61787625372998,0.8064351205028449,0.5460178282261872,0.25426672505350684,1
0.2731679389044545,0.19060554318299988,0.20472352135375949,0.5822405545341336,0
0.5680083157390156,0.7900089776017443,0.4438863265822678,0.19918964481731544,1
0.5195743925097752,0.6614086723724796,0.5474579337709262,0.12316338096128797,1
0.39137861473063756,0.6552325940121358,0.061873414281031214,0.22600146720130146,0
0.39882415117495057,0.2987750619447628,0.5104616561415569,0.4814906168005103,0
0.27597368891495055,0.4564946970243202,0.09388554917267695,0.09780337825493668,0
0.589503999228431,0.6615854330310506,0.4030518876410524,0.6889785821029502,1
0.4663639096056391,0.7144326308576013,0.07061553655316188,0.4398146660544495,0
0.8173689749769557,0.9916972958347177,0.8183156363045898,0.38012818084109945,1
0.7077751087824803,0.8380757408501703,0.6606726703295256,0.45267718629268694,1
0.8484386247045044,0.9292430491227599,0.8197022584906464,0.6895321129796526,1
0.7091827654290964,0.656655587189162,0.8124883838438359,0.685542283406823,1
0.8361247950491578,0.9324450688499625,0.8015310105318856,0.6472147873230542,0
0.06582194108977123,0.02865754610572493,0.1583091834978372,0.02000206493778802,0
0.7351582340461599,0.9401097195334887,0.5935374403139941,0.43521071092608654,1
0.710952610327431,0.8276848201722707,0.5384003305239244,0.6779505054205912,1
0.7865472285529459,0.9964978512560111,0.7553911363333414,0.3084048101246902,1
0.5880182025280702,0.7190935349387602,0.563123906392195,0.2976713157051579,1
0.7415632583814467,0.7304953448656227,0.8648063862282966,0.5843683504007314,1
0.1855583639343863,0.14508188688024823,0.16705025910087787,0.31451171381999404,0
0.4367951937369435,0.588436081326207,0.16382770629137544,0.46714420593213674,0
0.6047310635998312,0.6844774880116232,0.6046126678414584,0.4055425962079103,1
0.43123400582532717,0.5902625430958296,0.19879288179524604,0.3823243486941926,0
0.4349945570497383,0.7481365523432464,0.010331335894586813,0.2891344005486951,0
0.4823073037907536,0.6735066847356053,0.4430517726418129,0.06319214815203529,0
0.706055525434266,0.9421901453671526,0.4097933601161212,0.5601122235792666,1
0.6339348349022622,0.8623491443931361,0.36996242734110996,0.4588576725168056,1
0.21645217204117867,0.1365653688488455,0.10485321778443794,0.5835676114071227,0
0.6398205835374859,0.6229162986889143,0.6306208364810504,0.6958809162435686,1
0.6141737288928535,0.8775437336836005,0.5776926807343414,0.010470289153753953,1
0.634534479076941,0.814887553477736,0.5112243180260525,0.3686170346512869,1
0.7465727265885831,0.9203536704340387,0.641128113029875,0.4702872873130061,1
0.20374731342432656,0.09102554487354385,0.1905953293975925,0.5052797108413845,0
0.6665975635555994,0.9609959869691674,0.315837509269527,0.4567415864507877,1
0.5000674069891808,0.6262121735673529,0.45557088054489325,0.2514502802101821,1
0.4885675941193762,0.783459665096324,0.04993256068952918,0.40928996682177715,0
0.5711521988214743,0.7860056527957092,0.5790611570784576,0.022155126500411737,1
0.37043715011773315,0.6087430180531989,0.19950579650671454,0.031069510695596977,0
0.8066040493737427,0.8437717473987869,0.8222325632415259,0.6902420335094577,1
0.3960332581159021,0.34955050415614297,0.43898265271432735,0.44781605111766226,0
0.26134547449971024,0.1350574978140455,0.43604676605100473,0.3150134788869304,0
0.5103868821209248,0.6292165099047036,0.40061472868167425,0.3779710428203537,1
0.4977551714598682,0.755638684608832,0.3555353632429997,0.06637610091276153,1
0.2951707411274436,0.3402764095157904,0.03246225242300886,0.5764693032132288,0
0.6066259681851448,0.7099300203020268,0.7116775860016697,0.19078841116815248,1
0.6861962186928248,0.8592734918668536,0.4422857179146552,0.6193687869250067,1
0.502532631529575,0.6953689597887359,0.2087399202608178,0.46113087778480844,0
0.10518218600678589,0.05011955407565845,0.10656090361855843,0.2407706894169457,0
0.2616851026766152,0.2532860578893203,0.3844241910477479,0.0985740820881535,0
0.65734684592172,0.7149892074193692,0.6034986579339154,0.594013224159304,1
0.5109683102089155,0.7043295895861603,0.4800426043858732,0.07395367050036702,0
0.44209632539700294,0.45365139631551243,0.5361109348188463,0.27218673396796406,0
0.6264776729980162,0.8979966103118754,0.5481618841757319,0.06515401294679397,1
0.32677651744137914,0.17220661914978388,0.5254328607410259,0.415216748220897,1
0.5709042729082398,0.6617214874890738,0.7228781629709413,0.11590040136210236,0
0.18241032626456258,0.18890278070745367,0.1100586704985524,0.2747066738063501,1
0.4291058409055316,0.6631393046284879,0.16837212941560442,0.2351227488330316,0
0.6337407819959326,0.7215800392250449,0.7171288938360112,0.2890604711630342,1
0.42470730693043546,0.7742445906996882,0.026863265662405798,0.14763015940934832,0
0.600179147748125,0.9477447307514095,0.3168420071483742,0.1562709011395395,1
0.40708689013233246,0.30542711505375375,0.5085006301682521,0.5091157177748997,0
0.2909110366392303,0.3173945892836769,0.07112039679609161,0.5543881147928217,0
0.3566869477345638,0.3384991470357912,0.24922671848605168,0.5633467933542632,1
0.6436355200005224,0.9026187853607629,0.5216545708526886,0.17914878032167197,1
0.5716448486779444,0.7674299165445817,0.42340023399814747,0.30454910103104615,1
0.47015769941559216,0.4516266842473523,0.45554949246504556,0.5383975477620117,0
0.17438721780237992,0.1481190191079592,0.1684181351646439,0.24901133849503576,0
0.46896674236414115,0.6477793743714801,0.40762223523762225,0.1139519230355722,1
0.5190687235935132,0.7641365435596166,0.3775855512922622,0.11862393213013155,1
0.45113681473503187,0.7540493604005094,0.057950946897922746,0.2836342523270015,0
0.504476925414862,0.5339072679686087,0.5772884063665821,0.32168384760291574,0
0.816160191912818,0.9284923146391382,0.8576552430277125,0.4730873084246761,1
0.25977874883262997,0.002263949373269192,0.5995268712436567,0.393943563864492,0
0.21645640660475401,0.25137314403078825,0.2385911802328049,0.09596240259759216,0
0.2455025383314387,0.12129108301877799,0.4677027917380357,0.22273079650319497,0
0.12806128756127727,0.08241897380108246,0.13095205307574745,0.237830923690059,0
0.5990272358764133,0.8792578564603426,0.4434238452908137,0.13185577029498935,1
0.6534768927651735,0.7420659547975488,0.5667929821748374,0.5620301035697394,0
0.7560435421563617,0.7506941112834187,0.8745673955530455,0.5916313392436937,1
0.39438693356047216,0.5308948520897279,0.38780420503953433,0.06299123001873964,0
0.28494725664564813,0.4415275352282616,0.05647762929163895,0.2362010012201281,0
0.2663576864079976,0.27993857794909854,0.38549252779763526,0.053703195470788855,0
0.19429776484098196,0.05840215405645077,0.3882824887726767,0.2430597059047679,0
0.6982142660844416,0.9395913690499416,0.47188630883638794,0.4342634445427722,1
0.2067118002303917,0.06165173439766472,0.2761093753559266,0.4652656021239068,0
0.35162601923015546,0.49232318952285,0.18213485940606972,0.25411983323454784,0
0.4646479046059575,0.7175047163345647,0.022379202110364305,0.4959089290278291,0
0.5767873424864278,0.6206631668057595,0.43706188303045623,0.676685970872056,1
0.5596636528906049,0.7217021786813167,0.464185574003497,0.29778445674448745,0
0.6788726331803883,0.8426265340781719,0.5789226743147347,0.419412819234409,1
0.311721774096235,0.24463609797479544,0.30735303957817994,0.4859890661769167,0
0.6016032754418387,0.8179400134757843,0.3305742152324475,0.46730502067106144,1
0.624971325207766,0.7282336249799625,0.735725114054374,0.20068489250736304,1
0.6182192536892855,0.8058332207542124,0.39360500869650583,0.48610570351613824,1
0.5523656211560215,0.765504295338196,0.19768079448480103,0.5515461757074159,0
0.2879619519442294,0.14343874147393684,0.49074952615725353,0.34508861680042474,0
0.6196574628250971,0.7962827977418083,0.6173839421477749,0.18150440654930244,1
0.1865795054515374,0.00931781898968822,0.3505489761751464,0.3837795155207468,0
0.718620902317043,0.9485636346964856,0.7329475465793105,0.12227410497503524,1
0.6331098695365576,0.9162694366578439,0.5807957798263768,0.0036820862986131297,1
0.5655621030408696,0.778448491657039,0.47700351269696895,0.16618401701629681,0
0.5307245710689801,0.7018139863658229,0.28570015932781956,0.47053765043861384,0
0.7749453534082986,0.974273455759217,0.8670476312228412,0.1384716808091888,1
0.48540771725616294,0.6205676618227717,0.4364345673737091,0.2209675806633218,1
0.6261731518957978,0.9174690497025708,0.3664440841636151,0.28752700897713895,1
0.7264287792307399,0.87441994780236,0.7887997596484672,0.26289438717509894,1
0.5784952241687049,0.7990788517896423,0.42889161883529725,0.25144156311647303,1
0.08395692943205595,0.060060956416502,0.1728602495087113,0.01034188185595779,0
0.6143385403530612,0.7178609634283782,0.5197566269877002,0.49740535271281056,0
0.7428924604263502,0.8545633368431107,0.7947015406151244,0.38600164910128726,1
0.30213740007099094,0.4344587182227998,0.09219437302559753,0.2862486452595588,0
0.7457300055197023,0.9498300559422287,0.6933564812131724,0.314040165923181,1
0.6500537384584533,0.9533381082811871,0.3960268362834614,0.2728831671641064,1
0.6115357884412661,0.6750437171060134,0.717038033948987,0.2945125985178166,1
0.22228243326660574,0.22538873587333877,0.06679943304651294,0.4477411770799124,0
0.3960501539482547,0.20072421965550158,0.5915129808862687,0.5911707492731165,1
0.783703506720368,0.8710834457817878,0.838370200519861,0.4832536183675788,1
0.6648651921831069,0.7473376656825377,0.8029002204656377,0.2516314660107338,1
0.604883300853733,0.9461826192222651,0.4325567173277475,0.010124880221380982,1
0.4002399926984255,0.3867017410771221,0.5770179743221446,0.1689186493161053,0
0.6770189597358848,0.7903649738630113,0.8802939864097004,0.08874138440734562,1
0.4495450007163374,0.5239695109017679,0.3048759286082069,0.48048733341495686,0
0.39462982647826145,0.4822145274627554,0.428088978950015,0.1254793453093963,0
0.5838060265521552,0.6386394898954424,0.5370089254773265,0.5169180198061798,0
0.6482730200371745,0.9500430453290046,0.4765937849009002,0.15136680951201037,0
0.6618951823858379,0.8688960372159247,0.3037947883438412,0.6815436363736163,1
0.6343894097347225,0.6158094474760921,0.7776098352549571,0.4660086771009464,0
0.24973495526501593,0.41800469881017366,0.10140506384438804,0.051555433533063334,0
0.20412146553219257,0.2228728108758821,0.27454642907981913,0.05160565685152891,0
0.5930048037968106,0.7825808778057086,0.4742822006573385,0.2971485234837742,1
0.8071587788762311,0.9946503670099858,0.7249313882452584,0.4617708944883035,1
0.25430549688620807,0.15331712527814317,0.40925595310696034,0.27435074157524175,0
0.36733825003456017,0.4517233811903017,0.27582741800159966,0.2936416701946471,0
0.6710676780495384,0.7184131451640103,0.7546299124875926,0.42736065860627725,1
0.7003028980805491,0.8271245541417374,0.5221964849617075,0.6504083776058409,1
0.3573844674632899,0.5267596971672255,0.22036048169802416,0.13948237185134948,0
0.473853391327602,0.5982976624590063,0.34055505572523276,0.36269021690264514,0
0.6545255534018631,0.9207627333962993,0.4181728017992949,0.34346173081962456,1
0.16859053042811945,0.021609596535330056,0.3483449771507114,0.266411195076205,0
0.13099001206307015,0.013410217891014133,0.16140669753496376,0.37931446928536966,0
0.28373635642829653,0.2640238021099586,0.2903990674421302,0.32302367570339063,0
0.368628459056089,0.25641949837113814,0.5075838551353158,0.440717766649626,0
0.2677580646160189,0.3256642292227821,0.20632226245278484,0.21514635634396193,0
0.349498925223826,0.26123308307076415,0.39179854471294273,0.5067141013728055,0
0.757303517074416,0.9842505142515331,0.8124532479793267,0.10721142777425756,0
0.19921911125351122,0.2210987717952385,0.07258158586070522,0.334476247988402,0
0.18839889969574994,0.1422595869856452,0.3445275418867297,0.06955421818454226,0
0.32019583381020444,0.18802200418706488,0.39478437777623715,0.5387475919190045,0
0.6671340132265118,0.848368695883363,0.7115925939447104,0.14735943550708555,1
0.27118627193455075,0.07348110413331899,0.511419214794745,0.4050997771473388,1
0.5378369437364451,0.7941354891595126,0.441544688021982,0.04152896375047057,0
0.7388394454723052,0.9682663433094272,0.4996832232735602,0.5240065341776177,1
0.7682425168556203,0.796725032565164,0.8073119627269367,0.6384320587747865,1
0.1170482504532171,0.04447046848318781,0.06083402532590649,0.3828140430692562,0
0.6833719893152349,0.735542254243842,0.8476421407086758,0.30654109990355594,1
0.4277584686955245,0.49988656859412467,0.560697924149828,0.048029035767569006,0
0.5720435341829462,0.7942810869154696,0.5325888537841313,0.07563167294985951,0
0.2407419019180418,0.13215792043703614,0.5125945128190985,0.10442293926897084,0
0.15041513662906109,0.009299720208306272,0.40364356132624,0.12336104063517983,1
0.46489144537228866,0.6138971006583975,0.4688010828725473,0.08651285090662864,0
0.22488410584459492,0.07533992880620027,0.2697368838821463,0.5314653813842545,0
0.7675987764745921,0.9703368715509803,0.4929354656320691,0.6727485050474062,1
0.5889830108002839,0.6623030683898318,0.5469865901326342,0.4686774978278889,1
0.7908786981599667,0.9683881889949801,0.7115203815412914,0.46614244600044624,1
0.6479734956552997,0.9990591868734802,0.33278231959851556,0.243046031695025,1
0.5499219119381913,0.7078831222275794,0.3408568026466358,0.46861655015205433,0
0.2772135735118046,0.1974035165614293,0.5528214800960732,0.06332685601134007,0
0.3922883612967145,0.6868640752645216,6.527777006071211e-05,0.2441837016671774,0
0.7654389577930313,0.9797011256423315,0.7478033540897346,0.256236943724726,1
0.22787933971174035,0.11605371594755526,0.3649399343580316,0.3018525071527661,1
0.6681239815291973,0.8385780397441094,0.39665220685451114,0.6491964980039457,1
0.26654582085069517,0.2797859898329311,0.21413660159125292,0.3120592272842686,0
0.6895654968008963,0.9033489106394171,0.7676049905881321,0.03804772152373989,1
0.68608540696574,0.8412428629354902,0.8126938418193146,0.10827911476100287,1
0.7284581020587491,0.9336483568008432,0.6419039329392051,0.3453137188828291,1
0.40464654342636786,0.5400316854754057,0.307263055805495,0.21225891973508249,0
0.30410326190946996,0.03750865719514192,0.5825004919568587,0.5529939286242068,0
0.7050611337213333,0.816945760920882,0.8278658736365225,0.24114245584967758,1
0.44561267130002513,0.392121858648624,0.5097488361155372,0.4831354557052597,0
0.4705315308364715,0.6329819635005286,0.20321112162218186,0.465386062997763,0
0.6453497996120561,0.7631767804525129,0.46422024458087097,0.6224766800576922,1
0.7652572985587732,0.9742203426957279,0.8383930614823807,0.13314604383097578,1
0.5802890532478326,0.6044066669536914,0.8767034345380096,0.07537344704792051,0
0.08352192295385487,0.006364652467710297,0.13527444414184847,0.19878631738722588,0
0.5372936316571134,0.6424009970079771,0.3628835399289346,0.5361403558722223,1
0.6814293623485049,0.9278632878140652,0.5057523638559184,0.3288600464234842,1
0.8064701776690171,0.9572521224280129,0.715785126119542,0.5655428930957399,0
0.8006451203313587,0.9186286919210765,0.8966091401682192,0.3617401616017736,1
0.6992972380319896,0.8792760978870864,0.730889781899188,0.20196127259344973,1
0.6462030844931019,0.772460382856446,0.8091692977743823,0.0861105186628212,1
0.2279363753323328,0.11847658059622113,0.3354880446465884,0.3402583582012286,0
0.4318700039432542,0.615564328309686,0.31903029168653263,0.1418937614122569,1
0.6993134046196772,0.9836837091378303,0.5718492724858963,0.17958384152496576,1
0.7954871878901231,0.9879260466822277,0.7051024298286296,0.4499671780021022,1
0.7126423192973831,0.9046030991279588,0.5245805382854833,0.5148330412387935,1
0.6765352432911106,0.8030707989847111,0.7806456795647055,0.2040306996467166,0
0.5253731203869774,0.5549588993709722,0.561959743520945,0.3965287382260389,0
0.42729216043295176,0.4669675773909694,0.3794959410100283,0.39979794717229283,0
0.5952515201028962,0.6259787116839775,0.6175057315427172,0.4850522239904616,1
0.25063022832404364,0.20989885622213703,0.17976475891759977,0.458756862688476,0
0.6817539096762837,0.6266235427820712,0.8737124490321808,0.5316420178779692,0
0.5034813590133237,0.6239963338341393,0.5003099107021037,0.20695109442811455,1
0.5146312541990355,0.6216217246474397,0.5939326751959393,0.1282029465826697,1
0.6869596743490312,0.8083082431836676,0.8411499977113226,0.15230276721900332,1
0.6287633222583545,0.7729301183476432,0.4381268152676018,0.5543010925212615,1
0.5865050978839319,0.7521065874351692,0.3053018499135818,0.5943062459613639,0
0.5355668278177463,0.637433178135349,0.6364372717954584,0.12959528605717127,1
0.2036216875812542,0.18032358947476715,0.18023280473443862,0.29695025711769524,0
0.6611240040437814,0.6144239337109455,0.8186702291572714,0.5415548422056362,1
0.6744982695649282,0.7821408485773949,0.7499898744499917,0.2921544147061659,1
0.49890158756932884,0.5854651085392337,0.43989508921507586,0.37100253267594613,0
0.7258850772529618,0.8771086277019986,0.5285907503411449,0.6437676914980955,1
0.68880481483359,0.9144257221107815,0.3914799053870317,0.5707399108104488,1
0.7048662213440179,0.7668211533584591,0.7658426780710821,0.4585142062173187,1
0.13921152425516592,0.08973120646704898,0.17778677272287727,0.20504944602389114,0
0.41168604044013163,0.5204183504602615,0.49011224735317716,0.02221595502023861,0
0.4399287411191642,0.6274483428435436,0.3686716183019339,0.07801542103406105,0
0.7855737782141339,0.9318999640499646,0.6141763017268107,0.676854528355542,1
0.5964856487882678,0.9476215145108011,0.3212337254177871,0.1315238695376559,1
0.7014405343124454,0.8398781426863962,0.6190673059707656,0.4789063558900878,1
0.47915328182573685,0.4550046554586955,0.4743287523105968,0.5467616420160503,0
0.6748977268165411,0.8741710883044056,0.5144929052388725,0.4173215554633828,1
0.6971852744253686,0.8696780769779264,0.7126960976257355,0.24268703324342392,1
0.8038864228941247,0.9815399559800583,0.6821942288966099,0.5422908811755632,1
0.2227767358355637,0.15225363485106522,0.29341477911563724,0.29312742337669967,0
0.19779144582644492,0.28959483371428574,0.0896073089946503,0.13055918135453484,0
0.5844559333632743,0.7029550302778459,0.410561999200093,0.5490490923216175,1
0.4388419136415544,0.4484135858014834,0.4223631817692462,0.4396308310501941,0
0.7173006233781156,0.967465846024518,0.6060063493554393,0.25882897779612407,0
0.7753297495057915,0.9675174723610723,0.8985891564729063,0.10997133191691735,1
0.324457488151561,0.23884907853942217,0.4622864285787345,0.33173510154114794,0
0.672695285840921,0.7798128964494083,0.8804479882190175,0.09327220575255812,1
0.5781752340269062,0.6300557631728785,0.49622261535202866,0.5714028391742915,1
0.7313708805640303,0.8579276777437161,0.7553185441555719,0.3790573922275036,1
0.4457483472490231,0.7276499016185108,0.14462712191188942,0.1926762993310043,0
0.1665476128458515,0.06095743827187486,0.1268157616365894,0.4901208260946862,0
0.26440329959100306,0.19981663817451586,0.501769506665163,0.06982064252098139,0
0.2891044458289065,0.222820627665262,0.1970412203483161,0.5929088294589033,0
0.675629439681105,0.8664209197076593,0.3651543701829406,0.6643633438619657,1
0.3684255508907565,0.21535689645987946,0.48664257018695334,0.573771658023654,0
0.7566881581662639,0.9888280708523542,0.7318127286387626,0.21365152074229032,1
0.6561748024126194,0.9460400927642594,0.4935218531633151,0.17549100040747534,1
0.677797808342751,0.8212415209645101,0.8184832060923195,0.10816043016400108,1
0.27915540887732404,0.05426198453124007,0.4436460563164553,0.5946529985838368,0
0.6005807140529307,0.8374728017865416,0.44057736048715423,0.24835552506756756,1
0.23148391810147634,0.27469676759825895,0.08507951280567035,0.3430584023032288,0
0.20492941796400335,0.18948169740666848,0.27844738603785396,0.13327176724656453,0
0.6815839220379631,0.6339433774219737,0.8141089065621967,0.6018978067915861,1
0.45167997935823384,0.6934591479393857,0.34025583008214466,0.014368281819488082,0
0.36433118805553966,0.68903382638717,0.042784161869515634,0.03489513150549967,0
0.5646858900874411,0.89916064085927,0.34095786333114037,0.0640910532923197,1
0.5935128691036541,0.6350599677264404,0.6730777162800117,0.3702978517821521,1
0.24242692289203,0.10270758269911165,0.32507872025726375,0.4677475773264752,0
0.6818158303101229,0.8991960515809787,0.6640071091547843,0.1650783588659917,1
0.6728802392259764,0.9117430179143222,0.670791672552922,0.07885614251469313,1
0.54394685822496,0.6988270349122876,0.49027860830231995,0.23724879139060115,1
0.39047283776900865,0.5111459167412565,0.4025388953020596,0.07069105403881264,0
0.5662599492962574,0.7742035826337172,0.4606773186866193,0.20477481186706503,0
0.6663853088495516,0.9824186638090516,0.4156457344744473,0.25241128301345805,1
0.3711075505892301,0.4659792143992074,0.17195346077539456,0.43265952578504013,0
0.4413581914700282,0.7517590735671024,0.004022171955674669,0.3213600154988729,0
0.12525620978145446,0.22269536720988042,0.04551462466561684,0.0012706938841460012,0
0.6910036728240021,0.83032864202814,0.6070213034241965,0.4686648039133653,1
0.567600993697046,0.7445195595410732,0.3398124868539611,0.4669873393516053,1
0.6281605052872741,0.7930290034349176,0.39764983157991385,0.5617552704792056,1
0.3771390874678916,0.7055921643734303,0.0050011996540705985,0.11421322692477633,0
0.3888763040245067,0.6247160591556732,0.0914591473048479,0.2454026512760784,0
0.26589500043609776,0.2286486383668013,0.20011449510060209,0.4576816636125825,0
0.5203334633113947,0.6977903369943358,0.4640059820939402,0.1611825009302239,1
0.2510253909740207,0.39335613698117133,0.04113961191925586,0.2100271945382915,0
0.33921496724233363,0.4559562327361413,0.28760643628179244,0.12477459994862625,0
0.47311091667347965,0.6091271570673418,0.552052609131513,0.014657777001774551,0
0.29846112660430624,0.4145479521157347,0.08844072652527953,0.32327466294427515,0
0.2039714441703085,0.07334853734885005,0.5278025341564397,0.04478207624475778,0
0.33582210579546606,0.3781908097416706,0.2188165943612765,0.4054086130812393,1
0.65269814610399,0.9050128588282609,0.4704034898014938,0.29535334874705704,1
0.6645662013941362,0.6982264155237806,0.6933639494659293,0.5372190439623358,0
0.3620579426969001,0.46315228506230444,0.20428887105242619,0.34597569425010016,0
0.23449937310203778,0.33614142202042196,0.10205645338209172,0.17905863038599645,0
0.7023449424465812,0.7439730701859221,0.8951576455307955,0.3090555684719078,1
0.6257337383718178,0.7236998905344625,0.6169386418658653,0.3940110027241351,1
0.5911443659076534,0.6206998982415539,0.6836441941749603,0.3785057926719421,1
0.27595607768529,0.33408063998180454,0.04803719827246946,0.47252299106323453,0
0.23048388805886386,0.2141911337136369,0.2550605190883596,0.23435082737768773,0
0.21246823869466022,0.19135563359300597,0.14462417085947346,0.36701585320157604,0
0.7274489381329434,0.8898944873805168,0.5642131155824307,0.5661887988397788,1
0.2911302495097388,0.25875173385195877,0.4718446332839549,0.10100496299286467,0
0.28613163991464846,0.17896838645388008,0.2605257593003894,0.592448594487958,0
0.38872947201288705,0.42361908096838596,0.5289611341545184,0.09115795641169297,0
0.7449762341316164,0.8951190224425492,0.6754096741562251,0.47396910331737163,1
0.3640255376469671,0.445869860662235,0.3270133543054745,0.21493300512103644,0
0.7022662381167921,0.7825615431607381,0.7712664134005025,0.3980277125813613,1
0.36463237413107386,0.3673624985472958,0.35643922365078956,0.3700967888109453,0
0.6165320249530095,0.7126948777897929,0.5046506928146466,0.5439468910685954,0
0.16837356859352398,0.13221266579379407,0.19110214237645975,0.2246829649184451,0
0.6305111778068071,0.8877250134763295,0.6115883444494152,0.015860838669089217,1
0.5739843347044215,0.6172700900227538,0.6866241169070921,0.2968102731045848,1
0.7603976566192167,0.9451705499819314,0.5034191651384929,0.6839331604335152,1
0.1739427947700013,0.021527320989880395,0.40911814295177396,0.20221845694764462,0
0.5757678583995152,0.6049879511764853,0.8273574197686329,0.12533328440341304,1
0.6892141993539778,0.8125644164018311,0.7743608934333601,0.2531186156152708,1
0.5691349453476637,0.6055745150832806,0.7477087803690754,0.2101752684765041,1
0.5734568774890648,0.6391151989781773,0.7781828351492792,0.1022221372759619,1
0.6254924168121608,0.7657415087977445,0.3722890824834706,0.6546746883412371,1
0.6257501308581231,0.7955902061377098,0.6665236733420692,0.13998962893323763,1
0.453057562131707,0.4514392976691986,0.4134660396313472,0.516490507038518,0
0.6569424145080005,0.8610076803010653,0.6432979818884751,0.16724589895462671,1
0.7073893502640667,0.9290332362469726,0.5683193789541212,0.36188459227172,1
0.2713086640180715,0.14176541624793124,0.5571336387912287,0.16642932128368662,0
0.3392279380201816,0.65201223375921,0.03327871831648781,0.01619102822815117,0
0.6893181711246604,0.669922954493202,0.8813951198261483,0.44969078965107423,1
0.6233957364357323,0.6920855963579523,0.8160038988375624,0.16275884302743718,1
0.2020142894109611,0.1669512651587966,0.08586185638120122,0.4639004995860121,0
0.2734864877637513,0.17703509604548862,0.38607326058180286,0.3457348078323307,1
0.21861832265068232,0.1399279852704651,0.31285985297872676,0.27398187060915874,0
0.3861845849126748,0.4105782358726308,0.3274423488321846,0.41331381163352016,0
0.709910321224576,0.9550284353952173,0.632651758467587,0.21300287993345618,1
0.6210302352460821,0.844888403437581,0.5657484378681623,0.1443075108342151,0
0.29721340587354045,0.22520712774339355,0.4019247272672791,0.3201621191082998,0
0.447265248677118,0.4934261980337664,0.45776524832956245,0.31611287580683023,0
0.4600897611853799,0.38615263221958546,0.5740239098782727,0.474031360560527,0
0.4269414238180551,0.4293115789575305,0.32631066731369285,0.5719621707259099,0
0.6524892231612386,0.8643472783699198,0.4400230192293979,0.44154339103729656,1
0.6643091522191062,0.9974090092583372,0.318400187078418,0.3504229573320611,1
0.578439942575087,0.6903100776265065,0.5545359702199425,0.3346205634792549,0
0.49867659394255553,0.681071115147087,0.3714367724293795,0.233550023200991,1
0.3250106766282341,0.41379373613525927,0.38847514478884604,0.007856325619753001,0
0.5833905924713438,0.7740249602571213,0.2644479622731542,0.5852186183041846,0
0.5101359078404016,0.6323447658988034,0.3231949467613053,0.48502520431304164,0
0.5321509191431899,0.6882403227765928,0.29728931683635296,0.4942198135199381,0
0.7383203253478675,0.7099883495348466,0.8313832621204775,0.6695558597215049,1
0.5175029171103218,0.6481580970031836,0.367705227670885,0.4155615015373227,0
0.38852215795758127,0.3035163728319937,0.4065258591358311,0.5740310690041757,0
0.37209583647463396,0.5114655448539237,0.20115768746533352,0.2800787890403604,0
0.4145785222832675,0.6155917510149281,0.33904657630650953,0.025343369419252935,1
0.5534478623131062,0.8603178358870947,0.39385729682001913,0.025658776617765985,1
0.5378991190304729,0.6684862762430561,0.2995566593939794,0.5689449154537549,0
0.7493478290075261,0.7570290863367679,0.8880075869669755,0.522155048745247,1
0.5592848236513219,0.6807469006438165,0.5673600178207973,0.2435168399158726,0
0.14538754683054447,0.12386248017194008,0.2330596488049352,0.06769206051546932,0
0.724686294033545,0.9546582232511286,0.7291230025932879,0.14310140814997124,1
0.6878973526635184,0.8326909191834859,0.7999470232807947,0.15783893043768477,0
0.5602043791392434,0.7901599843464061,0.16326760433754353,0.5807205283238863,0
0.7569162129553054,0.8793714218315359,0.8311022599636402,0.33949912025222756,1
0.5849406031373058,0.7322707987785411,0.3252183848591953,0.6061984414513834,1
0.3295434096849093,0.5291829940900157,0.19106367305195784,0.038164053621570534,0
0.7215373914604688,0.7978400895897811,0.6225224609097768,0.679303041963226,1
0.4437017424265857,0.7813538833597052,0.11243365452746445,0.09647352194246896,0
0.5626822669960123,0.655540119848379,0.470732556597718,0.4684622004625373,0
0.6456860499252384,0.9033688948739016,0.34421749928300405,0.4536817635169318,1
0.6737319427715802,0.7788502200975348,0.7883825731913163,0.23896030382708902,0
0.38512046745509265,0.6011825398233487,0.11723781860319021,0.24678925981230604,0
0.46928424055756196,0.734083149430223,0.3132032179322693,0.041408502313848336,0
0.5624381296706488,0.7029489252220584,0.5548546161123541,0.22253641112956635,0
0.4478460974095564,0.6128705603391921,0.2998939503093871,0.25721316073572126,1
0.25227709220777506,0.07777320839373623,0.3429091730138429,0.5525886805337703,0
0.6475419200341649,0.7834192327194205,0.3942067944910751,0.6878513266356606,1
0.6378028843783984,0.6189490026917959,0.7560412624925343,0.5075800214237006,1
0.4009915140442084,0.5197439810949236,0.09726179817154974,0.5597049202264083,0
0.6095776555872502,0.8532596728578837,0.5270256088832227,0.12420068246670757,1
0.44314367412195294,0.4986150320464157,0.30740582739623395,0.5080720493993746,0
0.16596402567398894,0.21508025631361083,0.13743368084353083,0.0859689663206213,0
0.4832519775777885,0.5631976907637479,0.3718307077912519,0.45051959929269464,0
0.5712874879739456,0.6002272517035777,0.8243949535641277,0.11927688026459243,1
0.6729336234443706,0.7798530753690722,0.5624667602999502,0.5713352883492473,1
0.6458957612535223,0.7492242350232212,0.6613649132086759,0.3643708488965446,1
0.4123192039579201,0.4681307028045746,0.47854485245640505,0.1734519840935568,0
0.6012073756552206,0.7218818415043325,0.692741979767389,0.1622193048641887,1
0.48366333136189155,0.617985696999531,0.40076174388085073,0.2722097984893542,1
0.4731515713844731,0.6298685117800344,0.2742100445622306,0.3797715106289337,0
0.6370427598823832,0.7096537574754433,0.5669404907800991,0.5606686695531593,1
0.4627148547386077,0.434268129913312,0.5483212927097619,0.40542200984511545,0
0.1782791774943076,0.052207980191010694,0.41155330147734315,0.14354598477799663,0
0.6634673984831322,0.9316350333343612,0.6077529465332017,0.07661998927995589,1
0.6073044181286411,0.8406233809824063,0.331253264981814,0.438083740714469,1
0.34359745635043476,0.31340355257401153,0.5371141904855747,0.12880711458878297,0
0.3183538856251824,0.4224122243297299,0.2634429742856137,0.14057440587316675,0
0.5319324082693757,0.7576737193352051,0.24034385429964567,0.4049619615593975,0
0.4933835473649924,0.4879288092447447,0.4811573364594679,0.5253597090238984,0
0.6493049896837998,0.9192389743273333,0.4427184218631719,0.28434987980590803,1
0.6772926343325318,0.8022898797816499,0.6367305136696729,0.4256427017040254,1
0.5075725599390877,0.8223877712113794,0.31777913158583465,0.005224674288237574,1
0.5073253405662226,0.6380796347843456,0.4317024905690059,0.29387388001674,1
0.3682489315106175,0.4257912165240829,0.384949814777543,0.1993418940765657,0
0.4892857320675685,0.6244360256310894,0.3777127370656965,0.31876949066157423,0
0.5117705601329827,0.6553148005976428,0.45648644262616267,0.2358361352315622,1
0.1774623278792056,0.15411518547275033,0.1458435840882293,0.28325829958180826,0
0.648747871138473,0.6403046084485492,0.6458334840992718,0.6742276084220845,1
0.2903474761983762,0.08313293189508714,0.49752604100943876,0.49761598974000504,0
0.44548788075103835,0.6171900502587595,0.33057238683369206,0.18860569785775483,1
0.5040376961302858,0.6623493848324656,0.5321046969918378,0.06615797308250845,0
0.30994647730886277,0.1434749607231999,0.4037335383430354,0.5854446772217612,0
0.5266823883949305,0.6778512846419689,0.40682897715453264,0.32854026463793173,1
0.5154099892284261,0.6159785862470506,0.363492451622714,0.49186480309043296,1
0.4470875542724859,0.4160377315445219,0.4597738852114175,0.5056826146839987,0
0.2713931895882362,0.4178018681857668,0.07134596015752519,0.20544233724047636,0
0.298071422811763,0.40821261970837697,0.20838583614166203,0.1572468105753796,0
0.6030088868988966,0.7561786041587839,0.38743185704002725,0.5434501385374826,1
0.4748304192189566,0.5586901368660052,0.3261496490774055,0.4882022803136616,0
0.30445844237792213,0.25024009911961126,0.36341410654763534,0.3515708042691296,0
0.6127739690244269,0.7411266410376944,0.45388683497070115,0.5302229900718467,0
0.5514742279250372,0.6329711957828507,0.7063527862070075,0.11541397085754816,1
0.3359343267899125,0.2787656173207304,0.48206892624117115,0.2596542012859795,0
0.6164209403164177,0.6864484698360668,0.5241994571036892,0.5796843413363876,0
0.5355837618569879,0.6976820003063553,0.40467728625634475,0.32669787913453396,1
0.20212277850976454,0.22091189484442372,0.2825200161634203,0.034554131192632974,0
0.7000567590049919,0.7053901712757271,0.7802262188895152,0.5664690385013688,0
0.7172701544662418,0.8566188813363427,0.5944989397549103,0.553055159357987,1
0.37489929509050607,0.46686928847438697,0.2312653237533346,0.3604252686365611,0
0.7372686416225464,0.6993176991541171,0.8270296445549883,0.6975044933949565,1
0.5957231640726363,0.7734607604881151,0.34769353377048845,0.523423618487161,0
0.305019537537205,0.35690264952233336,0.08544248802891614,0.5046773318368175,0
0.6012822762553218,0.6099437965545025,0.6619227960305097,0.48866769584458825,1
0.7526255984664312,0.9800244378497749,0.7357372181910395,0.2094610704211595,1
0.557300355419245,0.7756714052823739,0.3275621982640337,0.35597996649423985,1
0.4232644766193367,0.6376850006250657,0.032044482565355435,0.4740431576859861,0
0.6267119505974361,0.6757453966691416,0.6316506264434819,0.49672032164910374,1
0.7540287133575327,0.987908631532404,0.5584781548464335,0.4626547556870031,1
0.644468565513083,0.8362979176655064,0.5870960628848909,0.2509539390743127,1
0.694544610435784,0.7693981578718615,0.631528763863788,0.6019345117035841,1
0.6550031323888188,0.8480323626613049,0.6935292311177403,0.11464090861422166,1
0.6865864164058201,0.7384255291618939,0.7343563677318503,0.48533370752659016,1
0.07417571099027823,0.042022391035820575,0.03931325217238859,0.20685269910325677,0
0.7258948648735017,0.8083902531023094,0.7754801286231662,0.44527849867698566,1
0.5967035131081673,0.799349818808719,0.31299172501922207,0.5156554309902054,1
0.584342480209525,0.7632626672924052,0.414057463049025,0.39246953824307423,1
0.8134685483519163,0.9639190306070178,0.6905315557941999,0.6217478315507368,1
0.11375231514776135,0.019072009409948,0.024620109451595273,0.4841513880365439,0
0.537291168501457,0.6576607578776092,0.32493294660437627,0.5549045279066969,0
0.6542179722181611,0.7470047240460512,0.7918431241694159,0.21581336472155366,1
0.6477146530585107,0.9385372067959877,0.48682964656119343,0.16198577846079398,1
0.5941222220570785,0.6752416912485405,0.46105273077677167,0.590927785998884,1
0.2733893565625027,0.4646686624946905,0.05827963013671378,0.11785568137071649,0
0.5804701703942037,0.6691709231067725,0.6357056264837764,0.2758651044784226,1
0.6703890485995727,0.6169831811312393,0.8588993636848157,0.5211382446425418,1
0.5701367538545016,0.6227270713599925,0.43963888746056246,0.6344077596816832,1
0.35108104074592733,0.4893155077185134,0.13868982980535113,0.3240816897253264,0
0.6157740231004538,0.6632671454608225,0.8090740068690654,0.20709124154661449,1
0.8093982397123511,0.9119479375489247,0.8567029308499301,0.4820669584145486,1
0.5519524593112668,0.5777698424362272,0.535808697463098,0.511624644271119,0
0.7239623984746274,0.6652826738871148,0.8813849419446247,0.634527894738413,1
0.3200037510222679,0.40837331203746213,0.1421429432878555,0.36587106008590103,0
0.444693228269851,0.7209733836874682,0.11997565212003411,0.24106920395053347,0
0.3758257435207591,0.6043768038255078,0.14396690936675752,0.15223634398988975,1
0.5162077414883741,0.6218001259965182,0.6328317144352064,0.07729082079776538,1
0.20609516604837685,0.2251994048438003,0.28902007405982766,0.033947207042642,0
0.6796163359176564,0.9707077565955973,0.41983409821261974,0.3415611407803587,1
0.5846013804358758,0.6995682797029675,0.45956970020747767,0.48473165261074336,0
0.6376207134042238,0.6478934354004491,0.6251092920670002,0.6307060404194957,1
0.43403562120481526,0.6218376835235445,0.22811737904648802,0.2734078286454829,0
0.43259337848971674,0.3928250610979581,0.5411593004793638,0.36916528898464274,0
0.7413433221568089,0.9491948861606828,0.4349809486774352,0.6812579723661842,1
0.7734548641152807,0.9882792097579614,0.48892708696650183,0.6631856657317475,1
0.6335860073088005,0.8009651974523754,0.5920316264463643,0.27746960324351794,1
0.5761552910087178,0.6540152384224944,0.5162291161980063,0.4713946846903432,1
0.5121059390349653,0.662176625633369,0.5053890037485635,0.14700462546855883,0
0.11938967047431859,0.004236703924401653,0.13787518874939442,0.3795438094364972,0
0.6590823170430267,0.9059248002444514,0.30507691145359855,0.5729842174236073,1
0.7061724203098247,0.8606677871739976,0.4533766463814538,0.699127664041949,1
0.287286681079947,0.35180006317309953,0.08380231865571026,0.4312297694834207,0
0.7454991371482145,0.8365450439006838,0.8723800302881324,0.3275630305571641,1
0.6529598255573302,0.7858410348772146,0.5546920604895061,0.46815844985935556,1
0.6208013984002088,0.9944118972306495,0.4105722373409341,0.002118892913018788,1
0.7089393133788261,0.8289652599834549,0.5525470196823693,0.6434628874119392,0
0.3689482798555016,0.5048791045335246,0.028269438474429108,0.540139480232053,0
0.33633641485302335,0.25887326229582736,0.41760098743543655,0.40809743737239323,0
0.8348046236800916,0.9925548405012007,0.8283149858155914,0.4501635384240691,1
0.6806866235360842,0.7112649135569072,0.8468923231408738,0.3549323490768425,1
0.6032101382133906,0.6946979484417584,0.6693100168548908,0.2753407946802209,1
0.3683030669761311,0.48471508989059564,0.1545545965133994,0.39789571538406726,0
0.5443814639787874,0.5244380080947357,0.5759408386782334,0.5469010416397473,0
0.4708951401015221,0.7059384781231067,0.2851576602973193,0.1618930147538647,0
0.6794943415124655,0.8368707779527123,0.7935867941011134,0.1149145715288771,1
0.3393486769447676,0.3655942731597695,0.47499295257606355,0.07026827296031898,0
0.7236952519347409,0.9344799003831101,0.6610553382356912,0.29069350136239286,1
0.6838823621006517,0.6753897212049206,0.796935016388593,0.5355349829080672,1
0.541589524961282,0.618807654696829,0.4181295025299797,0.5337342342693678,0
0.5714085186992199,0.7259903029819352,0.43816626155061256,0.3848174437153427,0
0.6404020243278226,0.8535079092277051,0.409089271754263,0.4546064409384552,1
0.34895232542504107,0.4026361759442312,0.29574186116326323,0.29455839551973256,0
0.33409243484953477,0.39052447564942105,0.42763525462295565,0.05269810318968791,0
0.26527240279819725,0.30521226237014204,0.27701813144713483,0.14780416089492884,1
0.44640188387664276,0.5864485388402539,0.21182673150296907,0.44814797502812526,0
0.291392519688377,0.08531533004578772,0.513298363734317,0.47372672772594004,0
0.43707131412596045,0.7532141907083509,0.09248247783221461,0.16359737711060296,0
0.7069316860176077,0.7241450365151452,0.7687827103679109,0.5711217732483092,1
0.48434792832925144,0.5029690658483095,0.4683295742982281,0.4618226155781413,0
0.6564886282536354,0.9163460523453071,0.37676522851904465,0.42643016762634217,1
0.280934742159518,0.21835682547144852,0.18887652710612549,0.5754668564597806,0
0.4094657382050245,0.3430841369567459,0.5863533097463366,0.3100883840137529,1
0.5761388007277979,0.8110179497988731,0.4553009509110703,0.1701977027752008,1
0.48905869084225373,0.72052282224697,0.05333203235509867,0.5639883500611957,0
0.26847208843412285,0.29456778998836647,0.020707831931634745,0.5748792193022457,0
0.15477432130806235,0.13467336922175868,0.0988700599103984,0.2888830936203174,0
0.8393186435087583,0.9961768715701289,0.6996788183477829,0.6566328110967953,1
0.43261083235784153,0.6014362078054144,0.2310859117877679,0.3128347745940199,0
0.5391155181169691,0.7373169849515631,0.5087223970326409,0.08920153265697699,1
0.2711555943063458,0.3322268200573277,0.31589418513396855,0.05136964368745687,0
0.6879080447291255,0.7199699623311582,0.7920386928137976,0.4515572785970359,1
0.06554905602645021,0.03039214206211396,0.0011932448700868292,0.24997505767183592,0
0.45421072524352635,0.5428884670146653,0.5168334762621367,0.13858224428776322,0
0.6582142318822755,0.7081880317529916,0.6817031598512227,0.49804634025206423,1
0.6232181513880173,0.6189536935270394,0.7981511454103739,0.37147980500692696,1
0.35493452580966,0.3567100456095431,0.3540018964662021,0.35189467032513894,0
0.2825878560345323,0.30420713365025787,0.3707740766800372,0.09626033102696104,0
0.30636342657965066,0.05566381445905533,0.5767377855827506,0.5275509183764892,0
0.6950946736588302,0.7356063430293042,0.8447598736911557,0.36931770018415694,0
0.4215870513328458,0.4887742552906354,0.3192867369065246,0.4070695130778537,0
0.5511013316157846,0.6130369772988058,0.43854061164682634,0.5651032973616686,1
0.4009995064738061,0.5202615532168285,0.1843379296739808,0.42783675481598793,0
0.5901319288916369,0.7489046292766193,0.5482798859304886,0.2559782423709033,1
0.6953999019221981,0.6614451596242539,0.7640275728830905,0.6773452512257204,1
0.4117709645817777,0.5911060925760185,0.1572193328789961,0.3452605921503479,0
0.14621741021018744,0.10041126964955245,0.06005601519564443,0.3899748541335894,0
0.4697074570431366,0.6593482671977253,0.29250097445274004,0.2614151555422597,0
0.5370151029900556,0.6624798779398394,0.5560881355837667,0.19474361672502946,0
0.5798381091372617,0.7017053935016629,0.48516920556565146,0.4171732535836744,0
0.49810437872564184,0.48909237594884075,0.4564866169327467,0.5830610283569873,0
0.48649788620578516,0.7786709858161103,0.2891932361424394,0.052022112274990914,0
0.8464314069979515,0.9582539525534788,0.7815875648358548,0.6641408063522782,1
0.09756128852396655,0.01931260997655189,0.15782738869529747,0.20278383463550678,0
0.5592586931499754,0.6270109257672213,0.772931425199834,0.0693690135320727,1
0.6638140976475685,0.9593466189446143,0.559179634188647,0.0819344895933366,1
0.22236392158239415,0.01040652851789723,0.520732588857711,0.3047044033306612,0
0.4166622829452987,0.39794267758829377,0.4241663784022522,0.45220515315238075,0
0.6298209341963276,0.7751616148795013,0.41714497381780224,0.5854831730561808,1
0.37015723192060596,0.4283808421863001,0.13157499292743138,0.5824715647461323,0
0.6059064746658833,0.6456076765338203,0.6200328005009685,0.4854639812434131,1
0.24420334946193983,0.3045844146278756,0.07579879684142654,0.34585751547787025,0
0.6157891245982638,0.7513272056895143,0.6910231982718649,0.1640928113597364,1
0.45000586438527224,0.6418513648496829,0.33854609264222263,0.13758177083881995,0
0.7014019268615823,0.8395433480401411,0.8321587015789125,0.15991321183918988,1
0.6027843274692831,0.652701933156827,0.5918150539599714,0.494444223514391,1
0.3246235446068151,0.2966114276954103,0.31863080558537465,0.4036429454174875,0
0.505965179786878,0.6368795672334279,0.31514597163454,0.46490802339901016,0
0.22308353007882956,0.19333643214422427,0.3903096921183103,0.046612031856121616,1
0.293915458632166,0.38662662080374566,0.012384212088916957,0.48443442301809037,1
0.6659184890015587,0.8398373766090449,0.7450142190270714,0.11247767494457357,1
0.5077032244977394,0.7131918163445251,0.4963235093715219,0.011051317570101648,1
0.48645875578107384,0.6015998915531957,0.45549892057461805,0.24504566916045273,0
0.6697055616231207,0.8441940269367154,0.6056339301695954,0.32959184551942183,1
0.40179011907394313,0.3778202305421518,0.513630813617806,0.2939537985876271,0
0.13504599562099603,0.10467579328746074,0.1719142728197955,0.155669085656635,0
0.6278596662089322,0.9007802033086971,0.44839396412386046,0.21475687658712744,1
0.12333927397999404,0.026304900752558782,0.1559442358297968,0.31701776427387807,0
0.6167008652034343,0.6399807423098052,0.6010295501113245,0.5820081450756717,1
0.5767363008572067,0.7610452126813798,0.5978434826758798,0.08430324856876435,1
0.5327955953468383,0.60890752825184,0.47073784156327114,0.43560239375968474,1
0.6039241302806504,0.8360781531064505,0.30264055314213034,0.4754644389239301,1
0.2548209252687387,0.4631421626947411,0.022602953947137936,0.08234478868613368,0
0.6543634179778387,0.9618025401677789,0.37218754055780934,0.3090294286330327,1
0.3258389633050567,0.2906588719628954,0.5740103084156372,0.04153217399458884,0
0.47749815836302556,0.5891765772193868,0.3770843599234733,0.34892280888145116,0
0.3188212047489586,0.5246350792800302,0.15874091602809068,0.04440695150258173,0
0.2870919947894142,0.44712610665166186,0.09328476633276352,0.1777175578187711,0
0.6953188145989048,0.9123353418076192,0.6095342402666002,0.2814543580755757,1
0.6323808398048049,0.7674433203161518,0.3708785101674444,0.6869781329824779,1
0.3167856745147646,0.28895792591715913,0.37248175031761,0.3028109323045101,0
0.4297292446255806,0.4925862513790971,0.2735947062310414,0.5067885353335981,0
0.24467162021034128,0.11507365644027817,0.38141044244641936,0.3635582962813818,0
0.647307338794768,0.8082689609886151,0.7142448652673713,0.14449699360124524,1
0.5813628714096062,0.6768452470874327,0.5921817018703517,0.32642868652392193,0
0.6533606709357415,0.8187253840962042,0.4086716326582088,0.6069824454508835,1
0.18555647039114115,0.06710864257886505,0.41547279107949764,0.1368015588892967,0
0.7247490119242604,0.9347586318643752,0.5253635832772214,0.49880310504453196,1
0.2897318346670812,0.17871615067194047,0.3959073537595167,0.40800776601627975,0
0.7403374223004402,0.9750261035091788,0.738698345725921,0.1560743341403724,1
0.5623492565843256,0.7443095763502239,0.28135812424307577,0.5289351556814547,0
0.7632939654542903,0.9280418979134792,0.8416358872600196,0.23391125159772386,1
0.719025717810384,0.8379050013900415,0.85101660624031,0.22384117621635163,1
0.521953522078152,0.5413896540661205,0.5153792721360864,0.4832245670213295,0
0.8157179443062529,0.8879130140086184,0.8109850957780491,0.6423295428426447,1
0.516742895776105,0.7365873215057144,0.1909070044417509,0.45588566845361295,0
0.6806762293485088,0.7879203552699312,0.8697436623921959,0.12896476497942153,1
0.5855355351773995,0.8146460374117809,0.41098985685294137,0.2745777970781334,1
0.6665135298921618,0.8228128609365113,0.39374474385638547,0.6849183813349529,1
0.7432771315688392,0.8507809361729075,0.878112818435506,0.27226408975866845,1
0.3591677866141433,0.4428485786426995,0.24420099868560907,0.32241598843555397,0
0.433749756764926,0.6683833230402499,0.09909141732944589,0.34915335022983623,0
0.16650650665335628,0.32067918084434244,0.005509467145597657,0.022570380437528726,0
0.4931497584163818,0.6220204469283588,0.24497429697506568,0.5432362292984135,0
0.44939171067764777,0.6548107144021286,0.05475748280088475,0.5277955431815904,0
0.6204523600526741,0.9196854088965964,0.3820990704023684,0.22989967241832687,1
0.6680966778431332,0.8593590740813444,0.33559869943498044,0.6886876548598341,1
0.21721667765868288,0.31220717527073005,0.18360403323386065,0.030159400265798306,0
0.5191528502475973,0.7600266225671504,0.3444256124807592,0.17905927609897176,1
0.3739332612324578,0.6408200884397699,0.17761808114570762,0.001188963344302718,0
0.31359459901634484,0.5209788853280329,0.11339139263618947,0.09543869280735788,0
0.7813458657026546,0.9860568468229596,0.72117773302413,0.3598206119196787,1
0.15825077177081082,0.19561584493766065,0.04916165893411393,0.22847175810873155,0
0.6657576650540307,0.8423700710590911,0.6553242898109688,0.23987671290597237,1
0.6637384509328338,0.8353031999876883,0.6113582611452847,0.313396862977021,1
0.5492779507686375,0.7774471688615114,0.5248833787210608,0.015446763607817448,0
0.3357757915111833,0.5616309295657624,0.04973225208817853,0.2002032555092426,1
0.42149748517809077,0.6822213146017115,0.14829212987768994,0.17949594456964008,0
0.6025283757585627,0.759457928341366,0.6060097094120638,0.2049824938213022,1
0.3061101452065382,0.36395961787335296,0.3629872710533601,0.07617077476926841,0
0.3882822407362118,0.5896522710350606,0.0034764118818758627,0.46206590827059374,0
0.55530247895479,0.8440098033779648,0.3648768982509526,0.11917253895260864,1
0.6133716147084305,0.7513239289493661,0.33812000897720185,0.6813682377029346,1
0.1610405565023342,0.03605714931472326,0.19533079580102727,0.42206371552332195,0
0.24154175514587067,0.14263597851574605,0.1939344124191397,0.5602172108112787,0
0.465723938020035,0.4588844490706306,0.4237985294326782,0.5457107732745812,1
0.6592847270889179,0.7759413202366578,0.5025277480163751,0.6027787128283824,1
0.4774008875789594,0.6162382625434865,0.2476672880321171,0.4749078494879048,0
0.5365344962318854,0.7490557590787984,0.5030168867622447,0.05550775331906419,0
0.19843105096684566,0.11917906898107473,0.09135351300694194,0.5571773128711286,0
0.24889475290765933,0.07712794749273232,0.485285387562174,0.32372581446320486,0
0.30572621339108,0.25924767993811815,0.5333656187347736,0.08046343900794428,0
0.734323410734576,0.9182102104914408,0.5999289988377547,0.4761980291876456,1
0.12035038596263493,0.11002689507678723,0.191889094467436,0.03885105042005266,0
0.7198248738177363,0.6809621118015049,0.8027878189404407,0.6925373611742586,1
0.3939949896626548,0.3177325274693824,0.4687402116429968,0.4725333121753229,0
0.28563798932315476,0.167348087776029,0.3908263878970062,0.42358014533019217,0
0.2812101689375872,0.26057552336688466,0.21634871221166257,0.4300889679532304,1
0.6285428894811766,0.8312068863230169,0.4049501716624313,0.4572719741046946,1
0.4999556067043988,0.6149650224704719,0.5378159003774522,0.15564162677963594,1
0.36558567056165053,0.3661397668594451,0.4504733671781238,0.23686888489245406,0
0.4292303876831472,0.520361007387848,0.2888938161232109,0.4119086957612996,0
0.5303648540769259,0.7234508403280879,0.2885606104424482,0.41035625390073766,0
0.29428321116951395,0.13312459763805615,0.580864441947176,0.26730789883166545,0
0.7264524313973686,0.8750135740439486,0.814344307653929,0.22321176039607823,1
0.6996417676117915,0.9043811918068015,0.6795494264371451,0.2179317188862361,1
0.5998921863761421,0.7873666564987084,0.5992973546560927,0.13209825864980035,1
0.2642111485168145,0.16680234241283642,0.3214365336827733,0.4218950860278213,0
0.25363366011422717,0.23065535046969307,0.24123261651981087,0.3296809996171869,0
0.678582726673793,0.7230513941696521,0.8946178830156419,0.24335832342137195,1
0.4456929665116192,0.5168079283018711,0.4943418051704583,0.19493230404773113,0
0.3943705966769525,0.603943560631839,0.06529030684015522,0.36405862154493246,0
0.6765843401232827,0.8921063049120186,0.6239512863605461,0.21672900879554818,1
0.4562514665094681,0.5770309372680703,0.17636234243741172,0.5741364757210471,0
0.5619898862662659,0.6480442520405537,0.5819939594001317,0.3168478621297479,1
0.5471072592941666,0.7091217320583343,0.5728756543902299,0.10341848473965239,1
0.7586859809286985,0.7511954692788935,0.8398156510177524,0.6557177549196305,1
0.14181137833139715,0.22107780954762968,0.07254808342022058,0.04754024265758059,0
0.7278648439963145,0.9924019245415091,0.6172145220612537,0.23249762553591907,1
0.6366244364174241,0.6125134051606578,0.641787054587857,0.6891580873036905,1
0.6758015398141122,0.6861980567250802,0.7715800928703762,0.5061424179522962,1
0.37865847183739776,0.3785229403520493,0.4676527660438672,0.24550585924106466,0
0.34307105896927004,0.2619076885572808,0.3228783775003717,0.5762685072025908,0
0.49252632997664897,0.5530121612951555,0.34280087406363613,0.565899935549902,0
0.40538220021523447,0.34897698086370266,0.49932869519095285,0.4054755061304863,0
0.44016766532511964,0.7934296384393962,0.06738395179917374,0.11618830282834737,0
0.677909995561536,0.8316106432796206,0.7973585888924797,0.11448548626990876,1
0.6695460083572139,0.7092748766003505,0.631430873587232,0.6273965399043453,1
0.5434568823272149,0.7242616740324331,0.3879233835361992,0.32474515125069287,1
0.7067083032194509,0.8138403005157101,0.7700480915003856,0.34386862755740094,1
0.7677207062438299,0.9080362872635478,0.851054240167153,0.29193145280955063,1
0.5332967247793895,0.6983502348020234,0.3288651168100008,0.4273103616768876,1
0.23705759667916826,0.20411132031593732,0.07963574242403616,0.5555560689699437,1
0.7299629626189228,0.7769256508271573,0.7669815568506368,0.5570283507507656,1
0.7743608357022186,0.9741525478265979,0.661598646327904,0.44402483945274257,0
0.7720098146884276,0.9248762207404768,0.8303200000871016,0.3023785214602937,1
0.10639375408170212,0.02813888537942848,0.21801122078755455,0.1346047257786076,0
0.5318390003561695,0.683351736574006,0.6169886373409532,0.025332704334402545,1
0.478989715887432,0.6882081797858288,0.15890442213950154,0.4360714967633356,0
0.35103306410729246,0.4894063631744672,0.049620427277266434,0.45721877168439473,0
0.1527189094798277,0.06141211897081647,0.32719469520730166,0.11927220716114484,0
0.6053060503747625,0.6808457200625866,0.4724977732779997,0.6156692918003464,1
0.5287417773791718,0.578314425783287,0.49530076091823455,0.45497168106029007,1
0.7461283993585783,0.992010871821677,0.3893866945077127,0.6665347754771301,1
0.23318435582102956,0.32212862688693744,0.15101980447045193,0.1340705051821263,0
0.6434742661013775,0.9807715160323631,0.5082185755821542,0.0031146770527487153,1
0.7448480819567147,0.8163426547779805,0.7371561855227393,0.5776494945545129,1
0.49216996942001123,0.5087276692937367,0.3931136658287581,0.5993601751225776,0
0.24528427179880777,0.2601308438428615,0.3784854994466739,0.008366000216874236,0
0.6603508100632622,0.9880806290279374,0.32734839220052675,0.3405298894456774,1
0.7285035404365225,0.9887977370807082,0.39283433940532586,0.5812718503728533,1
0.21412298710293937,0.01113415665907942,0.43928639150370524,0.3838499566114404,0
0.5648343658064345,0.6331053917158806,0.4971084765605181,0.4957456349016941,0
0.16841329808072938,0.18696373142260808,0.22218174839050048,0.04138453926137615,0
0.49360677395463093,0.6499877418106723,0.32331198297797725,0.3580965407795081,0
0.5769137243264145,0.7334199705913421,0.5954999092068556,0.15776883134343386,1
0.4855712160340329,0.6025460634408759,0.3994914069950104,0.3222538110754591,0
0.36900806691144344,0.5004235477142925,0.002141234181166496,0.5907696139997363,0
0.845413772500711,0.9534665126289932,0.8087276056862875,0.6303111724016409,1
0.6046277972942258,0.8471143745554217,0.3616166340903856,0.36292809894699635,1
0.6764076708931518,0.6880193281906432,0.6443180712988947,0.6955129270408087,1
0.7057595027792565,0.955862568670159,0.4808770007928102,0.4178255910316695,1
0.7799313439509827,0.9356278923526854,0.8937950980030462,0.2198943418686308,0
0.7147095345068637,0.9278907084578931,0.8139690854303707,0.03286727324402955,1
0.27064056218020577,0.13915007905885865,0.4788596275228163,0.2870381719696577,0
0.6267991095792705,0.621333856682971,0.8837430601268177,0.25504631599869887,1
0.24445960854857013,0.08039102758804653,0.36780131898417345,0.469618495296474,0
0.1666708507467942,0.030179089776679203,0.486153592653201,0.028676140312471454,1
0.44554766535469037,0.6633544253034434,0.27313215329888674,0.1596540335665134,0
0.5337743222420488,0.7028601896123107,0.3575388868805046,0.3754128068587105,1
0.6026042432826685,0.852514366922434,0.35016323098438623,0.3564904526306784,1
0.7296850647696372,0.9442521605584521,0.3954706482542837,0.6945889500706304,1
0.5798973474270467,0.8458946976753157,0.30866088166741323,0.3217586704458244,1
0.6607478982486601,0.848058662986219,0.4644405592174331,0.4869319949516033,1
0.4475837488815575,0.6757467579536445,0.2623558686673116,0.15501804652270884,0
0.776027462304842,0.9139053797008749,0.8208928959174409,0.3640345183958618,1
0.3649921812092688,0.6706234208487495,0.08347622345024715,0.02318801874909957,0
0.7037870707719766,0.8911373195874873,0.5866513532117723,0.4111150250735057,1
0.3564498052846518,0.4180881891148951,0.4892407607084047,0.003167412573413997,0
0.5624893511255074,0.6106547684764358,0.4839954785621382,0.5598166165932402,0
0.2713805821561599,0.2650462339724918,0.3561825427355727,0.16001351174621106,0
0.2169411000728732,0.23323420334985798,0.2397501082235499,0.14199482965439636,1
0.1631684575348952,0.18185380212389424,0.22753604750398976,0.019903711108755707,0
0.749118842036,0.8864523763971353,0.7716217905875061,0.3720305833059026,1
0.49625336659309305,0.663408514771593,0.41635522494940425,0.19821270861237641,0
0.3946513094947985,0.6242549264430687,0.18157254044373156,0.14026042070072325,0
0.35162966676865853,0.4514572844393938,0.11407168921817062,0.458397588917552,0
0.3510336243045383,0.6406285733428309,0.030592031795204574,0.10770864047280763,0
0.6149894084016427,0.7722009240438282,0.5569003148440712,0.3090942596325363,1
0.7404938949257,0.9107628219827322,0.7268257222514898,0.3353238362944351,1
0.618685952115575,0.7558948976212377,0.5658453239377026,0.3549245306182271,0
0.11386771835434359,0.034501253409986624,0.19215067706660913,0.19485944264683763,0
0.24619242212055498,0.07944617926825491,0.2912797140908724,0.595427091295829,0
0.7692527106249002,0.7934046564014724,0.8931972332460494,0.5229560622517461,1
0.7440808195075651,0.8062749754087888,0.7120345197348308,0.6366648794136075,1
0.6100966045830049,0.8393908766230946,0.42163305273761,0.31955625225087286,0
0.7480563161915328,0.8963260926543146,0.5336669443215727,0.6989659328395184,1
0.34559122553480387,0.6005877972426075,0.12922587972937352,0.03264781497344058,0
0.6277089019037918,0.6336461338227528,0.894087368433458,0.21329812231189027,1
0.41306157646548636,0.7059399959740625,0.08624254630176939,0.17109407293962117,0
0.6209620354494539,0.6839278681765976,0.5756486433602083,0.5315175417654633,0
0.6387732419254993,0.8123078362396214,0.6052758832640888,0.25518279413231004,1
0.2641351455480012,0.014556748567817124,0.5513766944436305,0.4572188146550177,0
0.20592299553419469,0.04857587200729796,0.21761400074210516,0.5817542965395709,0
0.7885814461597465,0.9516800097230981,0.6573266272300775,0.5777172656458703,0
0.6668589720253774,0.6614407330151034,0.7912210966218087,0.49386138265641527,1
0.7264043827997165,0.9298656761825366,0.8326087059540008,0.05844466461124038,1
0.42906037506281997,0.5391014583426886,0.36152808776947415,0.255256097803167,0
0.15981291612706944,0.06286029379950397,0.23966617391211906,0.28241458526840857,1
0.6509012628000851,0.7580407350191564,0.835223709620249,0.10656891202216069,1
0.6723810631878591,0.6220839826831922,0.8289379199186295,0.5632884793533705,1
0.0914243966947752,0.1228207209414971,0.01875089466651947,0.12194383912035404,0
0.47692994411930884,0.441094369723247,0.5373640024267696,0.47586779264827217,0
0.6281883931768933,0.8209012481376039,0.5651862828512444,0.2409094212635903,1
0.2869062165333947,0.17720354322927234,0.558171471189322,0.15426501780980964,0
0.4633368154132686,0.6549631720151209,0.3764560026435598,0.11459214306320094,1
0.24726255362310157,0.03392661481735093,0.5800203858455293,0.28146565230383647,0
0.4574602388946986,0.6560221618757962,0.34038244240139787,0.13667212618190555,1
0.21464269861470087,0.33787989555104564,0.03104521403460305,0.18194593314398566,0
0.6279373537404788,0.9197418300228555,0.5359060124425179,0.036473174981478215,1
0.3066132631209356,0.17351804457131134,0.5574943907512737,0.26302961804948916,0
0.7409308989344354,0.8767540370823612,0.6029833302952123,0.6082944065234556,1
0.7348830557757081,0.9042184090919467,0.7041131106370309,0.3576995901931273,1
0.40526314318875467,0.5572836327343229,0.3303857451769317,0.13752801634256864,0
0.3061948776001148,0.36851146915372823,0.3969040671977222,0.014339614319670213,0
0.6245995138313917,0.7569208225332882,0.48198445620543773,0.5077188285155816,0
0.32343618615665587,0.3250877108517105,0.3020422517210347,0.351398276072451,1
0.17930546285437468,0.01590326613225539,0.4582329421395431,0.1694197357319203,1
0.68748931651436,0.9959292276819494,0.5150443755012574,0.17505695011504072,1
0.08443586314995513,0.08061176573537683,0.08584327043575801,0.09188499575769653,0
0.3106052218926961,0.4254693173420374,0.182426863484457,0.21571252088170148,0
0.40502978899771713,0.36302498747648865,0.44614616629606285,0.44836722685326974,1
0.3027315068988561,0.25137276186115803,0.24360052493467707,0.5198248424393699,0
0.31319713729274357,0.24917604063277823,0.33773893995757087,0.4364371749454159,0
0.19220726601475352,0.07758513099131453,0.4733094346665087,0.05710935059571822,0
0.6359322158165265,0.6350836047643074,0.8872851926682248,0.2610242781695268,1
0.33629155097349406,0.34233515531614034,0.2017756014322901,0.5229564644286844,1
0.17339345074661694,0.07524006294411807,0.3650236909273013,0.1313315599818375,0
0.20559933927833035,0.09990987608852003,0.25905522716436863,0.3896391654237988,0
0.30494034498700745,0.18080564808095512,0.4966288749656919,0.32774429228411167,0
0.29430801599910955,0.44309647473482583,0.08337604389165469,0.23873482732100115,0
0.20702529007707546,0.1721106174118864,0.2745004745227963,0.19309919507146675,0
0.6739347332796446,0.8986926859352187,0.37087573596871415,0.5666283476071046,1
0.11154899716455882,0.04224478605861357,0.14225247790875403,0.23875430381312915,0
0.26729970415016086,0.18546774145578332,0.47052583879577553,0.16704040891768276,0
0.40631081500863653,0.40707988449726185,0.29509674646794537,0.5712092440981101,1
0.6828628047249076,0.9123675964123119,0.4249025647827732,0.4960411854195983,1
0.47179633987638164,0.7002648718866848,0.36239749234509583,0.06472328114755245,0
0.8345609905423904,0.9227776897416142,0.806838034728641,0.6556036762649546,1
0.4567978788895998,0.6147882908804697,0.49557816166759894,0.003651424745426035,1
0.6649656869167639,0.9693210761031514,0.39627879763678286,0.3071075478707668,1
0.7672138382529827,0.922326784540249,0.7293775414655508,0.4361859177159649,0
0.3740456001914477,0.4449704535353939,0.44290869681387035,0.09343882189794839,0
0.3358404284493262,0.42214499666142047,0.18244128165600168,0.3501777281090773,0
0.31152727937054964,0.40288985865618454,0.22808960299175843,0.20827734572464932,0
0.38244953161247336,0.537979434917377,0.1816982178001506,0.2947517440686984,1
0.636430955404799,0.7713570583365863,0.7477642881001856,0.1321156990322506,1
0.38113560152598636,0.40498651980384265,0.38061535229209204,0.3222886796821871,0
0.7683652264509768,0.9857130594816432,0.8067335936169173,0.1674430931253999,1
0.7431634883510901,0.7854503019600048,0.725088071227592,0.6645595800140509,1
0.18765405825082218,0.26127898177153447,0.08750013426868099,0.15382263542225327,0
0.1954229251242521,0.04429446746683503,0.3015263574100567,0.414088920839088,0
0.6420078168150374,0.7712679454035494,0.8162577896090903,0.0574825361526782,1
0.6072333946713394,0.9169083348681609,0.42460935106240494,0.10698210959268739,1
0.7588683322551114,0.9996160070022213,0.6251677393160189,0.35755003479597536,1
0.5857694256309075,0.6781946038328016,0.5435666384927819,0.41801066083336036,1
0.7266021530317587,0.7586210891315389,0.830118917773873,0.49127966566913667,1
0.6452954089736781,0.8386905401727716,0.414055415743811,0.5086675708207449,1
0.47947273213192154,0.5206842783235074,0.5777143889051718,0.22908138149308155,0
0.2690225658791357,0.47833862049575715,0.05270249652638794,0.0702125333667036,1
0.3562665140346683,0.3447462142747063,0.3660035399022082,0.3704617246332634,0
0.14236208046604248,0.11623702915847495,0.012132054578152206,0.4030197475667968,0
0.3987482108434464,0.41952735342965275,0.2917171555019052,0.5073469373902426,0
0.1978355377666834,0.18137408272748143,0.18592790900055478,0.25685061851388113,0
0.5613458912851437,0.7767604294980281,0.3074016986695235,0.403725834676363,1
0.35084645961640093,0.4926334482200866,0.0736763101644962,0.41213421228504393,0
0.5044313038531673,0.7543526062496302,0.028722425759178626,0.5931913650029931,0
0.7931927528329715,0.8984271915837461,0.871378078659379,0.41282866721642425,1
0.6473899212854451,0.9823442136755701,0.32004147783802456,0.30102685548126323,1
0.17664514992859287,0.17778211487700457,0.2686936917614657,0.03572992480825436,0
0.2599546613996771,0.30917848060894526,0.2548139503835044,0.1446061799007659,0
0.41760601042145934,0.6201518953154217,0.3272584528672565,0.046762634517857504,1
0.6777176312259017,0.8415778659914507,0.5629069744513282,0.440283029473889,1
0.39337272841895443,0.2380929091020587,0.5407912503611035,0.5604444937979703,0
0.26624089327004125,0.40581469277759724,0.01715531547905209,0.290934761187635,1
0.413580197194675,0.7203543926604338,0.1778388488706167,0.0002567310163653857,0
0.6292269782224316,0.9135296437502854,0.5567365579075483,0.02720594487512172,1
0.6750496494981768,0.7843923298805883,0.5291513303510053,0.6205404272629053,1
0.4566979051664175,0.45212342157390834,0.4749752805073091,0.44071805113635315,0
0.41677168182849156,0.6025347083307411,0.08183834012095337,0.454764128134175,0
0.18909433748022608,0.17613482316084356,0.2095137809401079,0.19086395808885961,0
0.6680114507403314,0.9413612293072664,0.5517951556857007,0.1589614469049399,1
0.44826082722636185,0.6480570945009623,0.0755598025902314,0.5078216959940565,0
0.6702497613734453,0.797227390340549,0.5237389673120686,0.5725718800477511,0
0.23895022129655002,0.1007683103847298,0.5158575263153613,0.16904404104788362,0
0.23420134361965464,0.13410902856955734,0.3903349093963947,0.25023178257978784,0
0.6542301600044247,0.7794918028805002,0.665050047926358,0.32484622093133586,1
0.650514788022093,0.8669587552395189,0.36863733444076535,0.5322210503505194,1
0.6421589542581806,0.820873971423732,0.32511691524410286,0.6709344698654189,1
0.5759777667319762,0.7281588814389232,0.47596409604506673,0.3455454859949731,1
0.3418427229467798,0.320561481879125,0.46961910589374856,0.20338125119546388,0
0.47381601467352596,0.7103108765495946,0.29452862277641917,0.15150994782901456,0
0.45888906252301964,0.7677692457889502,0.06078090289429456,0.28385084380128084,0
0.5001692598219316,0.6464397231606226,0.39458793894728517,0.2928650827871735,1
0.3811405804549416,0.31210589493160995,0.5213933951873054,0.343348072164725,1
0.49528059586809664,0.6109507141788244,0.3174883421024777,0.4727936807397056,0
0.7769137551782916,0.9391347468894619,0.706043177693648,0.4776671421273316,1
0.750464994725418,0.9251621390783044,0.6712859573837611,0.43249068985568784,1
0.5940861418755754,0.9027677990589945,0.3912215446167425,0.12667889480527691,0
0.4963193659198409,0.7372668471038014,0.3130581510682739,0.16884248523729,0
0.6357483435109619,0.8257570721436714,0.6494578409533069,0.14016227576567045,1
0.42558855625425834,0.7018964847592577,0.19399502595492746,0.08220903044075624,1
0.3716697390052375,0.4840156479635802,0.42338106834527944,0.013237972599317471,0
0.6745619140471713,0.940452439904774,0.32452199386300457,0.5348954796794144,1
0.5368745942524785,0.6030028131199999,0.6379536794821858,0.21993541923911372,0
0.6832859972262322,0.6837109390287803,0.7214697439120707,0.6249480226911044,1
0.10411821238365972,0.1353511747008229,0.05293756107201932,0.10280678355821242,0
0.5696691819934048,0.6118429156514452,0.5782227493611309,0.4514044967967144,1
0.7074951266950353,0.6963708465657249,0.8829456749448339,0.4721300046436138,1
0.5338362514240211,0.7467503220554838,0.20644295986034558,0.4926410121908782,0
0.32553048120043293,0.39666913682666927,0.4079270443517672,0.02408899740784065,0
0.765598391477243,0.9260179293632376,0.7255373916463193,0.4246410465086418,1
0.6846697727869483,0.8579492458711448,0.5662743440875999,0.4290642331254795,1
0.27559922282268867,0.3161960825154583,0.2542382098791441,0.2061485930060817,0
0.6952807123521323,0.9698806668879555,0.46376023604987937,0.3560615404659541,1
0.32800125177217937,0.4822961900921377,0.25508792129383223,0.05163390168980442,0
0.8398762023020572,0.971866648367822,0.7931222777392203,0.5800309739819002,1
0.19905194608581026,0.11853155604143284,0.3640224258238168,0.1528972015897441,0
0.7657093126994167,0.8353224993636033,0.7742479610073436,0.5788683735770599,1
0.7536245842035962,0.8425197592770862,0.7300278049063382,0.5667818154657583,0
0.2942538249440108,0.0751497373753324,0.4899379976724275,0.5484877847730818,0
0.4840026222186822,0.6731235081723906,0.3637304690258612,0.19160863712364257,1
0.7198279442979912,0.7518877305926663,0.6961054885918205,0.6752621621205597,1
0.2635255563862582,0.3623986743059942,0.034742458953768304,0.35951740773565294,0
0.5322333476947302,0.6781646068481813,0.5932497103453762,0.07588065583513356,0
0.6036101701359111,0.8839705512570327,0.4436567026515189,0.1426394185596958,1
0.7752682221403855,0.7948181973516627,0.8104403408977829,0.6736351059760964,0
0.15024384390925252,0.045295107100211764,0.13073118490629912,0.44188467443628454,0
0.4096959310306455,0.6391640004284378,0.009642174056136455,0.43610639299792825,0
0.5126570402678751,0.733030012663802,0.37941954835589414,0.1615808471460293,0
0.6052406482472669,0.9231335638825128,0.36304695536926174,0.17379889847615965,1
0.6532377489629915,0.7775771545583905,0.5716505245625143,0.4647700715752098,1
0.38524823714719836,0.29664688139067197,0.38988491344371523,0.5997966120937388,0
0.5419231324461078,0.798625958858875,0.33627814435521897,0.20863354855052302,1
0.548260583132412,0.6647766280998525,0.5511184662219919,0.2526836460794406,0
0.6071905367149785,0.8902803882890142,0.31351130519714804,0.3399847550566346,1
0.4963393262544564,0.7949642088116233,0.12789634732302083,0.30244158825869266,0
0.2617621748434576,0.3190121843518632,0.12580836231219597,0.322567869869336,0
0.20608014880246237,0.06746929866403333,0.5311094781830364,0.0650632800776739,0
0.6225557028951753,0.7561104567089373,0.5012615244767766,0.47061008598836807,1
0.5623054487010636,0.6219096429561745,0.8033296571785729,0.051758650347022636,1
0.33894083620071364,0.579044212394207,0.022452718049985877,0.213414572943072,0
0.2948754278692173,0.4263677001005336,0.022853179697989855,0.37417811954776775,0
0.2975826509094868,0.19461147664618733,0.43308588766808326,0.3517557314298409,0
0.3062120993783984,0.31071453558563,0.1615617668274436,0.5119315076867514,0
0.3010945969735053,0.41905164487485874,0.11635577963087626,0.2833102032340654,0
0.702501643259291,0.9469212162004725,0.4359033491587053,0.4913501520572158,1
0.7528156662450605,0.8506556870789925,0.8335186111888004,0.3871611967446203,1
0.6277267461673669,0.8217142342905712,0.6957542141227312,0.04071682392630953,1
0.6434731853047683,0.9787664913695922,0.4538108055143134,0.08973348982839086,1
0.6512333252460032,0.8032771659112979,0.376974854626266,0.6825114295123721,1
0.29427305275162374,0.47494229035332386,0.10263942368968089,0.13005040234028767,0
0.6198383105240823,0.6757885436337143,0.5356352483474578,0.6062673210149395,1
0.49897478892198155,0.681298264615493,0.4334660866607548,0.14142915308004284,0
0.5848068452890312,0.7083035005271201,0.36578120746113024,0.6046036639356598,1
0.6043178702974671,0.6600518226997029,0.5832338015784051,0.49660909237047063,1
0.5219341042187366,0.727062088322083,0.4285534937600771,0.14918505964836043,1
0.3159513174316695,0.33244966035550816,0.2106763111104355,0.43261796960392385,1
0.6339293116870152,0.8028936710243282,0.4950558978486872,0.41982853410122495,1
0.7317465955538005,0.7565967918122654,0.7709771479729067,0.6107752762789789,1
0.47474799110316634,0.6152590909568969,0.31702719269277896,0.36005143908442105,0
0.2304612760603953,0.13039542302892526,0.3860381125520948,0.24726065390152113,0
0.6587295631824512,0.8480126170846682,0.4236547073506264,0.5381342121746457,1
0.6744691873867148,0.9095757754550625,0.4143118361924417,0.47693874400725544,1
0.6405077720132105,0.7857606505268768,0.3732286798520725,0.6782942139707522,1
0.45578017947575045,0.7991751934061483,0.0018465606093156061,0.2781930729494079,0
0.4371540765449047,0.6875082215541531,0.19074161310422663,0.1808874091828006,0
0.6251336202727156,0.9282023775434416,0.5238088602466404,0.01944886713501326,1
0.13013065717478298,0.007226519860257952,0.2403404443837118,0.27207631964770235,0
0.5921146869790103,0.7583774240438275,0.37284913972936196,0.5053561651914397,0
0.6385553812565725,0.6986900213917885,0.6206513713451076,0.5150747957857298,1
0.26129607757703355,0.2630705477109938,0.10723292235829153,0.48795463507024595,1
0.34747334192262713,0.3470620323965551,0.3243396987677753,0.38320208047008514,0
0.47435667724152136,0.6247247844286862,0.3015471662919517,0.3576506756979639,1
0.5838405808597732,0.7456768071088216,0.6072251600780727,0.14417314640970283,1
0.28954290330569316,0.3231853708505445,0.29704191516664646,0.19418821665213506,0
0.28446244535515,0.42768513676916675,0.036356546592324034,0.29856456496434686,0
0.3344906140939389,0.2549313076407489,0.37077221326793214,0.47896648146592374,0
0.5864777539048817,0.7928747591699045,0.4449925826210553,0.28271299766806446,0
0.5971824152517078,0.7946633323352641,0.5342909938611127,0.19781725462870997,1
0.5430468237951954,0.7352285201855207,0.3197785346035189,0.3974950166068971,0
0.20795591105336428,0.14277552786725087,0.08271388724149464,0.5587699047364523,0
0.4913133127426234,0.7092925623309498,0.43717902632623706,0.0275666183963869,0
0.3585662967113102,0.6219545867027426,0.13481577815221762,0.035721349571367786,0
0.6501173096351719,0.9150359344917357,0.6401575122177281,0.0027604436199278326,1
0.22593204025549574,0.12580826134966802,0.3932512239670274,0.22526271195276745,0
0.47888422426261607,0.6573195357009964,0.39777434747238266,0.15446076085201513,1
0.19081646991153722,0.016455244949606485,0.29668752550718774,0.46791294892288837,0
0.48751936052019956,0.6824828773845539,0.1363851747751075,0.5268118469769516,0
0.4097393126386134,0.5566805989095692,0.3631524558243014,0.11226638218269189,0
0.6386972703499958,0.7135633751456156,0.8515332596214302,0.13227802445379444,1
0.6088632818511421,0.9032350960341495,0.43301828902609396,0.13670123563119602,1
0.5255942806785697,0.8529131252120841,0.3263149700507496,0.00621613528651419,1
0.47415353464335974,0.7291045509529623,0.06557016506182291,0.44965104824165836,0
0.7246876310973525,0.9898361653004424,0.755132516528751,0.016148967442529482,1
0.7352920621970432,0.7501112558773977,0.8074715028615655,0.5899749169993734,1
0.25205483082367836,0.03135167234249048,0.5192097685439581,0.4030803204462286,0
0.6286727786667072,0.8368531299614668,0.3819911820467859,0.47824429535969065,1
0.37399282483391666,0.33808804015691163,0.5095133705778537,0.2604739679105237,0
0.6720409441214074,0.8801060408008996,0.38116915710671395,0.5881858829447169,1
0.6297508225420657,0.6887816158243796,0.5963526636945088,0.5322710776076162,1
0.6092946891105173,0.6145222704417901,0.804204826808135,0.3038605292359086,0
0.680671254903791,0.7896970325701547,0.5023637833735595,0.6755680180332287,1
0.5739518520205509,0.7258799654548532,0.41052462855643923,0.4392724036309627,1
0.4034730942772118,0.47360642454023005,0.34078605826924424,0.3221703226316173,1
0.443250087687934,0.3252957033927681,0.5966562675786747,0.5080267785897378,0
0.7071387712177107,0.9707059955394407,0.40342033593854837,0.503798363332129,1
0.5007721321227045,0.6538742869056442,0.536602404817671,0.06427133612290563,0
0.533703584181338,0.747161736088727,0.302569686379761,0.34675905111523075,1
0.7298017907305175,0.9718291662268886,0.7004573853506776,0.16874996005934942,1
0.5927741416535901,0.873205982579599,0.49619346858017344,0.036565548948692905,1
0.4984336818676965,0.6417000865120005,0.4948539862531407,0.14563721367877017,1
0.6195326893374918,0.7296496858405678,0.578460518515094,0.40584845431339883,1
0.7643165450366443,0.9790142398663969,0.5609304926528738,0.5326513865379183,1
0.5005963149096158,0.6945070309113321,0.42899780545202665,0.12321728909170844,1
0.6479257506736988,0.8441629277733893,0.3346584087568857,0.6272338207996925,1
0.5580782426307975,0.7738252338790761,0.39544305289650133,0.2626635491115451,1
0.5369035370108144,0.6507434991846867,0.6769157555569418,0.04228530375694273,1
0.785889041464832,0.8835778076086471,0.8805312031632337,0.39970388355769093,1
0.5433289145953851,0.7169352908438796,0.3792857815088031,0.3553776736040223,1
0.1846547641161707,0.24334478276969762,0.13389482862970106,0.11406962071205784,0
0.7022708656262886,0.8792758902439654,0.7475666135614889,0.19181468217929648,1
0.4595857095813081,0.5373924047954836,0.5377504335651787,0.1478218855700638,0
0.5393517676150198,0.6945441741534178,0.3774985176614387,0.3941506261993961,1
0.6022280031872677,0.6867176582925779,0.6000406360839676,0.394284916078942,1
0.6192801656142015,0.688052432093238,0.8669724816664335,0.07581102533826273,0
0.6141019099633165,0.6287288562011537,0.7492962002810069,0.37474310889218815,1
0.5954364714373568,0.691391243335861,0.5621936957817398,0.40541370517452163,0
0.30461173090606536,0.3284235980547523,0.3357237244205665,0.19841407276259623,0
0.3382795079759123,0.4916977438532488,0.17382791256890812,0.20141131139307705,0
0.20609474459588603,0.0990929313320101,0.18661448546923068,0.5028196664455589,0
0.16423315627415364,0.001969186739647455,0.29455860614163626,0.37440490530919524,0
0.7103272696981143,0.9549691592546945,0.5788118506166888,0.2959956744288023,1
0.5807787197641088,0.7580938615035577,0.3062388609060843,0.549300653702523,1
0.5973619879157278,0.7090085344972678,0.4411356870521556,0.552585072757236,0
0.6143578826735614,0.8378270435563457,0.4647888855705168,0.2800384761211673,1
0.6733792807759141,0.6558494616716483,0.7704365445844243,0.5716179328238137,1
0.6784755752330625,0.9968988829252996,0.5555952591442153,0.06673778013574075,1
0.1940442404514065,0.3663720461460173,0.006225567517504271,0.044952735615732854,0
0.24552006632741505,0.05600793757319327,0.562457187617237,0.24389470627823662,0
0.5167265678703993,0.6713767047287323,0.4210128079682722,0.2736718655777572,1
0.5639916970064814,0.6248252426160621,0.4308895107366189,0.6115611123873238,1
0.3964246914314836,0.31165050458639004,0.5631380888565939,0.35829006240655203,0
0.3390369856165606,0.5051955657004087,0.014017553764280532,0.4111696831853604,0
0.8159388192235154,0.969338787090325,0.7268435084877436,0.5660818656601491,1
0.7354797372537542,0.6910644587196857,0.83513292110509,0.6970381578119215,1
0.40318401918627533,0.6165212863678549,0.30321420182108255,0.019795577280115693,0
0.8377532204079023,0.9938340166173124,0.689690874124195,0.6696447493099383,1
0.4825490342586801,0.5516783780824017,0.3480413703285226,0.5114871705946122,0
0.7154586903063592,0.7479937471388791,0.7492425117294368,0.5834453160904436,1
0.14036287466934716,0.012122255853822584,0.1232143096191483,0.4866872692834569,0
0.5410550530955711,0.77574002474249,0.48179778037033044,0.04322853306613461,1
0.08833636007032002,0.08068607590688553,0.08092425604208198,0.11858022652126327,0
0.43129991654423316,0.5950517521424016,0.4453241603553576,0.0008839618321254683,1
0.2870092942159793,0.4036842185088161,0.09597880658863442,0.2818677149249047,0
0.22583933177600124,0.33105755219093524,0.18458792846129907,0.024670885710719515,0
0.5366982274182593,0.8073217103380661,0.41806189409952876,0.03809402009683824,1
0.20631572932722309,0.01747113921349852,0.4230208309183761,0.35336955222480504,1
0.6802232056030594,0.949725746116323,0.5241546038834348,0.24056975689933693,1
0.39232865407787215,0.5961486035030953,0.30217317949249706,0.01801199239287696,0
0.21436698137480628,0.338506983184874,0.04796890040667412,0.15361409830183523,0
0.6327482781930669,0.8881836611423799,0.46025476598244774,0.25290008913571277,0
0.6401857850640565,0.7383402111043161,0.5409425722819781,0.5436645391365251,1
0.6634007931818588,0.7319141518206009,0.6894582070581197,0.4530312757706121,1
0.5716772933166077,0.6939688376217954,0.46821815263426664,0.4211371435771499,0
0.6771597901102901,0.8260311642522822,0.8527383016310213,0.041613587474213676,1
0.28118331129671315,0.27537031824221253,0.3345433081640208,0.21567579863200312,0
0.17538352849247496,0.13940793417241357,0.14778239962529796,0.306724207593394,0
0.4741771980030145,0.5834513789819754,0.36209403879379454,0.3691164843694421,0
0.22147096558889318,0.017754360950523296,0.43362774359862866,0.41252731017021466,0
0.49572826674916814,0.6741315954896294,0.176739071418096,0.5282037378946232,0
0.4459087489457171,0.6978249335963833,0.02855715683682096,0.4421456754823956,0
0.6115733734041428,0.736554826952691,0.6798634422387813,0.19668463628081442,1
0.15286666962153103,0.10095900224851206,0.07001436350105557,0.4069142972347916,0
0.3626976808427918,0.3892973423394577,0.3895365941153916,0.2559401571922274,0
0.3529954500421379,0.44952250346931033,0.34757167047574056,0.11981348582380286,0
0.46997692469232893,0.5745355597932823,0.32501883729196374,0.4260174680404933,0
0.4958024194124229,0.5626708544008471,0.4635387241753077,0.3770268747970354,0
0.7549157645223111,0.8998917402884992,0.7742480940266447,0.36347733085034073,1
0.5400252275529949,0.7472929544993484,0.3690165614582199,0.2783689093292737,1
0.20029648044373938,0.18878795733254572,0.18586495549077356,0.2507150756511722,0
0.4294768520333093,0.6479516535826693,0.350101017231939,0.002353600361965158,1
0.6245175816867952,0.7156334326552767,0.7519857693577903,0.20552567275909875,0
0.5468936097860169,0.6476251002600584,0.44369328562453847,0.44986536984313047,0
0.489810912503034,0.661769235208857,0.3873496152613415,0.21360705160101529,0
0.3494528893646885,0.5761740096110803,0.04340155856500487,0.24172708494823425,0
0.3855514667664096,0.5176559942494063,0.37140178280453306,0.07651467400173262,0
0.6421910480886457,0.8487448122617363,0.5376880470529801,0.28256113920941733,1
0.6303870047795033,0.7370854571019824,0.4181798735756862,0.6819515707790311,1
0.6396283004028216,0.6413611870890207,0.7790593144800808,0.4261495625714348,0
0.7483797167817069,0.7846908788738037,0.8306988888627007,0.5341230534299738,1
0.5044573491036459,0.5613527598850777,0.4641691507256189,0.4226511197171071,0
0.4496147161343121,0.5864445213537586,0.22692456554695595,0.4415754289667301,0
0.7303683385193809,0.981959356742323,0.46831452324869366,0.4944715158680561,1
0.8280436402032392,0.995378965532772,0.6490829154842676,0.678146413957864,1
0.45820270318014283,0.5782996435165572,0.49485967579203216,0.10297489342127297,0
0.4935302324308525,0.45522761397346945,0.5528517764044176,0.5003044626139626,0
0.2875925794261443,0.3171051160048607,0.3348003324765955,0.14299960840367634,0
0.40624397557333536,0.48857379237569143,0.19488430130382023,0.517458944971718,0
0.2138007853271262,0.2184501597505528,0.14669150602359066,0.3028412682238631,0
0.31766295168397524,0.4338978306420247,0.06436200910745923,0.4070271681536256,0
0.6667074795682331,0.7890294043628288,0.6605707466098597,0.3701077670193038,0
0.4437613780399044,0.5198026611773253,0.5981436855705081,0.022084708900446337,0
0.48954456438480937,0.7040738621371966,0.34377680469608146,0.171872959536933,1
0.6440568911939644,0.8480450515789362,0.6532600197721309,0.1202817973642852,1
0.6332059829166209,0.7822975269261179,0.5275488152657524,0.4189628743691814,0
0.4199082771654484,0.34884257525295354,0.5689369206828395,0.3740295666705986,1
0.33443000240478726,0.4780589390259503,0.17772648676133254,0.21041293431706173,0
0.3306624082249048,0.3428236938477235,0.1333904938621663,0.5961670657119656,0
0.6531503675557856,0.653876809969339,0.6388970178976578,0.6727142860090941,1
0.6264126700013606,0.7169246173719966,0.8344675718860177,0.08805044874778505,1
0.6481162063494164,0.6372437323434124,0.6591418753782947,0.6587588878211086,1
0.5283040875594813,0.7574521827328113,0.32523986523183657,0.26003018311762344,1
0.15614005879666454,0.26342719832237665,0.01822089666344968,0.09480095318220645,0
0.5955245898043238,0.8588287192573301,0.4189027377734614,0.20219704421810136,1
0.4990018580687524,0.623794676873336,0.4415353525092245,0.27321956939658565,1
0.7590157828608095,0.8904720513535604,0.7211290322487549,0.48720523754701395,1
0.3955797434074518,0.5022064025573086,0.24083707477048077,0.36112709848826613,0
0.2511218033255766,0.18768183929039495,0.5170515809102183,0.010827047036568227,0
0.7564258597101351,0.9742427145878966,0.7826107616167506,0.17260636965580847,1
0.7031849781408979,0.8761982204871253,0.7227831113580927,0.2412546724495372,1
0.3781036887761678,0.5032257051947138,0.389368138413869,0.04840197327325106,0
0.6115505441919362,0.8168316139802877,0.6615843913954711,0.023297098915755564,0
0.23665868854828775,0.19425533981814952,0.15468573273170202,0.4656264940985118,0
0.5733143399338058,0.6725993638386096,0.5132186593921426,0.4152453009842908,1
0.6792396585748766,0.865163885684038,0.5387703397621648,0.42513306902104075,1
0.633907676767275,0.8250672055327732,0.32401875767955834,0.6208422334851041,1
0.6343012495339179,0.8217666208159734,0.3186934864960022,0.6390494658856525,1
0.6804669676380347,0.6950142688209036,0.8231939182343313,0.4300082887864175,1
0.1979342890196812,0.06956158825930646,0.19426086302667991,0.5243761799101199,0
0.6478516940266206,0.6170207270587106,0.8016157221466362,0.49428306926637244,1
0.5957956344743386,0.6926318770580949,0.4669343547906455,0.5469969475404872,0
0.5684707447669343,0.6512210442191148,0.5291252473012942,0.4206132423349431,0
0.5921052545815373,0.6163787841142879,0.6073118521799666,0.5086115343520169,1
0.2148260520173472,0.2432573750015563,0.2434511560333732,0.10081008853278552,0
0.6178995779144485,0.610872853399034,0.7726516313195761,0.4033383090952938,0
0.7664427735912451,0.9743496408044322,0.6371267009358064,0.44064971454143576,0
0.18501095919445948,0.07109702874673669,0.3925802044818505,0.15844191738268001,1
0.7102689575098927,0.9491648065548337,0.7512829633973543,0.05150832606634807,1
0.6217025829891232,0.7608191192628277,0.42175186983692015,0.5738373120331665,1
0.7824448571073427,0.934880619735039,0.8437088194488684,0.30945950702581343,1
0.6527439633528135,0.6938813956207583,0.7579294523832925,0.39212214913723276,1
0.633651877056392,0.9490126996593993,0.5291931353991486,0.00193793303473897,1
0.5414579398821312,0.6114852453442786,0.5417030201622075,0.36602205580664815,0
0.6858076754597441,0.6017454486058861,0.8533998949891837,0.6445749133002296,1
0.6928924347512977,0.8213725479547934,0.6323174887837448,0.4625545706938878,1
0.7067364789184941,0.8675790635966318,0.47672961227399546,0.6496403171898978,1
0.5987144694277651,0.8019165931613992,0.4143856539635955,0.3672023832899339,1
0.7340780781575073,0.9322815754983725,0.5089177308929178,0.5763098557022281,1
0.767065516442665,0.7434691166111644,0.8745554605165031,0.6648215999106585,1
0.4845966460809175,0.5166663034143496,0.5921098153212585,0.24315274888682603,1
0.3020619902004095,0.32524786784810833,0.2842197160778254,0.2708607072650387,1
0.4962853008774104,0.7889407902765473,0.23811144074692864,0.15190736757529083,0
0.5872795563085677,0.6284977909466364,0.8447671479265544,0.09800258228641534,1
0.5424770770109003,0.6793531853126112,0.5316201201715749,0.21657224151561144,1
0.5793808184582259,0.608459206534576,0.7541618015655356,0.24451337360638617,1
0.7191689397665093,0.9208239147942897,0.4590127834833718,0.6052657366217646,1
0.3488904090524567,0.5541000371047724,0.2345252701486602,0.007414047277362301,0
0.6598879665483505,0.6455629019276088,0.8033361115847111,0.4805284105456637,1
0.6127666264493095,0.8478858404858496,0.4276749552249065,0.302606098194563,1
0.2768183759333526,0.14522590367318716,0.3617010998065355,0.47847547077399205,0
0.16560693400269963,0.17877728082317346,0.25002676224514553,0.006051324587846141,0
0.12666667028403986,0.017051124347952574,0.3867482020866635,0.010583237420322588,1
0.27969333082042735,0.465661685179219,0.03590788964271885,0.18045060669001106,0
0.1789734472851593,0.21298909488183515,0.20900387018344427,0.04888869394604223,0
0.2563224284381143,0.30935560246336946,0.0802303340859324,0.38787763490324934,0
0.6387663779179783,0.7779751044108025,0.5356511359327221,0.4454174246638021,1
0.5345959595539209,0.7507875510439439,0.4572169385509017,0.11018551233339226,0
0.37049135638167385,0.1974678099031622,0.5721480612045512,0.5005651653436372,0
0.8044843688532646,0.8452437675976558,0.8712301325800225,0.6024672264021499,1
0.6202206903720963,0.6175215063148914,0.6977529066192526,0.5106703261443739,1
0.5306501763379716,0.7139230354599557,0.5719916213868041,0.010455860959762708,1
0.518900272044115,0.6555405547003319,0.30285092697748833,0.501373583003513,0
0.2801926755505227,0.03119160922338553,0.5727381073353907,0.46387719369106356,0
0.709529677528326,0.7419207676550396,0.7145320778587712,0.6210483517158745,0
0.17296744395865302,0.09190727253508282,0.1070554390789906,0.47448587983707213,0
0.6439772046846282,0.7723539589643411,0.632442658134809,0.34033713881007444,1
0.7326968906597296,0.8350578288710848,0.8451706635090073,0.3080838858574254,1
0.33418117624463306,0.5650712023606184,0.006444305156967611,0.24856141758616812,0
0.36687987950988743,0.5208800133609784,0.12729069381513106,0.34126332342429466,0
0.34980644854185927,0.31413106822530734,0.423008700386926,0.3291915215656392,0
0.6128919587455856,0.929104645308332,0.32580195044403065,0.2529952547910517,1
0.23178358788651898,0.23864233833564033,0.06798936354169745,0.4603280482809479,1
0.5247583041232821,0.5227923751584672,0.49635709469034994,0.5722749406847172,0
0.6701054491500671,0.6700722271424014,0.8491474656182283,0.40162547946698923,1
0.622318936803676,0.8740858477464531,0.515407699286279,0.15326851572282882,1
0.29084936627310476,0.1538403423595235,0.5012807065358281,0.31772491566297273,1
0.7082122095751262,0.8593792682350585,0.5214856093096611,0.610384463323493,1
0.32464418176688215,0.20424677998083507,0.5756581912581099,0.24911667199515822,0
0.6892929045070344,0.6681276352447315,0.8238185483301743,0.5404176119280818,1
0.6168137068365507,0.6630446594499998,0.654322445151434,0.44497321783060334,1
0.4309626532724241,0.4785136977026194,0.24361246876205758,0.5931103189624854,1
0.14711192837209744,0.06793328310925598,0.23241504159287463,0.2171038716980353,0
0.5745993145095372,0.6401582582599237,0.41271643520251317,0.6535262740941068,1
0.36562414908662133,0.25492300779002497,0.5451103097106372,0.37314776139208844,0
0.3404363355964424,0.4906300859930645,0.13398423882089397,0.2746301047682094,0
0.22131739173623396,0.1995027799358831,0.09010225112825088,0.47267663214908573,0
0.6554583738300183,0.9977076716653132,0.49581480767554553,0.03930047847349013,1
0.6517828939104116,0.7312284570243764,0.8434369383785132,0.16568791942334676,1
0.5181184791125,0.7729350054225065,0.16669372686884634,0.408214291702964,0
0.37957616025329366,0.291994117654678,0.5716532573121567,0.3104156211615382,0
0.23713700199556456,0.10974656752348172,0.535315892403981,0.10834475256314702,0
0.6762990334637591,0.9342052149723977,0.38283703737114283,0.471726573831087,1
0.588389033057245,0.7243846039683065,0.6304553353219162,0.1853006523825848,1
0.7276758096222902,0.9408716780029802,0.4642132313751508,0.5898800060412739,1
0.31022428753310016,0.3662547310452099,0.3177064589580974,0.1589249216153299,1
0.3147699160651132,0.19496882174026578,0.3922097160878681,0.4981129518430992,1
0.6991540168025036,0.7974688305082583,0.5942390503557802,0.6107394322082014,1
0.5899963003951557,0.7605282081029524,0.4846873418164288,0.32162996899375446,0
0.7388035408236769,0.9338830657307744,0.5602409842124892,0.5189485634727148,0
0.46927278449229304,0.5685433143183012,0.4655257738254833,0.22671697592748732,0
0.3200021605756363,0.3658638395514693,0.42853963461004035,0.04254175208444757,0
0.359247351520505,0.2850315346553948,0.506600418725077,0.32375729287642246,1
0.651418094588688,0.7159336455397967,0.844357074509297,0.200720747330003,1
0.7729028351954209,0.950039958824589,0.7230974562935789,0.40476809447526335,1
0.6787260370341609,0.619647057500016,0.7871256663524357,0.663824041892111,1
0.29439486224798905,0.30506643299010155,0.08502171243216929,0.5817756601164374,0
0.533369319205077,0.7995820912230351,0.23884170877659683,0.30962880480290217,0
0.5888007043635538,0.6550225389972845,0.6532722189362945,0.3265388459201164,1
0.5061366556402848,0.68352625281624,0.49545946878333763,0.0786784429858174,0
0.7486871338977148,0.8339010811219747,0.8158260388093237,0.43494390846965164,1
0.45901587069452476,0.5360461312237481,0.3926871055163106,0.3659333671387875,0
0.8832663275230418,0.9919914159560633,0.889803299445713,0.6016481485564812,1
0.6623019578039941,0.955195531442232,0.4420104021585938,0.26050535717650053,1
0.36584852568515885,0.6815516837839319,0.06876616310764232,0.022214174304501077,0
0.2508914108765454,0.2786567361337636,0.13475868295482415,0.3556771896160816,0
0.3015469407801357,0.4372747487477215,0.12752845503069946,0.22325514948532574,0
0.3268101006366783,0.33936818467377505,0.47087503086861493,0.07931749519603155,0
0.5780835046081994,0.6442353643984442,0.46387992756400415,0.5840092206988801,1
0.6157272853106845,0.7793009418214976,0.3302075077418811,0.635072810386857,1
0.2382520552757208,0.2794944840762854,0.14930352050384751,0.26856878543211926,0
0.7582688983792274,0.9770273601257351,0.5069710990920395,0.5883194429437402,1
0.6503310408057977,0.890797845714753,0.5705548483895968,0.1688283171577108,1
0.8143162187242077,0.9715720068505437,0.7236784528381892,0.5571333972373956,1
0.2675998498187735,0.5053768443982937,0.010134512061237921,0.059355370006276637,1
0.5411592931185252,0.6180692467957706,0.40793187882151666,0.5487255303709241,1
0.7341244835995899,0.8259802445889768,0.6935718660748116,0.5653140074132897,1
0.5878949380893019,0.7264529707108023,0.5062589566480195,0.363953828697475,1
0.3128822630672085,0.2582215575853765,0.5908008556575035,0.03265613788634598,0
0.25524286623646875,0.412794297008219,0.016184291120348936,0.21995215198127274,0
0.7122152455116171,0.8733033430635251,0.8544747893905293,0.09610568581347911,1
0.709305352562971,0.8603249060176139,0.5169419579055806,0.6203015609124491,1
0.23820623117334508,0.09966533191726273,0.5207505688135052,0.16074197285331074,0
0.7988717608897327,0.9997560146058108,0.7507050841031568,0.36891114177940093,1
0.6612875912602302,0.766755747437954,0.7788237007632113,0.22131303656144888,0
0.3759050439241162,0.33223796849911613,0.38453382939579167,0.4721295542791035,0
0.7712765174570866,0.9546230248687477,0.8498599487573439,0.19503510197754775,1
0.5539877793095661,0.6602393148972013,0.5899574892530502,0.2344043754252518,0
0.6468763933110375,0.7679242244223143,0.5705239638601375,0.4587854597091956,1
0.663495737228253,0.7540357984401413,0.6321085109921722,0.48422642355265344,1
0.7265597687676857,0.8759047393776348,0.5274282424991441,0.6518946316456254,1
0.4591154703104946,0.523125607751882,0.38674638114048077,0.40764376046204703,0
0.6147928638118356,0.7955593205882683,0.49690676676328305,0.3397058674435827,1
0.6331433488876537,0.8296222023127285,0.6315275321701912,0.14436994040116025,1
0.5285202939182186,0.6080577885986409,0.43369189413832543,0.4719191568870027,1
0.6840899937985383,0.884563739083897,0.7903633315669667,0.023495623932498842,1
0.5009732201137285,0.7210476491794626,0.2787261121770004,0.2841578093544855,0
0.6170061874999652,0.9513888621583951,0.39691315906218755,0.11118904351055661,1
0.6545386310689334,0.9364814824859826,0.36648263701958356,0.38176549360033524,1
0.781666917190986,0.9218184025271788,0.6435731229679176,0.6384288951851067,1
0.3442732568063788,0.3418159382398811,0.3116402341031146,0.39936608727751943,0
0.5488501555535268,0.6681364774634075,0.4967285524678703,0.32881675540730954,1
0.29840977373769,0.3521939733686987,0.32382834368317426,0.12582141974194186,0
0.5056791153640695,0.5655407720904739,0.5754633795114976,0.25134857732691657,0
0.32299972480750416,0.5008879728185333,0.0437136060772799,0.29720828287526774,0
0.7877009169598274,0.9990701789479289,0.8327739496174811,0.19166821300309256,1
0.6280734992640754,0.8016877422151074,0.4975162026391404,0.38987383682389803,1
0.36756468778939533,0.6250124519699525,0.17769477973220596,0.008750139423786552,0
0.1704786584761071,0.013878255338137892,0.5409233450524881,0.006312636456458653,0
0.2524679144441791,0.29559974404026973,0.32274121365300557,0.03922839164071285,0
0.13556012663673503,0.11806865833397691,0.16074224374831222,0.14151562172626456,0
0.5325573788116715,0.7336520162006184,0.3685578049520761,0.27582014612869776,1
0.34146114702380015,0.28300143367426367,0.4755781960968972,0.2864348567879959,0
0.7145805932872549,0.9996418921896955,0.3980575728821019,0.4767118766388826,1
0.3170290053388853,0.1912694543481681,0.5714832890297311,0.2497464572794095,0
0.40191877269503345,0.4471654726977839,0.40086175004135144,0.29038755666868027,0
0.20633504759037125,0.0005187065299644189,0.5947308640165322,0.13828217560214687,0
0.4195440037782151,0.5274784759174709,0.19716260059135127,0.4832799282103715,0
0.5835305968160077,0.8710634694451429,0.33697439902656723,0.23453271192733038,1
0.3898123639816826,0.506629478499892,0.13773457913763343,0.4758862549522327,0
0.6467072084825772,0.9136323793365632,0.32696484210552423,0.45900783091319175,1
0.5772857379967111,0.7295605050877154,0.3165985085437872,0.5876296644485863,1
0.6301990618743716,0.9312791409957344,0.5466918827397632,0.0027596327728772073,1
0.6368846898024814,0.8607724102319896,0.5041549271356034,0.2762600327290277,1
0.2425104005059449,0.2624315856526826,0.3105449616917923,0.09065559586032979,0
0.2139697492939105,0.24111520869041075,0.2565884954790289,0.08217798152498228,0
0.5827403302502876,0.7560250360626117,0.4728492437613846,0.3143651954528314,1
0.4735387593049329,0.513090220174256,0.41747725192625035,0.4587523681996489,0
0.8019871570706456,0.953411934569483,0.711628502788529,0.5589631947467274,1
0.629469725149271,0.7898120356751563,0.3845924042379963,0.5959299302014698,0
0.17251807947658065,0.2694171933202886,0.036450431917981294,0.13437176620520994,0
0.4656632415072061,0.674071737981427,0.4162755676634476,0.018723511087291575,1
0.5383618937105045,0.6723706608923472,0.3009785085779189,0.5594150534547757,1
0.6382933072905456,0.9908770919657429,0.3933274799623607,0.12428258659482924,1
0.6963388626060166,0.8515792068651109,0.5767894510386178,0.4875621193093791,1
0.7286467227056227,0.9308032058431998,0.8111973656516869,0.09942955044258395,1
0.4068325869824603,0.7053809664077285,0.09964378037213635,0.12124484833477542,0
0.5657032600916664,0.618385299736056,0.4015801692116704,0.6801827973006861,1
0.531565846479954,0.6194793889255404,0.6891073790430828,0.07546969152129417,0
0.7627733220991277,0.7517856318907716,0.8608542906274674,0.6431210948275082,1
0.5338415218749935,0.6580851977836389,0.370707852496116,0.4679328361716958,0
0.37937318297325623,0.3613991181222795,0.5333899716484094,0.19328316208796842,0
0.6174994933834431,0.9397635371692292,0.3828628427212492,0.16379435991226862,1
0.5590147769679118,0.7242177179483114,0.5791242875455092,0.1158431586505171,0
0.5542228482485916,0.8867560756635982,0.3572900471755305,0.018288981320666507,1
0.6563525259616233,0.9697121534716243,0.4184378463801696,0.2298254765588013,1
0.5114522484497608,0.7758112197634967,0.06659481946506622,0.5178409636424627,0
0.6367771921983454,0.8010048197340585,0.7191282683530271,0.10268150912704027,1
0.6434721817754981,0.7136205242106062,0.6696523451647034,0.4288310806039202,1
0.536559120680634,0.8004179100413454,0.4068804862450418,0.0714300989322439,1
0.4345041903531134,0.624252296875762,0.4063602465701689,0.002349839720908853,1
0.6713795891989445,0.8712046216687184,0.5150380405834809,0.4063293309477049,1
0.5125690881761227,0.5612763049664115,0.45620486089960904,0.47534738711517144,1
0.7692027325666388,0.9699849890827782,0.6912290899229201,0.3842075552418688,0
0.23559877413463196,0.09699980516604079,0.478850248252297,0.2172189853796123,0
0.6917290086501606,0.9070029663923593,0.42109109613782714,0.5595009830631641,1
0.6677387982943233,0.7755513759008209,0.5142693575379711,0.6284115154126073,1
0.3852421362270191,0.41218854521909454,0.5351636436721512,0.09299385257913233,0
0.5932249932341758,0.6827254110056127,0.39224116769330514,0.6709496871168894,1
0.35938868208216884,0.4917333608059391,0.33395055997613693,0.06668416843179133,0
0.5875820848008392,0.8049156170819783,0.5361399127878448,0.1214115121174828,1
0.3881479552346312,0.33624375990304645,0.5185245553478498,0.32234354339376514,0
0.5165016691838366,0.7818774379589527,0.07044997769044349,0.5221397844861358,0
0.5751475676700147,0.7792829313027486,0.5980426684308386,0.030466507446943843,1
0.2845974586410965,0.2464752392045785,0.19826574099901553,0.5094005836955129,0
0.3566012448546802,0.6370228457661313,0.0400236242158738,0.130413673534262,0
0.727234691765186,0.7286336411477805,0.8433282290612754,0.5495970123645656,1
0.6362400721301573,0.8331913048262243,0.7102276277741062,0.03288065692406694,1
0.745685450956952,0.9172019915838522,0.8893384977393828,0.10141452921605573,1
0.27029958656646913,0.13579643812544556,0.33720432652158033,0.5062003477363615,0
0.5152418988474423,0.7363611076726487,0.13938180250279744,0.5262340213013933,0
0.6562512604977019,0.9216498104729051,0.3680909598610271,0.4249953365147063,1
0.7154980705206371,0.9091749552541136,0.4653992602722997,0.6064540740594513,1
0.5383013808454833,0.7948000968022721,0.33804140385645115,0.1974445564370595,1
0.5954473475158216,0.8868227865762178,0.49934670924125274,0.01115970727668425,1
0.20142514278033294,0.16364456222860496,0.2560988707413423,0.21386600221813887,0
0.8474514625482699,0.971665052908428,0.8980002228852104,0.46109434614246386,1
0.3510490610739537,0.15813424964937595,0.5575254498020755,0.5236215065432156,1
0.37406101233359684,0.30851312942810855,0.33747859892551024,0.5928043397094476,0
0.5347779817024301,0.6063222221760535,0.3936991341229591,0.5675356518875777,1
0.6030660436888912,0.7483689135449755,0.44932783688872735,0.47041617924892637,1
0.3628484230795,0.5581186160908446,0.06049384767231442,0.3282048036619169,0
0.6325774029614643,0.9442933447459478,0.3219809650821269,0.31918220531926106,1
0.31052645940614726,0.45588840107327755,0.2139731770920137,0.09195152870952177,0
0.5198872731224454,0.5465004779048502,0.5975701586811389,0.3368299328283928,0
0.2609588597151816,0.09442635209792805,0.5255344758726983,0.28042670452204055,0
0.6135505045916998,0.7764309718469137,0.6756613870855264,0.11318301271292516,1
0.7651341029099176,0.8364575264443885,0.8174870201900872,0.5082961681534859,1
0.7275702380115587,0.7879861576497468,0.6677240933877124,0.6662996558518581,1
0.5637055561546862,0.7952075723215304,0.4828068852059919,0.10629852216061741,0
0.28863941845853924,0.2671941135033376,0.48251966166069377,0.05143231604331173,0
0.6653104225637958,0.7396016902221803,0.6243597428800447,0.5410082729434613,1
0.09920235577108516,0.1467728537840098,0.045430175844606735,0.060934380628491165,0
0.4656623249399287,0.6049210743554411,0.5156034203780333,0.042603808243990876,1
0.6466001851764815,0.7594210026806163,0.8887573504463933,0.0013123935112770101,1
0.21240226735202777,0.07720038633103421,0.2939738698035631,0.4280495662272088,0
0.5158062861737363,0.5605817293907216,0.5431761508025742,0.36281288118801597,0
0.19899455701712304,0.11252531041618924,0.40769963133024895,0.1021100620497686,1
0.3726717890678408,0.2586316312336096,0.4630778146057068,0.5221631453466199,0
0.3884296009884819,0.40076173390821124,0.5251638529664499,0.15249789072220657,0
0.4947394256473081,0.6711953078345174,0.34075276083704514,0.2845797173946793,0
0.6630189088685058,0.9426192094298232,0.35086484566334686,0.43224925227295036,0
0.6166006860413495,0.6360005564180359,0.8590943890637703,0.2043604555660026,1
0.6857669428657035,0.9193793379312231,0.5866745440910294,0.2503745533639156,1
0.405638188880214,0.44508388474210553,0.5993546269350449,0.016449292143238915,0
0.5699065131857384,0.6361435506805672,0.7884786964593766,0.07645564453820934,1
0.6446657997654625,0.8011981012950407,0.488446150397743,0.48766451999309623,1
0.6159808004275282,0.8350077970223362,0.5142103794003611,0.22106894048125905,1
0.5499851260217792,0.6556020314049061,0.6955715168516103,0.06756327631921534,1
0.8269616792942543,0.9833716723603889,0.7345150210495061,0.5746066839960399,1
0.7196248365727439,0.729762265656642,0.7341209303379292,0.6725371232152203,1
0.2929977403369093,0.025814505999084327,0.5686487905478717,0.5474792508650281,0
0.6166360369926316,0.6769256161102757,0.4830388898768349,0.6663078098722163,1
0.23969660279917288,0.14837822310576287,0.44096335220879734,0.16609242791826107,0
0.5694823315368556,0.6940388467522638,0.7362094447610228,0.008000373662084415,1
0.17436449673264384,0.04464543148910121,0.48254116289391435,0.036397160599594726,0
0.2516400661449178,0.38433776704960493,0.11651246854676256,0.12258721028043279,0
0.5967961284368563,0.7662733636585717,0.6461846922466192,0.09902019466792336,0
0.2780511214887632,0.017683279776052798,0.5997159328991046,0.4464735086550273,0
0.5766514128851947,0.8671396635391946,0.4353140749698509,0.06243679312321077,1
0.691312196412623,0.9709841834016106,0.4412712102083285,0.3671937082465958,1
0.6143767455144674,0.9308693698082746,0.44715950586557984,0.07397104425328073,0
0.6023095080419939,0.7146975603916872,0.5137818508609863,0.4541308629392721,1
0.5436740627271089,0.7288136326124208,0.4592199296601479,0.20750633761427117,1
0.2780892228054269,0.3473155554849364,0.34788167610333404,0.0003347111597922447,0
0.27842779853295085,0.22157480397795865,0.1899537161214688,0.5532714085376544,0
0.4867836464356909,0.7671513097325992,0.01799537040126844,0.48904690224505387,0
0.6244757440825189,0.7058390421384633,0.6587703078718541,0.3696256532586558,1
0.670595592758729,0.8624190420244713,0.7610115035102885,0.05541310346703446,1
0.39108802139483295,0.58487973879233,0.1986632292098201,0.19524591617860962,0
0.5203140114061829,0.7651942805649177,0.31677279972399164,0.21342515603263312,0
0.6507195895755434,0.6346845934572797,0.7529712792491874,0.5374295453607368,1
0.5955436780589151,0.7656104375156946,0.3100955635516948,0.5985489511777965,0
0.5492002456280395,0.7270542537454247,0.46453789343422247,0.23155875362530212,1
0.5097244964268242,0.6389194499555361,0.3572866538348307,0.4153938764930348,0
0.7508134829994703,0.999531444381922,0.7924676262247,0.06653736470549623,1
0.69141523601281,0.9438244533675593,0.6005212377160614,0.19673319007105938,1
0.5928845754605825,0.6399727235889454,0.5243117428820943,0.5780234540074077,1
0.7529917124564661,0.980511979042647,0.5426686454351355,0.49967564652301,1
0.721782449415199,0.904005988697614,0.4505457773249474,0.6730786093445391,1
0.6070278549632686,0.7095393457440947,0.7260914627315955,0.17215371635871282,1
0.08508196808658633,0.03403376797238531,0.08707207919838279,0.2097173017043942,0
0.41137652168796274,0.5734221348312406,0.24757875902198034,0.2519591328287415,0
0.21280349033556537,0.1072860772063299,0.38922403621362267,0.21196620434156807,0
0.20454831927345546,0.31488678861376773,0.058022173409800266,0.14849136471815744,0
0.4096250926102465,0.30453901170705244,0.5601234931204252,0.4465926941029635,0
0.5476698387152853,0.7234485625750726,0.4809746410629235,0.20826582554436002,0
0.3749688840542531,0.7300052600438283,0.02080648977222712,0.01862153550335428,0
0.2343689036777791,0.30553317984775935,0.12247528774211693,0.2242986371563217,0
0.6284377909295036,0.7369614707242514,0.8516381546206462,0.022328045905920246,1
0.3558822666357588,0.36879149971382424,0.5009877179402443,0.10595100698386688,0
0.517958093353197,0.6140363063691232,0.661907417946954,0.061838573922746005,1
0.29844037696781855,0.23057177366758153,0.40858001890584017,0.3029024223113788,0
0.6285170754980973,0.9032084332601228,0.4209335566028043,0.253163959435973,1
0.3668908188760927,0.4864610848879397,0.16052175025134915,0.3775187567835905,1
0.07807135934881804,0.027233424952114407,0.10803414073400937,0.16022202326279017,0
0.7737926218290178,0.9858324817745245,0.7614205366227698,0.26225109977462296,1
0.5952716871500385,0.7326997249836892,0.7465642303893498,0.024762777706945037,1
0.3569692352909137,0.5002953827698552,0.10193573944683496,0.381204110359678,0
0.059584224549529344,0.028788568680398897,0.10418818492146538,0.06966742366445142,0
0.6532705043757081,0.969095638330067,0.5063449172789527,0.08409605013494417,1
0.3793282706063201,0.5256894664824389,0.18073411846386514,0.3113165091297053,0
0.7890698145505086,0.9442279677177504,0.7967544882939435,0.3896474210172516,0
0.2213109118274435,0.08723856893726484,0.46956060765907787,0.1841172253054386,0
0.5701266704917021,0.6837709125837715,0.6607308798361039,0.15010975124492573,1
0.49514030875195036,0.7576427930372475,0.36543258388945876,0.03344568533244493,1
0.29928443666108695,0.27761403750601404,0.3268784790154672,0.312069371017199,0
0.508732739783034,0.6473530840578243,0.3593086266201134,0.386318048840439,1
0.557368287127481,0.6691977780766375,0.48019180147380947,0.3935592882350967,0
0.4717889952008399,0.719001452854893,0.2505829784667483,0.1855668761668444,0
0.270374036845637,0.12541096923636347,0.4944223192612839,0.2967092822453503,0
0.7046199316464052,0.9795372428023137,0.4047314301451628,0.467159406008498,1
0.5492647670325915,0.8076904417153185,0.43269685152438275,0.07805245358808742,1
0.5970608484704638,0.6903113746318841,0.8379374039521847,0.0026196998443315245,1
0.30025811122551527,0.35581114994610213,0.06905361863921493,0.5081822533034986,0
0.8294880419667197,0.9761405650152722,0.8656744584765974,0.40857710958052146,1
0.7646298850119781,0.8252043040345436,0.7781350433044733,0.5929361000168217,1
0.6838496621695274,0.6721414886537932,0.8712434276003984,0.4320294478125565,0
0.07115313963841964,0.06122112776164928,0.1296640802235119,0.008216758452707173,0
0.704354411080391,0.7982026226514474,0.8276607875722011,0.28477431741503545,1
0.641959733218952,0.6617157968270191,0.5880185996557302,0.6734812745436167,1
0.44131918942625153,0.7483403307532667,0.003226733265373105,0.3309050203500312,0
0.5976751281425755,0.9748250899518806,0.3279881425551676,0.059330702000424736,0
0.6599531378670349,0.8526514168685271,0.5800239660492552,0.29810119808997365,0
0.3157384664553072,0.5765914477177636,0.02391452648532606,0.10134192325413771,0
0.5223927451785704,0.6625866369585407,0.3936252145730626,0.3650593116369059,0
0.6032170655814199,0.6189496080021927,0.8531786005219255,0.18894340711872948,1
0.7026851954704298,0.9505579003003517,0.6867696180741955,0.10687679948997644,1
0.542560715679568,0.5304111255478796,0.5616452918938247,0.5443078266874041,0
0.680434842597907,0.828493060697109,0.8379641472884605,0.0739953403140714,1
0.6348206349068914,0.7681527086021108,0.47130539501424973,0.5467633105078057,0
0.5617120572629465,0.7411725221774443,0.42185654249077115,0.3228441671349647,0
0.6815819166659491,0.8193093271432754,0.5599143333815434,0.5197647653992419,1
0.40208185576573047,0.5159925751207962,0.12805001667181695,0.5283528160189364,0
0.33146898297799704,0.5136095562484474,1.1543709947270386e-05,0.3733037087039459,0
0.5326224390924199,0.7418103872519474,0.41603121589593356,0.1845394034883308,1
0.7927556514440611,0.9349533913221701,0.7664356387725768,0.47674132075601516,1
0.6390382478292937,0.7508823931532016,0.807274739229257,0.1070731474195794,1
0.568508876523834,0.655117414371122,0.7007543220351218,0.15361936363868245,1
0.4672091059889076,0.6366894716236027,0.4444457721145164,0.07765319271375672,1
0.3721703593939968,0.4584801380693708,0.340503079747524,0.20389683217527085,0
0.6602146239237506,0.9224763861778901,0.3298432593126411,0.5001172652050662,1
0.23988659600826265,0.3751481171826487,0.02398920124742827,0.2255788852135491,1
0.5232176473836946,0.6643495557187717,0.3599009599239247,0.4153629077356567,0
0.17000127587423763,0.25035124753610305,0.017503457038075675,0.1978730749738171,0
0.7497725719832034,0.801810494808892,0.8140420106620656,0.5232736069006881,1
0.4334637992366138,0.3888900004442274,0.5351426345760103,0.392380043208485,0
0.6340134391722259,0.8699251009623479,0.3574571111159005,0.4590687767814086,1
0.6436457495554316,0.7059228709286318,0.6918381505918432,0.41566434456781376,1
0.5417144436031677,0.6602402377349056,0.6951426974076625,0.015257577567080504,1
0.8487550449144785,0.9377915493148746,0.8258068016385105,0.6605861488274403,1
0.6794604967607502,0.9902944097558642,0.3551088096480177,0.3889032449420636,1
0.7650972787622377,0.8819493871888475,0.8670993104758409,0.319963960125308,1
0.506234718493249,0.6624375535717477,0.4091447417009658,0.26136259598542705,0
0.5183667491077829,0.6821561190689627,0.4208739373484065,0.2551325418438981,1
0.39191678213364906,0.358406735457111,0.5179991036990207,0.286568416476937,0
0.32612958245125345,0.2527694562236253,0.36593557593455966,0.4498209077953646,0
0.5628249601079772,0.6434346191286212,0.7683080037457637,0.05307624709968778,1
0.5921409849602463,0.693092858670475,0.38970285144697503,0.6434185009545811,1
0.2956099524717181,0.2358094383407619,0.24617478088206435,0.5192639951835892,0
0.6476648225204742,0.7276625978432281,0.6904679013444857,0.3834657659775723,0
0.4090798548875264,0.4401073365579259,0.5988607865793402,0.046839753173807085,0
0.4740261796632238,0.43654912216615377,0.5361724739065229,0.4744993820409505,0
0.4955127605826316,0.686222809887354,0.15984483532623406,0.5222395252054222,0
0.18755812178995276,0.04666284972086743,0.5200359556399349,0.04107955118769295,1
0.6146838768754057,0.769462048220242,0.49944908034467017,0.4005906433094183,1
0.4624856280155603,0.5858744237086125,0.3207273390681753,0.36665107220400717,0
0.5846142835730217,0.6906108349100233,0.49043537690460404,0.4608912652331443,0
0.7082999459886531,0.9147565525800111,0.6273845244085334,0.31353156188043757,1
0.43939600335668255,0.4909559453160151,0.5917470659103578,0.08196955462783855,0
0.16048829473022283,0.08238376474866636,0.017415835967590266,0.5703583078280628,1
0.19355225676449295,0.04724542067243816,0.3499977335133188,0.32465113187139116,0
0.775503265420758,0.9706681952325128,0.5197148801775752,0.6712735187561452,1
0.8007801531450665,0.9374299806391011,0.7857475213964311,0.48170453203293256,1
0.7500551286235398,0.9007122836923126,0.673001047509171,0.4889933626231612,1
0.4259322206395734,0.6559150361879472,0.30608254148441977,0.030749700501369447,1
0.61226193181688,0.67664120386508,0.6862550293196776,0.34032410544218383,1
0.646006329319683,0.6892144511993181,0.5558119468346143,0.6732775983481986,1
0.7448043887839814,0.9570165979180348,0.6147804938371728,0.40930970836906055,0
0.4696780962095281,0.6100819788504649,0.36998754884651164,0.2682042106517109,1
0.614440854791134,0.7358649855217188,0.43934769479548197,0.5735202679581504,1
0.2443318095914622,0.24364344369142785,0.4027066641225599,0.008490442544901522,0
0.5696307500731157,0.6755841536878747,0.5747053160960262,0.29713539200185285,1
0.7585218584589878,0.8725490868660968,0.6729110521379702,0.6018699969227418,1
0.66114768071649,0.8225944362043176,0.5696742963083965,0.3947408686090612,1
0.2691683479253568,0.44116344654542294,0.09722198300930458,0.09710014874926966,0
0.51406106082017,0.5899754561802877,0.5241743924295198,0.3091050750058508,0
0.19539065872134945,0.3242074034105266,0.08194909174717109,0.043511147459674014,0
0.20736980886026346,0.15697623878789263,0.3290345935327614,0.15085655703244363,0
0.6818412187654983,0.7168237321258113,0.7618501004103897,0.47437161289737817,1
0.39835064813596466,0.5053872926660845,0.3433465907675772,0.21326512286324636,0
0.6493695506026254,0.7354365772843257,0.8197451518545391,0.1786385820205038,1
0.6162784967573751,0.918318001922125,0.35512031213206763,0.2529170107834615,1
0.4023687064796374,0.4379774356803672,0.2778485392885414,0.5001271342644571,0
0.3904073766034437,0.6192984861522337,0.2580550472631535,0.016708096741904165,0
0.5602948447082431,0.7997530754410066,0.31739285506243026,0.3260022523450535,0
0.6431418412336486,0.7347426175333075,0.7957473727196773,0.18523160325545832,1
0.5885642666842118,0.6126325322771994,0.7392954597004352,0.30229681317740786,1
0.5655073712601879,0.7410741227116593,0.39886575180133904,0.37655292181978295,0
0.624306034981647,0.7895730950552312,0.6217863731549749,0.21491787753769495,1
0.6454421473875572,0.9377089430329778,0.5670211774989192,0.0324066131069626,1
0.6259902505533915,0.7288322425184144,0.807897207752039,0.09602483484286316,1
0.6416647355115378,0.6034469028535008,0.7518655179206537,0.5719081435429569,1
0.3681785045607613,0.3988092520941158,0.4560887558918597,0.15973625873072747,0
0.6110912548070664,0.973111847862793,0.36737173788014305,0.07161904755813446,1
0.4064180982427406,0.4168758521347439,0.3683785865278541,0.4373329810850621,1
0.4491129479288499,0.5142358725067516,0.4913182638572071,0.22299766259155981,0
0.407020126088399,0.6687456131269316,0.07898998660717364,0.24475161771390544,0
0.659967987544503,0.812571268868828,0.4776322366848066,0.5519634105232353,1
0.22877371752863657,0.30180160585299076,0.19600342899381815,0.09535942951997879,0
0.2458448145627124,0.3053627764005663,0.23789945517312888,0.10896794905245279,0
0.5576411200275962,0.623178137815252,0.774679874015729,0.06824044457625822,1
0.12240266267390595,0.13035603402100904,0.14300749545714453,0.07161198513129038,0
0.27802545064177525,0.4588670930931522,0.10947149867771619,0.07875227245942136,0
0.5824576931096774,0.7570940048407012,0.5046612236538347,0.26256161796588157,1
0.5918832780151755,0.7030469691353983,0.775919024524294,0.03792043045094062,1
0.7908107118625387,0.8742973381823782,0.7727159712203221,0.6092362570262649,1
0.43156160946798516,0.4803084930267318,0.2948419926754139,0.5147738257599754,0
0.6190222906881904,0.7020746049174169,0.6506354684331681,0.3639717384976575,1
0.4443559771044716,0.5222974191337096,0.44713471173292124,0.24533427008870204,0
0.4469245461446907,0.590038306018783,0.21066295436336113,0.44353253413145427,0
0.30416181760279526,0.21749829850681757,0.33021327019932406,0.4817434364479462,0
0.2926495900174456,0.40442539890705753,0.13994721258408221,0.2422636339434611,0
0.5749254984645771,0.7385914621628724,0.4088726731808644,0.41483982714440815,1
0.706570070826578,0.7573000537602667,0.8920271874187689,0.3015594386040698,1
0.6222371695261427,0.7531132651121023,0.6302943478649713,0.2829611630530009,0
0.7009027566866053,0.9778118663410503,0.3771220547765712,0.4943010354155439,1
0.5325050470371394,0.6519686021341886,0.48799524665668803,0.30061085986519365,1
0.3619772290976844,0.3124455849958685,0.2869428587633588,0.5983578948537127,0
0.8131098812700974,0.9938274433003016,0.8647041655951113,0.28392454970706626,1
0.15131981218167653,0.1899239957385923,0.02339337601076057,0.24669900754576102,0
0.3540387530522018,0.20543147808571371,0.5665707552628488,0.40675893715245154,0
0.7205850890086154,0.8087548615402533,0.61496942743998,0.6585841500324742,1
0.16222647070988966,0.021874326216396955,0.2823381149646365,0.3329393655615012,0
0.3869357237679725,0.6405941955903799,0.11956707225321914,0.1538425214840837,0
0.6008333341600126,0.7286131965929327,0.6493002409467471,0.20868331789761047,1
0.6283851301321216,0.787503718805581,0.39637366488572207,0.5786058563180723,1
0.5721055631377518,0.7877125055715053,0.48533249653037097,0.16324780696443925,0
0.6702618800347216,0.9595686305282054,0.38865206704326444,0.36940972328819804,1
0.8515673047906509,0.9995318549334634,0.8576624560066195,0.47251320260966695,1
0.36270170114935985,0.4157707095475388,0.4263380249394148,0.13457469446882997,0
0.4560346230703356,0.527472674278591,0.2422882974883136,0.5980589834227301,0
0.2361970422775854,0.08055102387697106,0.3648795973606119,0.4322882556545815,0
0.20497114841017589,0.08240506441709572,0.16767730163381148,0.5673271285574228,1
0.6053717083647262,0.6095881422111822,0.8569842798582743,0.21741176650826433,1
0.535069166638561,0.717093697420997,0.5435367844230833,0.06730641300568693,0
0.14845574860888233,0.0866629038347468,0.16489778649119105,0.27827480372075813,0
0.5709043299123553,0.6200426758787735,0.4137878289288748,0.6837332164715304,1
0.6415704343551917,0.6613968821496762,0.6562717361599055,0.5699523621619095,1
0.46465094007763297,0.4886655218968617,0.5186027336702819,0.3236867951405878,0
0.7127499587563069,0.9018292552872539,0.5348691981521042,0.5068728583352432,0
0.5988754908556587,0.7847271645798993,0.4992607127046028,0.2836684737716413,1
0.6080198334603601,0.6684013932944601,0.7018800571085833,0.31627559840277536,1
0.5806880744878314,0.7724305430551753,0.43147000445078076,0.3251590081250478,1
0.625673146541769,0.924207886263919,0.4496014375142677,0.14344386077764626,1
0.3185523340992801,0.14542528876262992,0.5519855075410689,0.40122018727822223,0
0.2269156339709787,0.07193943209149349,0.4500779341965524,0.2796126883313312,0
0.7183875286115089,0.992892278989434,0.6518110970489406,0.13199030001054865,1
0.5414787996467032,0.6087325566583246,0.5211730386255607,0.4038030486493631,1
0.6235766464353231,0.697438698143443,0.5652637767334365,0.5263908217178529,0
0.5481723518831758,0.6398860359265565,0.40202791908787894,0.5381047909676695,0
0.26987099106677415,0.5192106429398459,0.017193377412015296,0.025538281866233192,0
0.4018359356718987,0.7237148624691341,0.08461843904031276,0.07296486362618908,0
0.7539839836838156,0.943439167964553,0.8111207134479266,0.19464092833580565,1
0.5809578376388622,0.665142620497081,0.6601928820279868,0.2516433139096285,1
0.85859947754795,0.984619851816413,0.7652546716036046,0.6835657507933104,1
0.658021344211409,0.8118500963837936,0.6581028227577712,0.27332724596090435,1
0.6541468341084479,0.9309763410034989,0.4497135881834634,0.268722935758297,1
0.5133100895836517,0.660015831299284,0.4584843981488729,0.22878427244673905,1
0.6185219442584372,0.6767684645644342,0.8491567509264424,0.12695343349143726,1
0.46111105021454785,0.7155627216145033,0.2035680996694296,0.21129629753233659,0
0.5843382468165107,0.8197974451200233,0.4635411545008682,0.17688588953119325,1
0.4791351088988178,0.6606321913456176,0.10823472482133238,0.5817429788980463,0
0.19181939946769955,0.07649711577467598,0.33554250558524085,0.2645404495239466,0
0.2797549581432542,0.10453510639876847,0.4492073109388602,0.4636260583110595,0
0.47953757821135734,0.6726092432438775,0.30884846814079725,0.2528920807358968,1
0.7226168605406942,0.6984266446019753,0.7825660996665447,0.6931685416987156,1
0.7021455561485648,0.8659403426368129,0.5691586848102808,0.4921388969353704,1
0.599725444602869,0.8275335221537277,0.6116256703148265,0.012354912157785856,1
0.6089728425144019,0.8033376650781563,0.4659984385598912,0.33752239203678214,1
0.5808694601656725,0.7831116157866173,0.2546234859485576,0.5646330324389832,0
0.5985261934090635,0.9800007082296831,0.34712697829947436,0.021938729021898848,1
0.6772028752842314,0.9992913924471416,0.5443511635745952,0.07125914994141025,1
0.6742878311530027,0.9766155426952396,0.518278189298782,0.15248301507874165,1
0.4700631291597258,0.6955674735656346,0.15696180571777008,0.3759542533078874,0
0.754442765212335,0.9344980707370405,0.5467684515724958,0.6158159718603301,1
0.3876223801370001,0.3315281134806532,0.3926610339279675,0.5203000660914165,0
0.6829244559230845,0.9337691008604626,0.452862859613638,0.40090523804380873,1
0.5682653300479534,0.6180458982837114,0.8581091572468624,0.009048168660195144,1
0.6593820719911387,0.9893394734983623,0.4774589190847086,0.10737329758272507,1
0.654079706743402,0.6786968723002526,0.8159100341193204,0.3497913017873985,1
0.45586031840923386,0.7753727243077408,0.1895579109977527,0.05653291478018831,0
0.27420932308102,0.41722110316169836,0.010505648700612902,0.3122353844499347,0
0.020492859685560843,0.003186811487065722,0.00344261418201941,0.0893333484371108,0
0.3773859216168379,0.5450354918330816,0.34397613907821945,0.00837666988415633,0
0.5420656903098489,0.8114166915769812,0.3769783937545667,0.11631913197494102,1
0.4303619859520395,0.7430487850978622,0.18851161097349614,0.011420550555297759,0
0.6468709832977054,0.7483192096930324,0.45827162530546006,0.6761494542977559,1
0.6917464429475614,0.6928321842679152,0.8013409047443265,0.5246403969515296,1
0.5010085852852234,0.6321580158173306,0.3815767917663923,0.35228269923320227,0
0.6093527094145997,0.7282936475813806,0.743966137909088,0.11008022125591549,1
0.6054772601505582,0.8772381707718806,0.5451604605763503,0.016550182958564495,1
0.17557450219699436,0.2415892898495912,0.15501468600288842,0.0413772573566612,0
0.335140692256072,0.43905160904664514,0.030339744693692494,0.5325648216232083,0
0.13904759783815543,0.06886187792630612,0.16888114260485645,0.26976158046772714,0
0.644983723571959,0.7366153048806492,0.5206282828994806,0.6024379313089512,0
0.5133331150587566,0.7096518453081853,0.1781271810282576,0.5253451904809331,0
0.36687583928165823,0.30443807233674564,0.3789153428680324,0.5049110012643785,0
0.7124805595493798,0.8994057867572381,0.5112496767805553,0.5470138156829706,1
0.5370322572770955,0.6502655411474144,0.4462180525396361,0.390170354707487,1
0.3076542195279432,0.5146327204586808,0.06571198423838942,0.1531213201354298,0
0.8646954024512148,0.955104670285555,0.8285079184863435,0.6929534588126715,1
0.18027010359856543,0.024832578106746175,0.24503025498009248,0.47172369025582306,0
0.5376597428914599,0.7132987733000457,0.38033344162510896,0.3345516187695217,1
0.7102949826415208,0.9088433596417522,0.8411728141090766,0.017607292939608676,0
0.4637000971379186,0.6006646399822809,0.39076686684836826,0.23068858546133816,0
0.30231104219491567,0.28417056100991217,0.29174757360442516,0.36350744804316015,0
0.5710318796122222,0.7067902652367575,0.453125339759449,0.4084957253300442,1
0.49344386390107337,0.7685120510733019,0.3123805728195284,0.0773683325928196,1
0.2201725634967599,0.26693231291402747,0.09592045111405853,0.2896513585276431,0
0.7498064248399653,0.9443203894482144,0.7400944785179622,0.27808943280234677,1
0.63572186591129,0.7656110328529449,0.6009245472599372,0.36319492653418195,1
0.6654404542306626,0.9950589791025847,0.5591088006808185,0.0008916223756233465,1
0.7110135398207587,0.9952705698228601,0.5108655687197197,0.3005929214670632,1
0.5760284392417924,0.8284852765407991,0.30752112580708496,0.34764731614633665,1
0.5047789952266752,0.4675108333518546,0.5821339051082188,0.4819170350914114,0
0.389736688464314,0.40314773229393136,0.4253184254015646,0.30283647348439474,0
0.5806602548343752,0.7242415383716986,0.5569025038643197,0.2573436724461502,0
0.0343137588837069,0.03918143382512351,0.03695133367819774,0.018188209338429105,0
0.30751989671153984,0.42510329807309727,0.18783480114402365,0.19308903665892047,0
0.670802908864246,0.9601112398461638,0.348088325922325,0.43160395582233263,1
0.5814472063693468,0.7295746675750545,0.39291864685730155,0.49392139262314516,1
0.8067482899000359,0.9097668818277329,0.8255067560576288,0.5210641108444041,1
0.7692407982073723,0.8829068776781364,0.6271071855958643,0.6982760184477242,1
0.5330356975174579,0.669856588374341,0.5871074765648303,0.10987580180419203,1
0.38249533289843507,0.3963356908770137,0.2585028494759552,0.5338831630857082,0
0.6600784270559662,0.7800906555033208,0.5734783335688223,0.48994799616829576,0
0.7725857285810795,0.8424063282800044,0.7308035142526677,0.6607075508263857,1
0.47013596518188194,0.628704719468089,0.44324262644885615,0.1140540875659029,1
0.435866500085207,0.5032492618911067,0.42240701958870547,0.2875988163152097,0
0.5830057608898161,0.7379325037595351,0.3746655166977387,0.5081992700036351,1
0.43844475750173484,0.5910968478507244,0.2614444512110869,0.3223149910652327,0
0.20918784202719556,0.04414227565417921,0.4614984334987926,0.2433358707523409,0
0.8110000144890802,0.8338555336536662,0.8643665989005351,0.6738113399604334,1
0.5483575868820206,0.7154173631532627,0.4579190522748252,0.26636594811470893,0
0.6624779661058288,0.8271024467364765,0.3797658619644242,0.6749849207413167,1
0.2810853748626334,0.15869198857609332,0.2876488263310532,0.577223663376354,0
0.3033927863317666,0.25153561592944984,0.4322105276040092,0.2398091004291947,0
0.538669648177645,0.742599918044956,0.47614657205771627,0.12262858768926085,0
0.6479351058859727,0.8699001425520894,0.6052565293315079,0.15704037905237855,1
0.18210654068149795,0.22648082871768144,0.08937492583326416,0.21026824286339,0
0.21187553766957223,0.12229373752057154,0.25967597452271235,0.36412938276236373,0
0.7514557472054434,0.8716206225151972,0.7433058275598252,0.4632684383994863,1
0.5997296795688619,0.7792982453017404,0.46492624597501137,0.35301341562744154,1
0.5657716628461108,0.8251863645339554,0.47393500312746006,0.05498989820447567,1
0.6023365693413517,0.757650310871239,0.3787229764294655,0.5494726048844629,1
0.7044981302057826,0.7911509096094983,0.6122131115792808,0.626293709636246,1
0.6346659671165149,0.9472956513622631,0.5110789569850718,0.0384722716993093,1
0.6276115750939867,0.8065837610542563,0.4051112383506352,0.5139316153083402,1
0.35181146654226425,0.6429412055092804,0.08185131012539228,0.02892735375003199,1
0.30032961871604935,0.07993843570811238,0.47040492592031696,0.5961946154294904,0
0.3114355842906187,0.34354406226422984,0.31835980901995153,0.22077805226259142,0
0.7702064166807646,0.9964000992305955,0.5351458059998124,0.5573131263276161,1
0.5369754495959974,0.6387911554821917,0.5338027115897195,0.2871952918899288,1
0.3809368652525847,0.4242640563134752,0.5342974643788512,0.042577988910958806,1
0.6968170743975654,0.7936854057120257,0.8986147835758027,0.15194968234405837,1
0.6676716631021713,0.7583869212361475,0.864644502148014,0.14542425919846658,1
0.5152636582249663,0.6907637396203536,0.5273055341838653,0.05845064079814973,1
0.21742896167700548,0.10636872157494492,0.20273538428760354,0.5171199280162598,1
0.34898709534614836,0.42511137638941743,0.41018954300720706,0.06687272124638759,0
0.668747161779106,0.8425002477800566,0.7598697487340511,0.09768056634431183,1
0.525419488024458,0.6138639274202959,0.37652531289318314,0.5276496522317753,0
0.07622389511395045,0.026760729126625016,0.10663767261072507,0.1542611438371021,1
0.4753120932635869,0.4643395954015329,0.49345874568150444,0.47552335929184575,0
0.4941069769245415,0.6280457728176735,0.5861979103580837,0.02112358704139807,1
0.6208499327879814,0.8782208121650565,0.3813757868194971,0.33663395329802026,1
0.46390354791743016,0.6343929400443781,0.3019246144111104,0.2806484678595401,1
0.20468149215416434,0.2087023514446134,0.19713981052467117,0.20594186637228143,0
0.5219147203544742,0.7152912981951621,0.49387692368728253,0.08052997075354175,1
0.25440126024203197,0.2795458958830063,0.381497190003758,0.0008957764970070947,0
0.6484425718238493,0.7739038987236184,0.7776892551886967,0.14091922952715574,1
0.38747699195135454,0.31265217836562986,0.47615410701531913,0.4415233533197194,0
0.6617064809223135,0.9058896876567032,0.35117794532394475,0.5170412674838927,1
0.7713898575401248,0.9089411950698272,0.6786168868398272,0.5666709697663154,1
0.8021910607602063,0.9725847717235557,0.7145419085325149,0.5076805116933699,0
0.4006050146763826,0.5830088977133351,0.22506642791429343,0.2079031872271351,0
0.35501745327550877,0.5442950903767597,0.20780696308667249,0.10263909580563584,0
0.34000697267802127,0.4835850952798473,0.2575412300686363,0.10476028008753376,0
0.2347873040375385,0.05200259921190762,0.41213038041268385,0.4257344515388976,0
0.6423367637693829,0.838285509874291,0.40735487139386983,0.5049377370703819,1
0.6286530238052958,0.811756541610515,0.4497343092159336,0.43927230117629035,1
0.5884246605328811,0.8377177712055281,0.44488685112922904,0.18049859795674184,1
0.17940638931906372,0.13777480881740312,0.10999402603801038,0.3876038854947952,0
0.5937776172966669,0.8221846840551056,0.41708590148159186,0.2877975241231826,1
0.27584697805894004,0.20811288823532223,0.4535360490849303,0.17864859607899924,0
0.6801508626094706,0.7563842455713223,0.590068327064267,0.624691208522646,1
0.6472684013200073,0.8548295535964829,0.42060968920653596,0.46835358879902544,0
0.28212355907845255,0.33579086429166766,0.024057311057691,0.5350546680765572,0
0.34316533018792683,0.3841777184489519,0.44586942840912597,0.08657821220356543,0
0.32713502926999594,0.08195122021564823,0.5957038255028877,0.5372413575565278,0
0.8158904649183862,0.9918486724497152,0.6367058526983713,0.6447718644200859,1
0.6645572979387893,0.7207709565769966,0.7788047129307516,0.3526520288553276,1
0.5594895818458264,0.7426443799018306,0.3749077264632952,0.37847536977961277,0
0.6008078728237594,0.7445509691896222,0.5525540992167333,0.3138307923196415,0
0.2209089860623101,0.2610798908833867,0.26515352722477065,0.054114912265927795,0
0.6564609256118644,0.8667848654253625,0.6935412717982516,0.07503055679853844,1
0.6110964011453681,0.7549913516120698,0.4448937638188841,0.5006629809683399,1
0.3177324348266367,0.38647872364435215,0.23137326424370855,0.2754054686567404,0
0.5302178316021197,0.7823518221399328,0.181797194557225,0.4225138108249288,1
0.6091314582729837,0.7928243797166382,0.38218685518454376,0.49031605929650696,0
0.6687714333101631,0.9263333421306423,0.4962939965148253,0.28358281645197175,1
0.6671013325980601,0.9847544405474362,0.37072528245417596,0.31753263794044667,1
0.5919192807942127,0.7406419696239342,0.5781620406829726,0.24074841888676923,0
0.4560096005315094,0.4291708871756277,0.5243539976872161,0.4205897881876535,0
0.30381072097562617,0.03275548976174365,0.580695129013505,0.5661221869535142,0
0.32539548069676444,0.21227633259659734,0.3853781420054663,0.5182193589841294,0
0.550897539049375,0.6791922985667629,0.6166921936842843,0.13146865830354132,1
0.1451437634723797,0.15965652952084472,0.04197316941238405,0.2636177394412106,0
0.6586468562780372,0.8561756848414566,0.3220796402400708,0.6696756089264383,1
0.22062381799835787,0.186872644215027,0.3434203916110355,0.12080689203766859,0
0.4900208160326709,0.6716210882046938,0.13644436184087086,0.5663848168903137,0
0.38774982035787503,0.5602423657149725,0.35723774732030905,0.0022865665214801155,0
0.46857850797640804,0.5770322105876269,0.5990042507306443,0.0018056373170064698,0
0.554964884163993,0.6337972875294081,0.6067621436616202,0.2801879865040146,1
0.580000053742765,0.8955936015662167,0.4113145137791444,0.04404449412956657,1
0.748518827984918,0.8717803333183765,0.8611212548374376,0.27146142437249204,1
0.5604053112263507,0.9243851608959688,0.3254036703655056,0.002958148343573252,1
0.12192701218624993,0.0484218970478751,0.09550157732489063,0.345327952324226,0
0.36714546847596297,0.27667443580488266,0.38381444247812607,0.568319589150419,0
0.6485707002852341,0.9698476713932871,0.5300698075316479,0.023129611645481093,1
0.5527795514738807,0.7106288054627611,0.318553210248548,0.5094959283396785,1
0.67988764281477,0.7152622456729847,0.852217416776883,0.33295647472606393,1
0.3000994864193034,0.44874370342502784,0.11736604935883585,0.20258909949569368,0
0.6710273078704025,0.6337923582708288,0.8340975345582453,0.5195093418375726,1
0.6082976871613326,0.737323307383223,0.49129131841286355,0.46124318972930983,0
0.7475845853381832,0.8529784938763145,0.8378280297288729,0.3487346474068202,1
0.3185705701340464,0.4543123076382319,0.10659099170528241,0.2971855940167286,0
0.6577526388131482,0.7613094331721376,0.8191442100429012,0.15677329607104484,1
0.15651940800795397,0.20496456542621264,0.15261645188589018,0.041260948645403014,0
0.6530678389236437,0.9407860142406363,0.30430266303136194,0.45692016446958467,1
0.6958360141539819,0.9782774607297893,0.4151536251092064,0.41075598128162666,1
0.7168437011118053,0.8060228516926858,0.724103504307617,0.48300611986588643,1
0.5979098532681585,0.7260996620155866,0.4373668749694057,0.5182497988477175,0
0.1983601354742912,0.021252336839950203,0.2572751536035622,0.5527571048662373,0
0.7101977708196914,0.722709633430882,0.8860022200836397,0.41521144039579244,1
0.2758838972793566,0.010374044343108846,0.5906426827648897,0.4675203513916761,0
0.6490193283672779,0.7095026192216165,0.5817821419504936,0.5986668808566082,0
0.2926430046333298,0.0769675070924599,0.5454573707820303,0.4526101992624539,0
0.0941307981370847,0.12452110770084941,0.08388348819572089,0.033525989139718666,0
0.11421947231557328,0.15869435325792658,0.10928782518310977,0.010429740658385334,0
0.7441413464924495,0.9584488329694522,0.6790010313479615,0.30608310301667446,1
0.7881924420709467,0.8673611847161886,0.8800919268493401,0.4524213582902518,1
0.6283807479777554,0.9441127544875764,0.38322456189528553,0.2067850108269081,1
0.33584368458773517,0.3649331563393088,0.3772506673511212,0.2010095310637223,0
0.18030247764933816,0.08763028253785601,0.3951245177445438,0.08974990528523501,0
0.5019602635222021,0.7332337048751282,0.16794913946365445,0.42479334622770887,0
0.4651983592172766,0.7095624674424181,0.33356452438467,0.05173884090333268,1
0.5943494591343946,0.883263021537054,0.4690203188991781,0.06005926348057083,1
0.7101154500800453,0.8216144574156198,0.5843906838174546,0.619955081134995,0
0.5723862910558286,0.6870514106787848,0.6815515591135523,0.12197558991185231,0
0.3551347861739827,0.32005653442152354,0.30513142236965274,0.5178354612616256,0
0.4622596453195198,0.6464875944129718,0.15272030006401366,0.4659987904691489,0
0.6546744147856423,0.6871349167534397,0.6909715124739493,0.5190775133336875,1
0.6695244599652983,0.6847088653865241,0.7467875785209205,0.515668768578801,1
0.5786480222512775,0.7041394173661,0.4180036957729778,0.5058860241816708,1
0.7805582427893248,0.9368280607088959,0.7425396967339782,0.4469115170734172,1
0.18583892275023603,0.26578732077007566,0.0411131641219318,0.2030565656430932,0
0.09382925777092442,0.06929468363300906,0.12292965961408486,0.11151509035097211,0
0.07222167087321088,0.0642872984362473,0.10326177906849994,0.04549743967268629,0
0.28840501434723304,0.1969945749675741,0.3750520498103869,0.38696055960164943,0
0.6544913784104169,0.6989026293227081,0.8138092293802537,0.3044864746749341,1
0.2580418375180077,0.11330059012707992,0.5098358975188858,0.2422038659940098,0
0.36354443550260446,0.30606520524948655,0.46854904752664384,0.34973559309934027,0
0.6978311150502263,0.9861663813926942,0.3964958173847316,0.4289958956922992,1
0.4221375057997355,0.6301385022732406,0.30146117182185567,0.08314951558279249,0
0.6921556252425229,0.9032144845031345,0.38370552263172386,0.6271836310071924,1
0.5358210281597633,0.749463091549484,0.3624808125643351,0.261726193078604,1
0.5616511378552024,0.7844835543350295,0.33323523702917857,0.3471939478946704,1
0.6647065028391691,0.6523685248585996,0.7849108860227549,0.5152448730152143,1
0.3915761745085317,0.2768558139903064,0.5573050110403397,0.42978382100638307,0
0.21191967163586706,0.2756066824218591,0.13680216242353388,0.1653784084893866,1
0.6717882338237912,0.7755645841220187,0.561052650509306,0.5784507330499498,1
0.6008802410585088,0.7982095622353266,0.3701242525385558,0.4536909208963942,0
0.4036396735875827,0.36235758710116905,0.4717912112728551,0.40461758327570824,0
0.48304757889774214,0.6464522847402432,0.14706795301115835,0.5785052531213651,0
0.7003508212780407,0.8385729871563368,0.7940235548223937,0.21428630626577105,0
0.5625918555884348,0.6225790924695019,0.4461600573299033,0.5872714607735645,0
0.5699102146015245,0.7641765894221787,0.6105642570113323,0.023263213935177315,1
0.5671984888996445,0.8817833152133667,0.4202896139280186,0.0010997355727779044,1
0.6707747104487747,0.8823188014517953,0.3515993829809717,0.6206774741429276,1
0.22407321706400973,0.274086514012761,0.07768758911096263,0.31861841662170226,0
0.3684344020263618,0.3005975289654062,0.5761145590668646,0.22650634911799664,0
0.4119318089881938,0.785471068892695,0.009170166153338143,0.08222612347922435,0
0.38564087705989764,0.265093836398966,0.5507256414649981,0.4393813321045762,0
0.6727992712680864,0.6759072548843073,0.8029870331353672,0.46974766942661283,1
0.3314626031578783,0.4718740084196538,0.2241816499100642,0.14135551987516076,0
0.11746813083008939,0.03922263886881945,0.261646648114252,0.09681408480702036,0
0.6897705902880875,0.8409667848613642,0.6672686615491044,0.34553299696337036,1
0.585436254809791,0.6733272647478161,0.6404153843144935,0.2832400357076743,1
0.0878621222156775,0.10673605658444973,0.09426526590948621,0.031072570753033824,0
0.6860451089732486,0.9502156178108945,0.334574082928234,0.5528253759466557,1
0.7923692768546111,0.9653524426248405,0.6791753859563187,0.5297021987764762,1
0.531080365284371,0.6366884023296792,0.6167879146984251,0.1384989485500191,1
0.4106025353773615,0.477804643559788,0.1819738267961206,0.5855403277931568,1
0.3906920541432625,0.5135147059792355,0.27369178993135584,0.25913582087118986,0
0.6759356326615322,0.7760354798109474,0.8839535940585905,0.11365907269240674,1
0.19061099687939587,0.16170752260723253,0.02608085890874705,0.5096648895157775,0
0.5709809590770711,0.6972414507418033,0.4275195741436218,0.4705218073154145,0
0.4847369989877044,0.6208647315724191,0.21873546394920798,0.5434199700836622,0
0.6376228342216738,0.7559557875490436,0.7865244107463756,0.11843808611619665,1
0.310853223141626,0.07154882330663215,0.5886960904558873,0.49234992175771847,0
0.41209043091069547,0.5022146712317116,0.24076678898447756,0.44376529299748185,0
0.8004459852163334,0.9239762945779483,0.6849874073469797,0.6648080786163262,1
0.26271864233908854,0.11425809151713642,0.3734445359535513,0.46778117897227467,0
0.35182549996182655,0.34089504005788823,0.4697275332116827,0.20229859984688825,0
0.2885357961293355,0.03867571377257067,0.5636037437087225,0.5005840806521672,0
0.22749677844523014,0.3483990391544386,0.11355461939124047,0.09615436525319351,0
0.5809077005294989,0.7748607675489323,0.5654337563405674,0.11923594926431326,1
0.372305176936536,0.47423595586575706,0.3932162784994555,0.08611157726910403,0
0.6841382602560256,0.7866037052553372,0.737544587305903,0.34786515718293104,1
0.6103745270219818,0.6829413332105823,0.8073267855324027,0.13352912378484935,1
0.7776105269708488,0.8263160877496363,0.8943748640210971,0.48070011944850755,0
0.5447505897687674,0.6233210966756264,0.3174429685012782,0.6892857544028538,1
0.28485868220047456,0.25006353758025,0.2241898320602968,0.4628498189613026,0
0.19507233677597885,0.07109424406515386,0.38854207164969773,0.21481296624246304,0
0.7819817232392052,0.826186366510495,0.8752748337274228,0.5315304493286546,1
0.65581623917272,0.9748060003505055,0.4553117639543326,0.15909854905583784,1
0.775940976805127,0.9906108265660583,0.6755059724261918,0.3899188589712017,1
0.5207772949464519,0.6620851969764363,0.48881271797351533,0.2154544053308955,1
0.49461147290976953,0.6064921825369886,0.6270208474458661,0.016295637037577103,1
0.5880817795470794,0.7747957153245807,0.44800911445899716,0.3314059377354496,1
0.6645159746685496,0.8250689642299429,0.6680155418450208,0.25788415000036,1
0.20062426525134988,0.24635230870966113,0.02523743836349863,0.34938439693734863,1
0.6708662674477464,0.8250112483023915,0.7995044537260964,0.09254653589360823,1
0.5594362993573295,0.9307159527694978,0.3073540811190163,0.009360493184378914,1
0.6822064263308553,0.7869526406221166,0.5305839954623746,0.6477745369054233,1
0.3887873524228408,0.36855873955736423,0.38505184871636955,0.44496214014623886,0
0.7767618390134394,0.9802659365877943,0.5364277179000932,0.6285027767475712,1
0.39610579631050596,0.4456760321018538,0.3783709821780776,0.298782428030779,0
0.7205998606742824,0.9307099312055515,0.663836568305413,0.28046962289941374,1
0.6651283038411161,0.8658560763704877,0.7311950566470731,0.06420874330875166,1
0.7139147698502553,0.8908043623845421,0.45635339668885916,0.6580328482566319,1
0.6824285651460034,0.8859667557059672,0.33512417176283066,0.6945396788208531,1
0.8178799571050336,0.9364480258017286,0.7918490939987032,0.5605060800227917,1
0.34313221834381713,0.41242925724737695,0.4133669678086492,0.06453749688766948,0
0.5415695121187275,0.5780567813777345,0.4941737329400242,0.5214450077392648,0
0.7548400212203705,0.885434643962967,0.887864324669845,0.22881700918966774,1
0.6005462910517213,0.7365513976724771,0.574402999891996,0.29974846123941956,0
0.7762801301836588,0.9676438658266421,0.6546496931369137,0.4803164466463185,1
0.22476155971937825,0.11667421667507459,0.3060060505465689,0.3731131810893515,0
0.11064185476084694,0.16951867992159653,0.06366187787765117,0.03391975718376661,0
0.5991760639454622,0.7207059466787723,0.4144565714799985,0.5724305958103826,0
0.4205308245734562,0.5504434821306007,0.36255722109544475,0.18270958589761221,0
0.25099119653916235,0.07223555576325139,0.42323215097015565,0.43951886683244973,0
0.45969169683680433,0.5586098346394673,0.5483472242275249,0.07941306124406568,0
0.4799036288973179,0.79703894964363,0.03952444077364958,0.34763410921704013,0
0.2088942639303935,0.33118673396040255,0.0041921047200018215,0.21021632767095844,0
0.30474160190085536,0.30850018788783373,0.35696851840564164,0.21700476217622996,0
0.236531530113405,0.28936766753567555,0.13561697458612534,0.25581301984864796,0
0.769137966485195,0.8357324664509904,0.7388363470649653,0.6481041457010508,1
0.3785623365527707,0.3597442925390558,0.4718080977059553,0.28573880485728104,0
0.2214724180994765,0.022062368512637143,0.4830651633134929,0.3276084242455501,0
0.4573179584360812,0.7435676141128159,0.12494410618721874,0.24025459761753787,1
0.7037271611925057,0.9052621959279602,0.8274023308816316,0.014376819820180296,0
0.37864913820850227,0.49830019925715335,0.14230470148411767,0.4340381406734514,0
0.5809390007803789,0.678011787057931,0.615978559947135,0.2856976963363644,1
0.2677599537532546,0.33650956173368246,0.09525966794560718,0.3546363625136562,0
0.19060344574726734,0.0824261619765907,0.1262220427262481,0.5576187597054878,0
0.27218441697635015,0.3332995698747147,0.3494575365446309,0.003486855378017739,0
0.2478065723173966,0.3291966199936678,0.24171000711263502,0.05347630093386111,0
0.5681372787849708,0.617758918764236,0.6697190837774357,0.29171047134810985,1
0.3333844371414314,0.5491857498176204,0.0003324988997423617,0.29345906281349243,0
0.601302697523283,0.7976254414647108,0.5794508290290443,0.14327364041107188,1
0.6024882310750524,0.7122445744534623,0.3732089591177029,0.6720162805650518,1
0.5747931979225676,0.7110506516029371,0.409621107968519,0.48190769865271665,0
0.4815810581273362,0.6210303961292222,0.41036067148141187,0.23978829309150781,1
0.5405712560802496,0.7415763177953584,0.27759189577306154,0.43252764225325946,0
0.7051722613930298,0.992946673241813,0.4943877280510899,0.30191303178398193,1
0.5169294386276392,0.6003969856202516,0.551033732798101,0.2571041298904155,1
0.6983009924472536,0.7694341393179145,0.650483748265507,0.5921939915432219,1
0.3738429781060536,0.41047133730649255,0.5214641651920504,0.060840299475960924,0
0.6849130563240609,0.6280933483546812,0.8134850412202954,0.6341043489031584,0
0.6125433750810709,0.703422871259496,0.5759692421619149,0.4402058340137418,1
0.4866456657417959,0.6018965571647495,0.303634870278151,0.473034630379879,1
0.1124633921012756,0.023296765567869304,0.07606495328110856,0.3899776166650419,0
0.33912967743206857,0.21838809988664637,0.4308765040698544,0.5033633813389451,1
0.3179911506847106,0.2084499647919425,0.3225181689615022,0.5850535880014435,0
0.7569037961541596,0.765427172523988,0.8902923001389638,0.5355125992523823,1
0.6582410241565275,0.7179020772811052,0.6989422074248863,0.44803661644254544,1
0.2932219009888599,0.46193517629785774,0.11486533163608563,0.13897356674552694,0
0.4563552767338327,0.5314596657983219,0.5618623433570431,0.1103337041377938,0
0.6693410879481465,0.8219409877565933,0.6832533334610624,0.2669729701576557,1
0.3606415398666861,0.5665558028920208,0.12258531615019913,0.20294021787807967,0
0.2244634053203746,0.15969321731795125,0.289580291737294,0.2887135457010538,0
0.6393948040391184,0.6936902704844246,0.8837015689908223,0.137195990498297,1
0.5560891540539569,0.6049588855663184,0.6033935337841294,0.3629582556777944,1
0.37605887458724047,0.5929446255035008,0.060740228741351626,0.3068224660654229,0
0.6983742372584069,0.9695601602181719,0.45054775737153885,0.3921491496892963,1
0.45548178397617634,0.7135600977690104,0.04961514953636912,0.4190859511538019,0
0.1812618856108822,0.14718960677764725,0.013738526564153286,0.5177276212640628,0
0.1767150782234176,0.019447565768953103,0.481753357452966,0.11232644051525613,0
0.07579764873083886,0.07069885065969093,0.014134953556379126,0.18103868667039824,0
0.43209906687918986,0.5280485616971764,0.5197198832905531,0.060794105217178825,0
0.7306626303116798,0.9770037053279227,0.5737865877631221,0.3501240065939089,1
0.702828325890203,0.9733553427379722,0.5320937073646375,0.28261271155912887,1
0.7095277339396031,0.813088910426296,0.744868083952628,0.39761426770333314,1
0.6475143659498824,0.7927479717075562,0.4819826317231803,0.5327279528957513,0
0.6642514796933422,0.9836384253484443,0.45660366528155794,0.17725583717326346,1
0.5161625969012601,0.5075078016765233,0.48276128137650964,0.5879015582502278,0
0.5400188840026189,0.7931678009398478,0.22845019465026184,0.374499625688082,0
0.5813430398901154,0.7791962956694594,0.594303409049986,0.06726934670194933,0
0.3388227458197124,0.3311191156288287,0.18480219936149875,0.589112640984242,1
0.4781437045504792,0.5191799893889726,0.45810629285981486,0.4056091099902422,0
0.6046730233517386,0.7584666000236996,0.7093738311958389,0.06313786990568557,1
0.7209385112768311,0.7069198675242387,0.8735333444947968,0.527092870831363,1
0.4896424583078446,0.6026863136653541,0.32305016146142673,0.45692126518369763,1
0.19210623060822973,0.18244206948940322,0.2391718313558871,0.14566823228380985,0
0.5050681816272142,0.7149218097256996,0.29616591768717376,0.2937875072910614,0
0.8111380993853752,0.882066151450534,0.79691668022257,0.6551500979666854,1
0.4735845259683452,0.736769864302333,0.047670582138711115,0.45449209587782685,0
0.2468442591640946,0.26015305074221073,0.20846299534221188,0.2711441759516284,0
0.6928514577415388,0.8236968914803806,0.4884999671445516,0.6722651092899151,1
0.3620282114796767,0.37722782782055564,0.44365718613070937,0.20158570865093053,0
0.4275552468762502,0.6086893822816358,0.31638847024275096,0.14147007331303502,1
0.4535082711157157,0.6267303018805851,0.30018865178645215,0.25043262319743725,1
0.5104589729043189,0.6199523584886274,0.5765285931668932,0.1376210785496861,0
0.44865209566249836,0.4721538046105801,0.4610918881576877,0.37123813454951,0
0.11326445876841257,0.029268586737461712,0.13779082242824198,0.2864645933560456,0
0.6275441627913337,0.7405398733157056,0.8410388507783775,0.024812854499838787,1
0.3246892599918359,0.30220739765341204,0.5511746101289821,0.0411658906321763,0
0.4800452220905689,0.5077459752351972,0.5775586435925943,0.26452320697596005,0
0.6466424737583627,0.8840980805343945,0.6571085839134614,0.03730429158563526,1
0.3078465327378683,0.31336594145150765,0.21970845664838948,0.4262551250879881,0
0.5915394855955208,0.7966263069347996,0.3866708397115639,0.3861254010732588,1
0.6226766214831406,0.7060853824450264,0.6371081682395814,0.39250739894376513,1
0.1173233937253777,0.0962772696304251,0.2039154440957969,0.04005062840713045,0
0.5231925409515681,0.5001177707225718,0.5618329525884099,0.5229188490687964,0
0.14052720369285862,0.004447268295639084,0.1914832606907485,0.40429295668907256,0
0.48147787436638095,0.6606654835117778,0.38421660087405507,0.1794007617413777,1
0.22764744034364404,0.1505449749350076,0.4412718793017557,0.09996694542806772,0
0.5298175618186314,0.6442517870248813,0.42860726216866984,0.395547448277949,1
0.4500834811923887,0.60056379243026,0.2603219673038855,0.35852497393046506,0
0.7380139525871868,0.9265428290303308,0.7462657099596627,0.25431412542061305,1
0.524856215302536,0.766504970281277,0.39376438627024757,0.11737207140411625,1
0.2223000775784836,0.25487759310968905,0.2370067505604475,0.11879627927752424,0
0.41067036773376403,0.532867951557347,0.2892746699056235,0.28726995491701746,0
0.2406296386431953,0.3347496031424013,0.17694892984599356,0.10085079059098297,0
0.7247959669512626,0.9307049439579789,0.6055255738461724,0.3889291140921069,1
0.8467962607107167,0.9963489912008818,0.8043458600629667,0.5365900354569284,1
0.650248245146458,0.6124278400279359,0.8136948974953009,0.4996292794194991,1
0.5249626069845656,0.7074054590559288,0.43454060896753643,0.20448847383170124,1
0.5472020502201426,0.6143371005672652,0.4603996286745435,0.5095680566707342,1
0.6433696028068701,0.6993625615462606,0.7450925481437507,0.3508027879530726,1
0.42976365963021573,0.4527791326382331,0.5202785772581924,0.2364526006682075,0
0.5007594398676524,0.7833505164646051,0.3325861655164244,0.04654165990211279,0
0.6215700340533568,0.9177828121983538,0.36185968205118596,0.2706036166941208,1
0.7104401696113635,0.9162595226401979,0.6952456142672023,0.21868362005551906,1
0.6182047510477597,0.9687590025996802,0.3318967030408366,0.1712811941783431,0
0.3909215381859455,0.3878915068033597,0.3449864136072333,0.46739930351047815,0
0.3962116202195224,0.38650371170968595,0.36517549513791087,0.4670355791165308,0
0.5000825004187511,0.7596350780063219,0.36397644484365815,0.055360139812463904,0
0.7180185954840097,0.7982420312804572,0.7802698873910706,0.42408306813229935,1
0.30946062349672204,0.13119978085185507,0.5031852064262831,0.46452585571454796,0
0.6835192087211333,0.9835520983636321,0.3747661524477244,0.39656656902499915,1
0.6432970888525955,0.6976251115172761,0.6169443761523953,0.5470061012411939,1
0.4073428174091693,0.6580609930375999,0.008780749764418715,0.3783904798052184,0
0.6990462831667617,0.9007852486299662,0.8139451062895144,0.02235063482462113,1
0.8166578263698562,0.9938429506403719,0.7292957980745391,0.5047380581365423,0
0.19640182919522414,0.20758049706656154,0.09178270258183427,0.32538384943696536,0
0.4800474230782153,0.4112469500433646,0.5638405642372979,0.5263588939267181,0
0.7180895376113539,0.9812822099620756,0.5222697547187688,0.3538375310734272,1
0.4378281513067166,0.5590317248912681,0.4442622328433558,0.1251680950403791,0
0.40868150329104264,0.40494324145296323,0.5316525318425818,0.2335706150589325,1
0.5290942998722625,0.6743897679502836,0.4116026221996447,0.34209314618613623,1
0.5559958612160342,0.655799539184876,0.6782000322471786,0.12318040974721295,1
0.2800908754400737,0.23822261447052284,0.3154458782406729,0.3317290236630521,0
0.5748173365915645,0.6254124862200824,0.5160783955137995,0.5364378741369177,0
0.4092611820297032,0.41374602353983053,0.36628195943524794,0.4625179121460675,0
0.1307867446085313,0.07617081279409561,0.18597883819384148,0.18453843376665524,0
0.5147969341559083,0.6957004690054077,0.32212158965602955,0.35155111378197806,0
0.20249941197474355,0.2488286009607623,0.03443703537325891,0.3387700044119236,0
0.5746328164512081,0.6548408642150985,0.5322996477077255,0.4376124501567063,0
0.5101826305861934,0.7228207663850035,0.34539567757504036,0.2257677206058977,1
0.3684388900163276,0.17249574141058616,0.5452262536009937,0.5931157161536821,0
0.30432674465707066,0.5263553137797332,0.01549915607470058,0.18249670472396956,0
0.4680052511445416,0.6353609162802697,0.3649382621021209,0.20421657186885278,1
0.3124583674657442,0.3130585841117215,0.17752788307569936,0.5133535524358682,0
0.32599795000548226,0.3243341402363492,0.5107595264773953,0.05301510972044538,0
0.13456813613676352,0.11553934034268298,0.1609113814610891,0.14262525763547654,1
0.3411511871066983,0.4112287183889584,0.16540279107979405,0.4295799529414042,0
0.2292417959887606,0.09061454031458478,0.27428937852858765,0.5082385613644594,0
0.3823802446010137,0.31601072313671374,0.5812947081519623,0.24993235293534088,0
0.1437583935375279,0.037579502019835336,0.3772341522006945,0.058991984337009404,0
0.14278125752683862,0.0036048780480026467,0.21004810692627726,0.3898219321247705,0
0.7458712626167676,0.7147342218720609,0.8988918003676158,0.594183057852262,1
0.44160173900014615,0.6125610325455685,0.17354986343663217,0.4162813184818612,0
0.5095619506008322,0.6477485978211114,0.5176911750956713,0.15190149580787574,0
0.44981658568454636,0.6023591874399475,0.4165388646991983,0.11837666277406528,0
0.30252614877510997,0.41825859297250256,0.08879523012930739,0.3337914162503323,1
0.8060955927078397,0.9946526179697288,0.8491663233159894,0.2700969336408921,1
0.22219865768059321,0.27528032215381987,0.206073661914329,0.11368199014692293,0
0.28418085348847977,0.17783467215243026,0.5880068701732586,0.09430728180143544,0
0.630530382881121,0.8100353211869045,0.6997302991832279,0.07796816266350166,1
0.2945788417188592,0.32588642321550215,0.18439903002932043,0.38157960551155984,0
0.4271481820867559,0.6208959619987636,0.27483564509579717,0.1712475377931749,0
0.1566552757783624,0.09533706786467802,0.33656922051530597,0.04007987845715812,0
0.31053223675493913,0.539748195011616,0.1250309743706758,0.015744234689641878,0
0.25183643841805115,0.21089691438155678,0.4488687698216272,0.05863675140392299,0
0.7051870528506617,0.9239745894846834,0.8089653288025749,0.0025507973377380862,1
0.8668133827201175,0.988730570424387,0.783738893233789,0.6866321476889368,1
0.5946951962846423,0.8145951695009003,0.4480536835663258,0.2649075323214724,1
0.48984214847433377,0.6002569214799495,0.4129352231377997,0.3291656039650956,1
0.6235321697868439,0.66815660366345,0.6635863551288541,0.4518898070823132,0
0.2990223351034542,0.31283103639215687,0.16349343691204046,0.4677939291688181,0
0.24613229567413147,0.2808707722091159,0.027976692486559984,0.48651950911802766,0
0.3513653271696405,0.441972053421835,0.2387621460352918,0.2937532832406771,0
0.3217438317960024,0.44627773364152135,0.14679712214648719,0.2728291416564778,0
0.41551428913836946,0.35963469284569627,0.443748195039444,0.5128624210184406,0
0.5825551308741187,0.9398920765604908,0.32600536622475834,0.07403741363222897,1
0.510918609111062,0.4796377231476708,0.5925336331107784,0.4666982880199654,0
0.5874065199515567,0.6081044512816557,0.5627421494553979,0.5726582473705472,1
0.6010395621489791,0.9159623926942351,0.30057320005408833,0.2644320289281755,1
0.5214968481869832,0.6197836548584063,0.31183136640689146,0.5902780541785629,1
0.32973466009751234,0.6261285468971279,0.0037909479220391783,0.0776655113616832,0
0.5934177383631557,0.7855312441851505,0.43652932129169286,0.34846659941536273,1
0.7765997866172369,0.9147146848090035,0.8265808780838435,0.3563409039379108,1
0.6631707618093172,0.9306859678408747,0.5880854812972353,0.10701066749854664,1
0.32649630716740413,0.40399380881480207,0.41474714161522275,0.00037630137718147605,0
0.7648259328333011,0.8101132654290732,0.8434542190979057,0.5336651719469642,0
0.4620874681165654,0.6866489456736171,0.3794708388865226,0.024608718069000578,1
0.5159001102947914,0.5887394313890094,0.5655314605459504,0.25935478218250835,0
0.7510028108567793,0.9113441883112867,0.8255984036095987,0.23825597809128163,1
0.6699121020229606,0.6540203218719098,0.8482986536956263,0.44206172489158907,1
0.7726196873660118,0.8589643291504279,0.7701184149601383,0.5605099915137823,0
0.5328937941596877,0.6657514903697774,0.32732545999267165,0.5091020548849877,1
0.4287573168710848,0.7700027630990399,0.01877186859985931,0.19062187370803524,1
0.19183950423014826,0.10150453274415164,0.35051923447177963,0.17965733758269278,0
0.4525920367989651,0.44621800562931635,0.5085019114857229,0.3846623026929501,0
0.7184214108609241,0.9286562940048165,0.5934896329427937,0.3802318698783893,1
0.7897501502464028,0.8882783786873406,0.6910192553466675,0.6915259214936614,1
0.6978627756311238,0.8469388399702744,0.814038432061184,0.1509091301381571,1
0.29827793827780497,0.28185359577637803,0.32831618922884004,0.29428141810481967,0
0.6080634134362607,0.7319444849331141,0.6112623499297853,0.29356232995383996,0
0.23551820816032323,0.0668662256116721,0.3177878778007068,0.5337436600713757,0
0.6179987313115514,0.6007718831493357,0.6889316009408535,0.5546665472731374,1
0.62890475305066,0.7887166029575389,0.7240491501585535,0.08665853262162247,1
0.5540981332109349,0.667954669712692,0.4213874568062212,0.4685228065636128,0
0.5226353277878529,0.6691162873886044,0.4373640013593911,0.28433991842866696,0
0.4159377116387375,0.60659650359106,0.35227758722830393,0.03478091837358183,1
0.6083543124904001,0.6010829094703148,0.7837004980536182,0.3635135416957857,1
0.6447388245583509,0.6925122158747409,0.5483924257532242,0.6698249444750659,1
0.6786046585538593,0.8919260985211466,0.6376218318261018,0.2067752987272776,1
0.5594360262904574,0.6611508488505343,0.4843206801793879,0.41782198905686974,1
0.49678121759535815,0.6134439876745004,0.35152247879421683,0.42301240059921447,1
0.1621870716435777,0.1973894336238547,0.20131196477925756,0.015493826989365432,1
0.5888422779410553,0.7053797257427623,0.6737247941141611,0.1701748841771287,0
0.2374315195919885,0.2385139237210849,0.3766855273621561,0.025844497613996053,0
0.7308233640167956,0.8157751034657558,0.7876811348555097,0.43315735913632425,1
0.5999711941542404,0.6468414263600442,0.6956803650032869,0.33923185736616124,1
0.6347230073568058,0.6095026025828746,0.713285144708069,0.5799308132647383,1
0.791449483574972,0.9180459355932343,0.8697812329060499,0.35746072953269964,1
0.625265260338606,0.6507639902074053,0.5568169089490118,0.6641909627509992,1
0.47215246495273544,0.4420726386654977,0.5808996926872667,0.3842311890690332,0
0.49300605510061923,0.7365497606287089,0.029340407473964866,0.5796452627203764,0
0.5685141797290503,0.7666816412329853,0.5413971743543553,0.11377103403125553,1
0.4562691454964953,0.47864060967099614,0.4007045117220484,0.4836874357219134,0
0.4833123714352634,0.46763791611883304,0.5323714089658461,0.44890995343046536,0
0.36307045678586647,0.1642231309031452,0.5572886174022199,0.5688615305681395,0
0.6699451318718997,0.938749681245565,0.509561651322465,0.238508979261889,1
0.3635714171813538,0.558322445875046,0.09116851529712004,0.285298198273474,0
0.5785209944456507,0.7939265990675698,0.4302396684837985,0.2624289718336315,0
0.6445193759903507,0.7058297111285047,0.5320232181073044,0.6599877749695354,1
0.6512248089584932,0.6867664491223153,0.6296806496039665,0.5946869475807279,1
0.681798114010609,0.6312433572321455,0.8732293304425491,0.5210381813088578,1
0.4472760330850767,0.5069909855124993,0.2588170604758082,0.580677110930423,1
0.762189982496241,0.8327996515025656,0.7098313302232346,0.6642037883899395,1
0.4960157904207279,0.7206048356591506,0.43156305055385463,0.031222287124981294,1
0.2669722046891611,0.1780852195818163,0.2616512614597662,0.49717108230161555,1
0.5983354478499743,0.7046619662531777,0.37226339628690486,0.6716272291865698,1
0.6780442988745268,0.9925106095973091,0.4930671682313287,0.1693442180323676,1
0.467406435005436,0.7307593407507957,0.3309645989833576,0.013686924675154187,1
0.3316093871167637,0.5885837935211357,0.11992297705782963,0.006702986194234683,0
0.355866528799529,0.37404117000631154,0.4830641304008697,0.11963352338056152,0
0.5728444946200761,0.7658185232741395,0.29163765810410863,0.5122196777588691,0
0.6485281224087461,0.8592375721126065,0.4151158342398246,0.47187293040247763,1
0.4849152029266991,0.5915122677429946,0.5831547006682466,0.07106329427363911,0
0.27706206419595514,0.3637439028074268,0.07175195821666525,0.3683226266362109,0
0.26514678900460414,0.21987617250667527,0.38272739809473355,0.20195241661423227,1
0.22117615062404664,0.421695243007672,0.03178744888891045,0.003961472267687394,0
0.3321623312703881,0.4494107599585797,0.14943706537144455,0.31312915839832417,0
0.4871527938819723,0.5849045204963992,0.33493925045066736,0.47109379249286254,0
0.6290071008169613,0.7283347583759269,0.5446624383979444,0.5072049505480729,1
0.48454728837819994,0.5496129109702144,0.3232793227069223,0.5637851804050803,0
0.7086489383720305,0.8133549723324129,0.6999628603327178,0.45991297053004293,1
0.6810694893216694,0.9439882174806424,0.49927051098733216,0.29647113642574296,1
0.26753999423142943,0.2299348038681604,0.24560776955818342,0.3944513071494709,0
0.10684645169179027,0.10119549519651141,0.07117236708982996,0.17448496983292788,0
0.6256148271538575,0.7147569654253819,0.6082311247002323,0.42883503515548405,1
0.6292868541248483,0.9526468884971453,0.3599728315267816,0.22485780209120568,1
0.6306852273004157,0.7018197258509129,0.7750128871063897,0.23635749121521157,1
0.38170862468612654,0.54189061313142,0.29798526063595093,0.10683869964815641,0
0.7251678815028034,0.9472945761131599,0.5564543699284764,0.4229214123384029,1
0.5784937275209564,0.8123401577151258,0.4366866906518304,0.20658820733922145,1
0.6716842405199995,0.8926508061720932,0.5562092504022416,0.2924803115664022,1
0.7200520151700154,0.8653813028916346,0.6735778044484763,0.42644011194827586,1
0.5856501224166689,0.7627423357563305,0.46042949327685495,0.3307505327772358,0
0.5793753700595096,0.7293063537460418,0.3882983296115666,0.49116347151509354,1
0.6771407803224685,0.9642552908523541,0.6063963790439383,0.0654711059155498,1
0.5639678412578865,0.8467024716309236,0.46545724529704147,0.0048971592665611125,1
0.665260093344014,0.6487875856838491,0.75103579486413,0.577777810214253,1
0.6179089068721013,0.8443950188146513,0.44270123092907465,0.3145051409302661,1
0.836226978902844,0.9131282262594581,0.8259943469009767,0.65932280851411,1
0.5059896318037433,0.7070921786251868,0.13905210217080716,0.5536395591995389,0
0.30951032939968637,0.11945332032615222,0.5002099523072723,0.4986034177221428,0
0.282142974009984,0.5038932065490261,0.09996763257907201,0.0010304048087466766,0
0.22957434500155327,0.11470540056062362,0.2995624974919478,0.41176447736828564,0
0.6489230432294536,0.9314187699355143,0.4021381803556462,0.31286102077501327,1
0.5209275922022896,0.7303333558011439,0.19714273112894812,0.48309047481516604,0
0.6508026939439681,0.8241495583871492,0.6850879345075326,0.1660076719906685,1
0.3566387677644687,0.4974353207973115,0.19784732234780994,0.2428345533073497,0
0.5768914807524297,0.7074871511546212,0.46203067071668535,0.4226935198005672,1
0.6230310332551775,0.7248857091688313,0.5313336771862494,0.5059403775744352,1
0.6767646183579196,0.7207173359842374,0.8747518996612411,0.2699019023371425,1
0.44698584205953323,0.46783916419698496,0.4243589157727454,0.4287929261460858,0
0.6522658530596167,0.613671764371304,0.7325772982960268,0.6282839069257832,1
0.7392517164317947,0.9809143630201274,0.7039320162500506,0.18807465023357872,1
0.3505880055979523,0.403045368008592,0.1605704552571993,0.5044709250824825,0
0.6270255422389487,0.7340187510020539,0.7895586373195498,0.11574287771028345,1
0.14822659347705072,0.12276937070055371,0.18163358807925895,0.16175915851498096,0
0.5417865361557825,0.7586642460459219,0.3017035722805858,0.3597167072432293,0
0.5798538112186655,0.8458424877009705,0.3750384138486973,0.2221052160678554,1
0.6735730343952079,0.9553461812251363,0.3617634282284399,0.43685457657053905,1
0.6119530592535909,0.8884162218666902,0.41690310270691366,0.2133700875408583,1
0.565635200534723,0.6998681515735306,0.4868324620020269,0.34825693073674835,1
0.6951929751810766,0.917454153544951,0.7222618846596298,0.09893666505356057,1
0.6970003974233987,0.6460744213257043,0.803872574313709,0.6640070723321693,1
0.36525081920452285,0.21919351085851035,0.5728770164641964,0.4189547941800437,0
0.27854257563226503,0.14684923772752842,0.317866618666499,0.5487898558427555,0
0.516811742313824,0.7817346776402099,0.3885400052132512,0.04691200964871873,0
0.32552031630665573,0.42214586456962544,0.36054981306324035,0.03141220051435447,0
0.46322466740405466,0.635356094166999,0.4528261374330871,0.04849389545314495,1
0.759883688373975,0.9531390013864816,0.7222236810979736,0.33323541675671114,1
0.23180762730370524,0.1848142809199687,0.29477319116628237,0.25484264746918084,0
0.7206642694786427,0.8973839844889542,0.5441315759489123,0.5436640222474598,1
0.7571729199090274,0.8107092925449231,0.7406602981072985,0.6481009210218814,1
0.6622462883005213,0.7152239874888563,0.5710702814627957,0.6665660505862723,1
0.6824313040975124,0.8340765405219851,0.7563763392666698,0.1924006602825944,1
0.7281275962618445,0.725832627614337,0.8741331601897153,0.5148566719888069,0
0.7619957107553257,0.9904513562766831,0.6077726703067805,0.42219115762475,1
0.21404194622718703,0.1083251894801549,0.41096851761297715,0.18294398101608203,0
0.1242823962621725,0.06235380982510996,0.05508037457354131,0.3829068948877756,0
0.4602403996410287,0.4078459247428575,0.5366783237153598,0.47656970077495964,0
0.6928200018547714,0.9838385048237979,0.46400379431520766,0.3084980557415514,0
0.6596543146479151,0.8647666058907579,0.6443905248914932,0.16976927117544138,1
0.626135670787566,0.8492286014248142,0.6611146435417931,0.015934885063104996,1
0.47641593159102796,0.5186560799890618,0.5095337148140391,0.32113888576142663,0
0.1923411586776817,0.15381289726932953,0.18196435388323381,0.304227019390234,0
0.48385453391741007,0.6154167997293742,0.5070167921055688,0.12020548210526165,1
0.17051363430567934,0.018344751132478,0.3215550427397127,0.3243737295876327,1
0.34224698206870396,0.27318096309398093,0.4980848137238748,0.28115528202275514,1
0.5255689647273257,0.7283188599451642,0.3278027698665226,0.31534351897393414,0
0.7133816305957117,0.9916898534829118,0.7175272609369654,0.011392627865830639,1
0.5909293797639186,0.7696068392627872,0.6281996048413774,0.08833039340055872,1
0.3035851447377173,0.11777777514081933,0.4687756528433596,0.5203178065714988,0
0.4892918424603121,0.6305396205159255,0.4517640142361639,0.19246413965750117,0
0.22657726907406261,0.11509954000628256,0.4028545549154004,0.24085566298150624,0
0.6187469353318878,0.817176682308963,0.6389054105987451,0.09243485498891398,1
0.5958964106379252,0.8794534274746717,0.30852781774478516,0.31805675788576904,1
0.26829194590836025,0.23932382630501392,0.2629629203622848,0.3487057832358393,0
0.6420614381761265,0.8470677842214556,0.5715050391567174,0.23538017159191743,0
0.20596637245958324,0.0883999865148545,0.5205593676876695,0.02799284447927557,0
0.5331460294825964,0.7714371673003666,0.45774844327730657,0.05051456424610542,1
0.2815028662077922,0.37192136484122645,0.2960868365680922,0.033580664083756616,0
0.5005819066838272,0.619488970701091,0.36654503103808156,0.40436956010928626,1
0.5308048450728052,0.6591133490168767,0.4018181593451193,0.4035136138041555,1
0.6477941989772251,0.9211009000848862,0.4753410636792089,0.2232071491550967,0
0.18767352775175147,0.358845513425678,0.012808526926320484,0.022041064805081546,0
0.5177154246070962,0.6475255045601015,0.3622469966361976,0.42639286668093057,0
0.24649412722469066,0.27804398261601193,0.006860963255355656,0.52706923470039,0
0.38962045539305484,0.38148323208436036,0.5995715452235258,0.09503687891908448,1
0.3907643771065411,0.4881917455743491,0.23146428599635183,0.3861460926023053,0
0.5612874748361977,0.694102555366258,0.6288357659055797,0.1279273369069739,0
0.5404100990062713,0.7082528609083442,0.33226482574113325,0.4330211041487965,1
0.8101167308141544,0.8286063205381105,0.878194465566476,0.6617761543757813,1
0.6926976914557641,0.8353074218420349,0.8682375851348572,0.07286352497144775,1
0.036277890885349585,0.00226507196298984,0.04305944387266973,0.11113760871026872,0
0.3333674321940575,0.24889940160746457,0.3243379430821581,0.558081742328389,0
0.5741071912356254,0.6991787966643539,0.5188486081744217,0.34431605225560924,1
0.6378467751604788,0.7901222471534417,0.6431765026848832,0.24916350389146547,0
0.48266859857822875,0.5481314744688304,0.33431848498630173,0.541536579239615,0
0.5193509333772042,0.7630730177716581,0.17344893330028247,0.42889872250645156,0
0.6968851393205182,0.9488417208014295,0.47765275119275874,0.39584226780987963,1
0.17393629381774983,0.25200297643812963,0.0035385815550181385,0.23436615566089783,0
0.7597845081736638,0.7927054205448687,0.82124746548212,0.5852877912829674,0
0.7267485220767976,0.9665392078152711,0.7945433676600758,0.025579539355696523,1
0.5115278129517148,0.6154577239307538,0.3412429811870469,0.5071302831511192,1
0.6325008993153622,0.9017444274926598,0.44146270378437524,0.24594937216859872,1
0.24001114278495053,0.26154372831142275,0.3484276801551988,0.02355487291339766,0
0.8171152339526323,0.9781666289759794,0.6810679211849828,0.6185577155457388,1
0.629272841753512,0.7258869789861453,0.5618153684595386,0.4889237086128887,1
0.5893161065251545,0.651317303404448,0.6294843461313478,0.3740607549176306,1
0.5495304348111639,0.6762287317159678,0.5216180119249786,0.27465332687843225,1
0.6432250981513777,0.6584692976770793,0.875502323440229,0.2566987614038468,1
0.4933009004029063,0.6497413808187744,0.4573731726735323,0.15609129095729693,0
0.694503795672682,0.9055376269153432,0.555519934905256,0.37539500871716774,0
0.29652111379909574,0.26871770538335643,0.33657859561251946,0.3059434121183083,0
0.6200224925073599,0.7037759359418136,0.47309556188516866,0.6310292798545121,1
0.6074877210519293,0.6360547928153066,0.7720672051266204,0.2892008155314489,1
0.4574543917438908,0.7184482143868315,0.061121841945787556,0.3994686598336937,0
0.7089607233830592,0.9241210221093865,0.39101137026989485,0.6479840062369873,1
0.573557552884974,0.7338445891277742,0.5903529787610037,0.14764682346392868,0
0.7326577255381255,0.8899267288987491,0.7663076896987673,0.28901027089560394,1
0.7326160851080579,0.9686739936950282,0.6152321597111081,0.3185472017360571,0
0.8131478623551408,0.9346452164130772,0.8176360879577609,0.50267213880637,1
0.5879766462979567,0.7727648286026747,0.3926532854746825,0.41899123177107234,0
0.32710036426601363,0.27188887655004484,0.33338777004801406,0.4556979748829348,0
0.2896732891661718,0.16136180192201952,0.44937988705974835,0.37089211043618747,0
0.4374036640758936,0.5358926535165606,0.3089333184893971,0.38388670885397086,0
0.18408975963501656,0.2141682598952188,0.0526483869918265,0.306055567949296,0
0.42374056293834356,0.5583527917426047,0.22806538961000233,0.38072275092020275,0
0.2763350893197291,0.2653694235690027,0.3811619179439567,0.1465090107602039,0
0.32386528317773305,0.2189683539382938,0.3250936932000185,0.5842649912429029,0
0.5241186477618817,0.714578490752822,0.43104679987172756,0.1875768121197618,1
0.7972934543580352,0.9839098089316881,0.6674673092039112,0.5254917856550888,1
0.47211277469365814,0.44992353750574604,0.45309502274954505,0.556112495579608,0
0.7809822655879237,0.9149855498526009,0.637774712271775,0.6607853849004542,1
0.37489010687525826,0.47755791523729063,0.2194805247591823,0.3513349591442912,1
0.5152008204599487,0.748833206270985,0.2504211640658068,0.32828934052357067,0
0.3792721732844545,0.5244701050768736,0.08135415477491634,0.4631543715677138,1
0.2880103648862212,0.3833782765518004,0.15237667496541712,0.25304112060347944,0
0.40941809860708517,0.7418524196072387,0.06726624697523775,0.09156007355447261,0
0.42584347312501525,0.5000487951616908,0.35988653707471824,0.339265572108772,0
0.6039283734615001,0.6402088005666834,0.8459216943374996,0.15023732438454265,1
0.6071325762648194,0.7580028960162226,0.3827397494471792,0.5665460171127715,1
0.2736403714133665,0.2713735386125375,0.3003799466921691,0.23919809049723506,1
0.051975040830174665,0.01796875635272155,0.056207404523387905,0.13064220648398758,0
0.38052865552719667,0.5932314056846237,0.09442645360687756,0.27792508301410773,0
0.173662233453144,0.08629537472503675,0.08464656578824237,0.5256028817707645,0
0.1458002107327675,0.018667671371360318,0.08210921330802046,0.5591680552734061,0
0.5631180997658857,0.7997121027896592,0.4441707380147909,0.150054134833094,0
0.5231200260401538,0.7939162951352656,0.4160930786115665,0.00666977444525525,0
0.644088399339257,0.7460738812084269,0.48538172544558955,0.6271847055068337,1
0.7362963444259972,0.8877851823803746,0.8191100728727254,0.23335365686996165,1
0.7938037062821062,0.9432501218499293,0.896882054755183,0.26557014465293377,1
0.4091163417401253,0.3377179616605799,0.549428339560486,0.3771442952084477,0
0.5764863530517523,0.8789472116237456,0.4445862961578704,0.018184291962592566,1
0.4316091104119474,0.4148792594993884,0.4751613047394305,0.4081054462021198,1
0.3965430604230282,0.3898130373253074,0.3830805164789409,0.43356193408346133,0
0.767092573843015,0.9762377638782074,0.6951164897104585,0.3521937249538685,1
0.71660240181028,0.9902489406547024,0.41048353028950946,0.49166436198038027,1
0.17141924840651804,0.04939483760706214,0.13742985691211743,0.5274643626467587,0
0.678637467638816,0.8211593016257845,0.5447547566288053,0.523156949186411,1
0.6991988939034535,0.9653273187329119,0.5094495644939221,0.31850182594410476,1
0.2933118770472913,0.3176386404504654,0.08469966103287922,0.545413292560974,0
0.6514660089241725,0.8501912627655746,0.3869484941150039,0.55142914653442,1
0.5981332412774935,0.9070644130794966,0.45249137287140406,0.04426811438161978,1
0.6615031322235368,0.6930562967865734,0.5857707258502087,0.6962188303759373,1
0.4168526012305528,0.6391247281289769,0.3169652115745198,0.011003368468542085,0
0.6209353038115342,0.6139353401119663,0.8947200184657507,0.2277581410791293,1
0.7005219828618838,0.8485833626007777,0.7085797595128149,0.31828186853825247,1
0.7835611924825292,0.9899850809695084,0.5380043684780409,0.6358367072718134,1
0.4222008319952258,0.5869600222385895,0.30335536255913226,0.18857106054095688,0
0.5114010621611098,0.6757965108748863,0.39330756060736344,0.277552692707288,1
0.6057597921408671,0.6688682654731697,0.7034620816540071,0.30143517454040053,1
0.5088410682429552,0.7369076297152091,0.41868267220390176,0.07391225862090092,1
0.6901766708970645,0.8066298019372049,0.8665858437114842,0.13443008407508367,1
0.4738176433614649,0.39462883508963637,0.5302215884542212,0.5871837464019019,1
0.47197119783548835,0.6286623673440748,0.488950019709329,0.0547750412532612,0
0.6775513307445695,0.7104829453826265,0.6339333094325674,0.6606493261174304,1
0.5571032036592204,0.7808456314861348,0.4896504963160484,0.0989261951066922,0
0.5806381502228669,0.7050918385659334,0.658545156560184,0.15264341985922505,1
0.6417433359223098,0.8571215057334326,0.39440672329109716,0.47430283034132165,1
0.4234348731031106,0.3790757123102627,0.45552115087299927,0.4862033584303974,0
0.6038121911776503,0.831591009900097,0.5081760152205179,0.1778194083072323,1
0.6373254883056383,0.7312403236760798,0.5836119998613583,0.48310863254595454,0
0.7597210247775916,0.8256287275700628,0.7208441172290279,0.653267129119259,1
0.21776452390974935,0.2663136674843636,0.09692152004377783,0.277656170772171,1
0.4833279814696536,0.7629708961581083,0.13130129559354178,0.31226072356268453,0
0.6061979270081498,0.7910595078291883,0.6120307671725687,0.1352947147089253,1
0.48920069349648915,0.6878318368808365,0.4326133163665009,0.07750390073060298,1
0.7398960643704464,0.9675638891240359,0.7298020800777618,0.18586747892549968,1
0.5930642298280617,0.6676538829531423,0.846535769837945,0.026382787000535066,1
0.3914951508182731,0.3729930738331012,0.4581271594400457,0.33780233034854384,0
0.6177765502647101,0.8301179810514009,0.4991364839105421,0.264883072829235,1
0.2192106294034306,0.2084910583083106,0.08666199731719308,0.44483250527058693,0
0.6149279550175641,0.7389046986393497,0.5687665244438276,0.37422824182370523,0
0.8206111682780411,0.8893281323868626,0.8950620805516225,0.5371423895956156,1
0.19816677004246386,0.278877805317925,0.19304386859296654,0.004073534028057013,0
0.47763774764571687,0.7263531253485626,0.14697554998260434,0.35184259988327143,0
0.39159467325547015,0.3186013153397408,0.37741901322680815,0.5953415580877864,0
0.4238856330523159,0.6538719001646918,0.2679830187140812,0.08277388677872848,0
0.687220614999414,0.9127028190295781,0.4940515547764849,0.41326869525839743,1
0.45213773598174234,0.32929644026549476,0.5707762602535479,0.581283188864653,0
0.19325409435785695,0.2739733198456457,0.134758730781054,0.07919907600358941,1
0.5180493434198236,0.7656710086370682,0.3023675760163167,0.22251783148197213,1
0.5107137775068238,0.6371024309697979,0.4990875751546229,0.21218144737768996,1
0.3974514194228612,0.5960936478802884,0.21245463878773865,0.1783410192319771,0
0.8444062038957021,0.9864927648572727,0.7393910533006891,0.6467125273842951,1
0.5703277561817001,0.8236828642981654,0.46878910432432974,0.0892479636765924,1
0.7716537425244685,0.9257895504123735,0.8462474038989753,0.2744237307429452,0
0.482688346550719,0.43485405505485863,0.4875639767615089,0.5949606299741849,0
0.4435308130490797,0.6376919457784401,0.3796362883555896,0.053969768265913765,1
0.6710540723486454,0.9477828492938756,0.4795670232732423,0.266462703598675,0
0.14496247234813248,0.2714976209138052,0.016091672144264678,0.021930801239752395,0
0.4232975850061553,0.7621654070518601,0.011935503966090976,0.1931711514519896,0
0.5661241606929475,0.7975963276978075,0.3915393628102878,0.24932094000478686,1
0.38427527617528223,0.28807970438002645,0.4310908388613897,0.5545408616342605,0
0.35498920148432295,0.590784968672245,0.16226358844197947,0.05458820307803323,0
0.6015721140253182,0.6378559072997555,0.8948388293313727,0.07096255788014305,1
0.7181379233393611,0.78556891444402,0.7534179056545515,0.49664047210492845,1
0.2976498813818331,0.1053850939410558,0.4488029438884167,0.5515822562239012,0
0.29196932314324614,0.30538358161239093,0.1596495242280784,0.4569133753431358,0
0.694748535245773,0.8122893164240936,0.6140800719786488,0.5218992772006577,1
0.2202419716780678,0.12789363655936023,0.4677315106609581,0.07987850100050127,0
0.4452694334755598,0.4965916177049457,0.2772810731962225,0.5689465133211009,0
0.26827285190740974,0.30224250697951593,0.03646535033342641,0.5310599665881192,0
0.6677228855016987,0.6821039401860809,0.7474114752609908,0.5122373641518044,1
0.37624315265173297,0.35318368544667944,0.49720901338153256,0.2524430295696676,0
0.6933267805206086,0.8687550343061967,0.6220970407212886,0.36160075575561823,1
0.6292455971715183,0.7691676717988347,0.5114727220400672,0.45609972330040355,0
0.40372044638519167,0.28710384149146917,0.5475508589504402,0.47951633977162494,0
0.5031405527600198,0.6183886011423946,0.45115270041581873,0.29300221032038437,0
0.5377652744885797,0.7413158197747787,0.4140245330952919,0.2145000233630141,1
0.7380190609631478,0.7217866105904132,0.8522402837760359,0.607268352675653,1
0.6123697525023809,0.715771883003226,0.6482441017082522,0.30005290244146127,1
0.32386477268297903,0.30824203904266145,0.3533782370700325,0.3186514102031926,0
0.3977143423692833,0.4961046911506928,0.1982322717711534,0.4509615763129546,0
0.280959066989696,0.1194867141843127,0.5435318701974907,0.2907807441914623,0
0.3080021627104172,0.34858004186806124,0.10137159382872322,0.516503318138848,0
0.289893979889035,0.2679615387468628,0.25014189993259234,0.4043532026791293,0
0.4678946316328977,0.6224509177319016,0.2775554547843997,0.36701268165813494,0
0.16451675319380393,0.005287260254367965,0.3463496058138655,0.28984120661230156,0
0.7331311938934627,0.8631453140162111,0.7468219765454309,0.38755971960863955,1
0.6256357320787007,0.7684219651982849,0.3700311364055756,0.6520770427894279,1
0.5665288740351396,0.7540670949423877,0.4907040202404893,0.2114206024589949,1
0.4949557049573867,0.7579303949523705,0.11282382391054536,0.41071680154018925,0
0.30820195444786436,0.37109460681439405,0.03254620017125302,0.5644539549464571,0
0.680163468875581,0.745967744431301,0.6347320070998465,0.5837999726498828,1
0.3054790680040004,0.2219471938367506,0.5986881163085401,0.07449518096531528,0
0.7814954739236095,0.9122916124087872,0.809794321467642,0.41205685639461676,1
0.6515879212142585,0.9094882731006505,0.4055098495686036,0.37595414896676055,1
0.7074139203993733,0.814427214379055,0.8983864455279806,0.15342189775725817,1
0.6637027145142131,0.7781061863997552,0.7992410444688154,0.17438653986845448,1
0.4457103696915754,0.5625302185686446,0.5259845437258608,0.033249486447474226,1
0.6524073081515643,0.6772833289780522,0.6464034018456897,0.5992231155441569,1
0.2046162121571088,0.0475441852104483,0.4819366550038899,0.18131561525358844,1
0.18954052551030215,0.23606256727503105,0.13244084859926145,0.15888493646504095,0
0.5170624380300007,0.7919194011020614,0.32293526716964444,0.12111078664038342,1
0.36749210252168585,0.16456968967274124,0.5554841515829133,0.5928100610522059,0
0.18970161914097594,0.020970825973807995,0.5614783411162003,0.053863519096059354,0
0.2702595777640165,0.09052681403237824,0.4992046314418122,0.37617390657641847,0
0.6079510295110324,0.6207220462559494,0.716542321266879,0.41313655001497024,1
0.33796165803424505,0.12140850723793567,0.5971486933190633,0.49056398209779095,0
0.6647782695955442,0.8116157573955561,0.7067233761387177,0.234766890280754,1
0.41618275223229684,0.5025706077633366,0.18492168350391416,0.5471047164972714,0
0.5941946348626517,0.7136597963496993,0.5493667131872682,0.3627736136581077,0
0.22285719013041266,0.09478892573006448,0.2155179728357364,0.5540366770732975,0
0.7830923645258514,0.9552115032910204,0.6027991667083034,0.6232343143392511,1
0.7475527837835585,0.9946847649792799,0.3830416794097211,0.676489487355011,1
0.10220071813497024,0.1049899942475264,0.1386293884658093,0.04058452235732128,0
0.30801155486381165,0.4550551843137231,0.12588883884800922,0.21358655526273676,0
0.7840349430722979,0.8913927467607725,0.782696612968502,0.5176479290068055,1
0.3391104606602501,0.46586511210544845,0.049982222926860276,0.45591618864733885,0
0.6906957375072481,0.924700948487706,0.7517314821946985,0.014129093024927618,1
0.47484827467625973,0.6678161679713499,0.14690074569229897,0.48434983491447525,1
0.6214006546321824,0.7889874710257953,0.6725182245506495,0.12575725877044977,1
0.47905843157001754,0.5812320012497251,0.406014721307861,0.33319007276398355,0
0.6996974559327294,0.869331322960782,0.7140151873383664,0.25413619125414244,0
0.4956836415329578,0.6043738884442654,0.380009523108296,0.3974692018916814,1
0.7214265167954234,0.8403361631780324,0.8103371661520449,0.2907864268039684,1
0.284410874564444,0.2269319537705453,0.4057137746115222,0.24615382647857353,0
0.4626211427592599,0.3986755225910124,0.5885202553637277,0.4336365242731771,0
0.35492970297636545,0.20933306458872647,0.5202460366342881,0.4709467984585789,0
0.36824527078481856,0.576319687715187,0.09410097653186959,0.2592756698383208,0
0.49745394236449825,0.6573400280838154,0.5153835682698563,0.07084428920816833,1
0.2124715607848565,0.16790681512436365,0.34153278823253425,0.13029158376457198,0
0.4649243895829707,0.43193281626723445,0.5614296963509869,0.4026453627202871,0
0.6098763063007121,0.7726722996582649,0.5986595707472904,0.21971142623696258,0
0.3422595815812837,0.14117108803335363,0.5961892240086364,0.4640863518100798,0
0.7229367663147683,0.7325004241245312,0.8733167210535726,0.47345768968215485,1
0.22232159049141675,0.19865020632023828,0.16386267737736188,0.36918842059044515,0
0.39872238581714914,0.6761675971178964,0.15239723180082684,0.07459708858976434,0
0.710472182203205,0.8039321464228197,0.7795298281507081,0.37323580273291274,1
0.6090845615300299,0.8299487718492135,0.4838882263911479,0.24471853844039385,1
0.31160176224768504,0.11795068367218758,0.5690794561641714,0.409512917811699,0
0.7614109616632474,0.9229726423905127,0.7865392514003762,0.31981432523939096,1
0.20952103820777634,0.07998230292477385,0.4967483988476431,0.10252683545548259,0
0.5645180552246641,0.6754848840115677,0.39483017467130765,0.5416328040874397,1
0.5639944239040863,0.6755115591454661,0.49222737578248826,0.3928521579830334,1
0.4661676897933844,0.6173900248051167,0.3044088834385576,0.3307500617962937,1
0.5750913148314067,0.931838163634282,0.36019759070702906,0.005564779010785614,1
0.7928896918937747,0.9193403251039445,0.7285796473158683,0.57322817573521,1
0.5624909472228868,0.7007828919094985,0.42956777170992166,0.4161458487758055,0
0.6615392610398657,0.8088049205466049,0.7754373881100318,0.12252792166776826,1
0.4945997171737657,0.5523963543306832,0.5838008892754138,0.21630636612899984,0
0.13511469075456733,0.06170354663533972,0.13694730748691927,0.31589362595410847,0
0.4119017445286207,0.3956979290233862,0.45260121383040636,0.39136207933902883,0
0.5305044224863656,0.6517489063520372,0.3524565612183802,0.49446500472416505,0
0.7059862434208678,0.8846232166387111,0.6009971052392898,0.4168775176486266,1
0.5984631661013304,0.7264062434516254,0.5213373470409709,0.3942942013161319,0
0.6695875209287759,0.777140608492761,0.6812575636746502,0.3831997379000018,1
0.5184084870368669,0.7382688297987743,0.11426023441754478,0.5749800090610816,1
0.5334406151820095,0.6124336720032121,0.4518384790186322,0.45836117737406884,1
0.43181321781047977,0.660951698014844,0.10356778022123744,0.3513351736834328,0
0.7088640612927999,0.8743321790495295,0.8836848321414346,0.032962610628023144,1
0.3861991948759879,0.4306891063602305,0.40777827379282805,0.24260579779012126,0
0.20914266731616044,0.12354724193656202,0.11412285850784337,0.5656609439776321,0
0.5743323467772403,0.6968387538548837,0.40333493691654826,0.5245624438741703,0
0.15801077828286167,0.15216214741094963,0.024432737169139185,0.3729994171332255,0
0.619458028000346,0.6497641554906095,0.7820097200536198,0.2998651711947765,1
0.10368618836559568,0.05632500317502318,0.0513727982018547,0.3005592365876384,0
0.48094387049414994,0.6257829729819635,0.43736026458476673,0.184221523138691,1
0.24644250798474102,0.23619656322623683,0.37320595241605026,0.08191220323403765,1
0.5485388018319526,0.6294848276446607,0.5201816964638197,0.38870939535238175,1
0.5727091554763147,0.785119575126714,0.4544819359371145,0.2190239356591166,1
0.14947498389173178,0.04966143898944369,0.20918136908721732,0.30944926835422365,0
0.5695363455259306,0.8209331000962798,0.5120849230834491,0.0272215927637795,1
0.2767096602972402,0.1430262927573563,0.3337251588125528,0.5253948313739811,0
0.6467221461025301,0.7929213747771601,0.8135824801044749,0.03093357341303805,1
0.1806369305733365,0.222149323894258,0.21441917749497408,0.026182576888576368,0
0.6757778880252436,0.9138888083405405,0.32202731254826983,0.6111264504524623,1
0.521545272895499,0.6358925110965005,0.6208811479082411,0.08667336487388218,1
0.7362668510439508,0.7458713161515185,0.8838363921104715,0.49090137667525063,1
0.5967885243929112,0.7459545852553938,0.477182501332992,0.4032824068265836,0
0.4729965674772158,0.6296028170178375,0.4852166161303213,0.0631508706460036,0
0.5086809605579989,0.6685807387331191,0.49453763191437333,0.1301465080856368,0
0.3907767129382091,0.7143710159176218,0.07320777794067172,0.05814435798598361,0
0.3611183876966594,0.37503825828648935,0.53291831863811,0.06861881480990883,0
0.535081858121784,0.6401030981129625,0.3729641772886573,0.5157052793935282,0
0.6295849647973896,0.7986361915385126,0.7455414370533908,0.033022189560580215,1
0.6555268977728781,0.6128174357512709,0.7939752968650502,0.554627954188638,1
0.20101630301649126,0.06639290098618193,0.20542288271454703,0.5309649385451809,1
0.6788844293270012,0.6423000549846056,0.8210996955155261,0.5570224659002027,1
0.678306629979932,0.876050707831384,0.5182403877356497,0.4240457987177255,1
0.3918956968912341,0.7331568820727555,0.07199837855935658,0.018588711435246652,0
0.10890889271493284,0.05354722052881877,0.027275790954206822,0.369762725821307,0
0.5681662737446104,0.6642353250339674,0.5062838689163104,0.4208172527636678,1
0.38585840540023764,0.3643683742554621,0.45453237740660807,0.3365725252526208,0
0.5318979584680139,0.611710783712539,0.373062874987099,0.5706185205780735,0
0.4976438452051933,0.5233228589866007,0.43987206219730884,0.5201039852635013,0
0.7327475397930009,0.8624918592420002,0.7828251531487123,0.3332703211369351,1
0.24609431831155038,0.14425955710465868,0.3441558144713895,0.35358897708902104,1
0.5821768258232803,0.7117419248774917,0.7121389533112419,0.06332088695580988,1
0.3104631258055294,0.4855731728111066,0.2212512318401403,0.006505849239669903,1
0.6721883678378314,0.7764074495617074,0.8377102007829258,0.1633579141105004,1
0.5582164685153008,0.6461305752443952,0.4548728997897348,0.4934465547809139,1
0.6219970441742475,0.7295308009853664,0.6672951704172212,0.28521546278198984,1
0.5989322393351622,0.8028994529846863,0.6290189054280007,0.04388420607209413,1
0.5001851057895251,0.6113169222552458,0.6010828890456408,0.07100888974104977,1
0.16162539989701522,0.18626611374243202,0.2236508296074961,0.006985470717751974,0
0.20866415156140036,0.05186217783999254,0.4913673912724218,0.17661422629838786,0
0.5434568030347829,0.76490343858563,0.3600632572603263,0.2649305328193504,1
0.3353156059600821,0.6283524485021347,0.014343743376555284,0.08418129348024077,0
0.5877326322553108,0.6019939861177891,0.743118965412433,0.3189997478634313,1
0.6034344087942201,0.6473914308868165,0.7320842685397844,0.3005670639443824,1
0.597240197362653,0.9217443662451883,0.40312161853881096,0.07715764339207765,1
0.6112176565423073,0.7959297024369851,0.38970704369360337,0.4817034610786688,1
0.7188717021021792,0.8474642447745271,0.7002568557333979,0.4253126149744818,1
0.3540287011843235,0.49737140476534186,0.277127016186247,0.11102446972889243,0
0.7588888495787636,0.8779193244995043,0.714664307741682,0.5276494750325342,1
0.5686698324597215,0.6966555634956343,0.6864521144019844,0.07203208195654515,1
0.6949814167619507,0.7081363882110556,0.6914280803663189,0.667423992732636,1
0.38904119960240025,0.377044120440669,0.5393716326200353,0.1935382479802757,0
0.6063204249201815,0.8803524040482633,0.46874758012454476,0.12759974429343174,1
0.6265347220466965,0.770352834549404,0.780119965821902,0.03661157512711942,1
0.3123098433339736,0.2918745257279679,0.2043616318942089,0.525320454508635,0
0.47771671717403574,0.6434628413049049,0.49559462724937486,0.03653454173385427,1
0.37993890848228473,0.5080263158988642,0.2097927840248398,0.31493957662700356,1
0.7093198708500273,0.9401134740621537,0.3579141715833869,0.6594444117196717,1
0.467552811485067,0.6800733722339438,0.3198355203270688,0.15782734634987222,1
0.6045416260805572,0.8407987854110118,0.4043925354417609,0.314122363712615,1
0.2575400234403835,0.10717424831222129,0.2824758488938211,0.5960507230806327,0
0.405262018878239,0.6776986072730337,0.02157194880119324,0.29970565300682106,0
0.3527067012678892,0.3451112706828336,0.5564420963236157,0.0660921851469383,0
0.43620746767242313,0.5913453016345265,0.22288890543223452,0.3683407261274476,0
0.5917967118367135,0.8248682934950289,0.5068597163795726,0.13652325087663614,1
0.3283559194007525,0.6042379612117582,0.031028260566901222,0.08464230312401523,0
0.297664117747043,0.04644108140197254,0.580176829137288,0.5019526415243516,1
0.6019567018047461,0.6586972932830609,0.45969709101840706,0.6734946392884675,1
0.34591977268370605,0.36373493108492094,0.35691589021700687,0.2848877003807177,0
0.5481201830257678,0.5771952593563823,0.5533320920173189,0.4676146287119045,0
0.2716551029709933,0.1587000814578337,0.44363780697893124,0.29606860074198554,0
0.220514602327201,0.26599908578756626,0.17110950113744613,0.1809110454609201,0
0.20307009627614497,0.2343620862497547,0.21690855690349034,0.10408243040110256,1
0.6380282179605441,0.6671751922395455,0.5543750226019002,0.6906405753010062,1
0.32071300136093195,0.20811575375983804,0.3412569054701242,0.5713902641998783,0
0.7903248831570369,0.908309285466148,0.7111891454515453,0.6140674839424963,1
0.2371395919790774,0.02468877725245431,0.45635484775197677,0.43944374513628603,0
0.2531651227953291,0.1771917506388393,0.5178689441229479,0.046042821195125504,0
0.6477303646553454,0.6202143954600231,0.6943018550545019,0.6466630520449164,1
0.8252605623201703,0.9478737182827861,0.7792372435370929,0.5877626505882473,1
0.7414341160142052,0.9370927875225888,0.5732858270650427,0.5045098706669898,1
0.5046301404605606,0.7310304533158827,0.4327637938685385,0.04642887821028916,0
0.4333252851867011,0.5621788816068861,0.39625323493134496,0.16679936951927257,1
0.39279943898916114,0.642602822132909,0.021985190445530822,0.32451235394523703,0
0.8042456941803876,0.9988138631350292,0.5810026456750883,0.6526898445517327,1
0.6409002625873156,0.7505437893923305,0.8052117217945565,0.12032425676391698,1
0.3422737483250838,0.37100087619679745,0.4083176088912158,0.17139013779660156,0
0.6147312438419447,0.9080747797776731,0.5150733872595371,0.0308591888762347,1
0.5859198407774243,0.8761607818062005,0.3426777214953554,0.22518066712858742,1
0.39075602072780136,0.21252276431169081,0.5978107349127373,0.525757090490674,0
0.23684826285575422,0.2968383897421119,0.11613968919460158,0.267935806131589,0
0.40734119538152075,0.4795866098241933,0.3107940732031929,0.37154834254233093,1
0.22893702043481035,0.07850847510180828,0.4487273145387794,0.2753229426113621,0
0.38053663567413276,0.5934094801924273,0.2678541450091643,0.017378260375849018,0
0.5857575658793206,0.8240229904944922,0.41626288291246033,0.2443360287916816,0
0.27245290042915915,0.0904474694255014,0.5530081041874578,0.30663367230085553,0
0.2508131559833119,0.0959739173800644,0.5448736911172812,0.1968204497904767,0
0.1585714632642103,0.20992981832768312,0.13668292346975366,0.0630083852972131,0
0.4070557871416204,0.3126256100474219,0.4616717169307194,0.5612073351934681,0
0.16280067687660543,0.0846169562371114,0.02401518889246539,0.5664382104515505,0
0.2932894513578811,0.3352348483055191,0.3735798741557498,0.06799032479198308,0
0.7375544050353743,0.982249302818788,0.3916879584313244,0.6446168304829145,1
0.5552510348273784,0.6235394149329727,0.5915817022606832,0.3300340834134352,1
0.7037274097915086,0.9372232963863005,0.3815816340362231,0.6032063569374573,1
0.14114894286844779,0.1703901085549406,0.16550838891412764,0.03150685958369592,0
0.6574426393785427,0.8950060549190904,0.5197302508801545,0.2701026832747561,1
0.339304623789156,0.3689013777798389,0.48787155055977915,0.042462348656513924,0
0.5386183538954188,0.7471369726254337,0.1741000945078486,0.5640991961517371,0
0.551663035709653,0.6631032012566079,0.5353361020249425,0.2975530223693315,0
0.5933924998675478,0.66619510303271,0.5875279587851694,0.42018280357821014,1
0.6042420017607808,0.7830940746600309,0.6403546894963422,0.10294278790931391,1
0.6725838585692205,0.7801543751582268,0.6673340262252094,0.41153231561272163,1
0.4854057141804302,0.7323714685147454,0.13975375394465886,0.38646926869829934,0
0.6048077337268191,0.9297662170733971,0.3223649327958232,0.21607572675686748,1
0.748129152879795,0.9076970325192886,0.5840166079184792,0.5953782712230349,1
0.3023601961889114,0.5086113031095982,0.07977148134570264,0.12061550115200756,0
0.579989166228551,0.8984057120973785,0.34239042946266635,0.1403459067053091,1
0.14300346657463414,0.20337676357214268,0.055995187752978424,0.12258264231334634,0
0.2885093122924294,0.308668598628475,0.30651323578433914,0.21110521121445075,0
0.545318934952504,0.5228205274603477,0.5681879221051487,0.5672614729539284,0
0.5712877753100811,0.6000734919105413,0.5757759380879883,0.4925912396420702,0
0.5309855914491062,0.7257391770519619,0.5307384402785522,0.044472354197797624,1
0.605956989591637,0.6628101989336771,0.4729250318741619,0.6633719028127493,1
0.5700932093380549,0.6661245293469165,0.5846292797468209,0.30821080370275195,1
0.19922403384153525,0.06874576167653511,0.38371940375562347,0.2486766593829033,0
0.10222869014234415,0.1701923278732779,0.033352176496402694,0.035634366283921956,0
0.604879997135967,0.8129661278851478,0.6532550846245978,0.012102039030068734,1
0.42240759174247794,0.6779949645015311,0.10910446898127009,0.25339384398665693,0
0.12882728142666589,0.08637777334792088,0.07467916068026412,0.31617323274313097,0
0.17574216294516698,0.15721425471385564,0.011749656866102609,0.46805069264204185,0
0.5587078958178744,0.7380755186490507,0.23502096776330558,0.5958192308217867,0
0.42642917735271585,0.5785196842157524,0.3392128745552839,0.17702736439127234,0
0.5687973989520511,0.7965214130799599,0.5565636043733615,0.017838055500313296,1
0.2246122845854061,0.10203386370735146,0.29128615816709835,0.43104752640800426,0
0.3496160771491149,0.38424920024853854,0.5225493476362865,0.003633363669798628,1
0.39103599088119134,0.39107639340369266,0.35917822090856444,0.43872163953387844,0
0.6150364516639732,0.6540885448015944,0.7337439611789616,0.3393449545474379,1
0.6591496840356232,0.9345217162200952,0.5196633973298697,0.17994903363307374,1
0.6365751185262016,0.913104539222441,0.3590457564720281,0.36154560986686346,0
0.49127917486120887,0.5403131685433267,0.40744981444232437,0.49443823128424114,0
0.48448866959014225,0.510615476530077,0.37685307900947057,0.5806250381113127,0
0.34521896680734443,0.28436857093327694,0.47992854552056674,0.29528058842267974,0
0.462043230144085,0.5900388138593882,0.21775630069008725,0.5084846650368237,0
0.7051331006630803,0.7286182728963598,0.800966647591768,0.5026698496868499,1
0.4436972949272383,0.5105406423767824,0.4224586591546799,0.3084468799622156,0
0.2780828008735523,0.19778754083017447,0.21572014266476136,0.5723649382951833,0
0.7474446511279854,0.999497348026706,0.5042066783558327,0.48216986803941336,1
0.6326114632078255,0.6938689061846377,0.6320240230348132,0.4803490160253131,1
0.6225215085534269,0.9196978866048267,0.4883319937879414,0.08086483557315632,1
0.5549725834134505,0.7689656372258136,0.34036716351014473,0.3418980787375017,0
0.5974492873534183,0.7804861176629063,0.6710414627449579,0.029468948492388812,1
0.5062069012680644,0.7405643405598152,0.33650812361760596,0.17486146951437498,1
0.6696930818095456,0.7215186473639776,0.6905663540530725,0.5088192595581745,1
0.40082670151812083,0.6392682279393602,0.09835679682995754,0.25842774249726724,0
0.6965545868775495,0.7616137562963063,0.8433704382404927,0.3136828862862422,1
0.6682414170178681,0.9249187785881144,0.3734370812857075,0.46875451669049345,1
0.7019761185506618,0.9776582586641864,0.42692593619029967,0.42534604180739355,1
0.7035675730485591,0.6866582142257344,0.8695392792746162,0.4968834107665354,1
0.6322765989015948,0.8139592611903482,0.48730804356407775,0.39552277618598697,1
0.7940191794989021,0.9660553614980396,0.632675819994398,0.6059437637578144,1
0.23042544464122508,0.1794833843048771,0.13397390974759585,0.5024578978225388,1
0.12321105100252001,0.18037159682436865,0.07114855129145149,0.05840343601450115,0
0.409230532190538,0.6356815399884836,0.10968583086441748,0.29242006468485476,0
0.5320272535668875,0.6040517349365835,0.34753173064385845,0.6287093345271916,1
0.7247274862421014,0.901708605975157,0.6612526956010153,0.37748687287109095,1
0.27267019997384345,0.04684838099615956,0.5593030583043941,0.4072754599222271,0
0.6800881156534175,0.9951755715649698,0.3356177281553541,0.40907505712163156,1
0.29528298807781167,0.2126342006947448,0.4325063005681378,0.2960699877999896,0
0.16603833957423364,0.12876609122392466,0.040441410037108216,0.4476143547556943,0
0.5300764129424299,0.6399324228707161,0.5875828096306714,0.16917679308935243,1
0.3665567046042428,0.5090536632746308,0.3073930385958246,0.09905980694090011,0
0.3222833701832018,0.4917652052308582,0.0873843243026693,0.2509273513848594,0
0.36957793234547365,0.5861337816035895,0.17176591299751828,0.12490633822211684,0
0.2412213003764037,0.16184403494204647,0.13435572147033084,0.599962832321406,0
0.7167760703982313,0.6762908629290872,0.8594880419056914,0.603921131809901,1
0.7625656287014981,0.952762886855571,0.7181220297148792,0.35373788179624455,1
0.3762778871430396,0.26606864666884605,0.4456812866835872,0.5476958890177023,0
0.42379495551956725,0.34162571991609786,0.46714760378100706,0.5641890721360808,0
0.2868689963667213,0.40604039529555386,0.27751572610481595,0.0029704044374980975,0
0.5447622365625502,0.8000838597253408,0.3142184412712408,0.2522738715925375,0
0.3502063872831693,0.49275475391874546,0.013083840363492171,0.4995192910737444,0
0.40624949783734177,0.36112664368212566,0.5454177170368923,0.3103043044260561,0
0.5303289877658875,0.46927832924462715,0.5968606912411331,0.58315807885617,0
0.5256526198042553,0.7916907879029075,0.1765358011371609,0.3842324275582663,0
0.7459230325376915,0.8841436768091318,0.8800459143076824,0.19918709920410418,1
0.6666288873742678,0.7387479218139348,0.6061955502454406,0.5769813069683415,1
0.21662752867819013,0.08831298698988554,0.42690314483349956,0.22200045866598758,0
0.3801385304177447,0.2797420047018477,0.5033501823231028,0.4463123668494499,1
0.6890449369578512,0.8336911440244873,0.7299992222787173,0.2659979913099621,1
0.7527426537875366,0.8654484186641407,0.7224193638715277,0.5164631764700395,1
0.41618221062129074,0.6006909611506308,0.04600044949594912,0.510182975985953,0
0.6563784155999803,0.6509104793316157,0.8048591106863257,0.447327213641374,1
0.5178838131865935,0.7082787045980428,0.5428459492027603,0.004453380633720139,1
0.6129226437034975,0.8081100458962276,0.3783871536154214,0.47675737335378615,1
0.24253973493598618,0.1615321953118997,0.40561925150366784,0.2004393091446798,0
0.443595763367154,0.5640143837855842,0.5372468816383555,0.0020725349142765247,0
0.5948550878392332,0.7140489601660756,0.6484066011055443,0.21654313712266096,1
0.3507621500122561,0.16926942842289067,0.5795937200107757,0.4612465989878901,0
0.7298601321924726,0.9263054446381654,0.48214950313959515,0.6103127946575565,1
0.7426970563173863,0.9399156791220145,0.7008335914120494,0.3124456966638212,0
0.6915444869850469,0.9834830103887736,0.44279189257956164,0.33482707008395757,1
0.7203630823187042,0.9014018252001031,0.7151960198319085,0.27551681884540036,1
0.5853679031218375,0.7591715195628357,0.4339396603214132,0.378001226219978,0
0.4979274144831011,0.6734132915521276,0.500564047028629,0.05525777299224313,1
0.27576787911223627,0.11525086695379949,0.4871263067178619,0.36002276809988976,0
0.34770493242655204,0.47543563830024005,0.19179764433661842,0.26223909987723243,0
0.4538552525919453,0.6603079921878381,0.09275863454124811,0.4793683306782591,0
0.7479764884958615,0.8936780272872982,0.6996786627926459,0.4561693800720931,1
0.19413580048885648,0.21924523130957896,0.022319841049530352,0.38908616259603956,0
0.35463885769337145,0.49418065952897594,0.2441289746734291,0.17154917763427363,0
0.36226545153612294,0.32498129117800145,0.38800138566077175,0.4168719512444535,0
0.1749245466609187,0.0372262476617248,0.4904735097627619,0.04584684950613869,0
0.6156388841177081,0.6438623596766793,0.5772631951192098,0.6026437287180277,1
0.511635443965323,0.6961814139416371,0.24551823785997176,0.4494463281825643,0
0.6192562611479749,0.8004836534153859,0.607571409880469,0.18371505738070654,1
0.44880438027076547,0.778399010539568,0.05292354795078886,0.21863905307872403,0
0.8329178526125339,0.9610215876876927,0.8407088515491679,0.5009720165196857,1
0.12542352742551344,0.009986999657197338,0.3574588162158346,0.065961913660822,0
0.7176175954895587,0.9689430554184013,0.4486068004140974,0.4928201382806442,1
0.4774530986155785,0.7150115444265028,0.23598020553958912,0.24576632370225174,0
0.6680290176703509,0.8696577203572537,0.605232133920816,0.25815258657739676,1
0.41673713855960126,0.6033333853328449,0.2575775687253692,0.1889858763778405,0
0.5704756164914986,0.6889471711587243,0.608256270571014,0.21762574870416082,1
0.7065178102128747,0.8705575106869147,0.45859296779099135,0.6683058226606001,1
0.5938665266227692,0.6692095685373187,0.7277284332555713,0.2047160618871925,1
0.6004539088401114,0.7926366356824174,0.44890312693013645,0.34732326459930923,1
0.5321939492800235,0.627007392074966,0.3022353048465724,0.6400983089428437,1
0.5480652119698219,0.7322864266984421,0.3871634804196213,0.3288647724735725,1
0.29481330874087,0.1506197978394308,0.5394557448922894,0.28833343176733883,0
0.5507555325265854,0.6288236588291775,0.6533923743411698,0.2016299540482284,1
0.7753824546942292,0.8979083711267016,0.8205489147695859,0.40131797350001264,0
0.6321014601922241,0.8050956978427033,0.76233558167106,0.00426468384777221,1
0.27186756837691717,0.14896302152401866,0.3096972880117875,0.5223843560568582,0
0.631721069487914,0.6895782662375833,0.6488441857753898,0.4613934031825266,1
0.6861544781669744,0.9611956613624547,0.5733185437139492,0.16780542185781094,1
0.2058562748294628,0.10379359185364488,0.3998713909577754,0.16999030807653873,0
0.7015226958725039,0.790082951410517,0.5626736798030829,0.6883955811316027,1
0.7260194505481216,0.9948745328166775,0.46543151017086637,0.44476365544261415,1
0.46051632319116387,0.7821464381839025,0.10711359247861885,0.18654513177813462,0
0.707885383528052,0.981643311628003,0.5187457486458411,0.307200015601491,1
0.5225179716518368,0.49287853852969077,0.5576749108643211,0.5438811456384756,0
0.8652852999157348,0.9282228330559443,0.8770894448401676,0.6902352496785614,1
0.6486294137907072,0.8256380548188892,0.3227196699858769,0.6949724269274977,1
0.8368653129242303,0.9414602676018,0.8326266522251913,0.5817359172788643,1
0.2669232062134051,0.3350673599780225,0.2270658242667851,0.15634889472179161,0
0.6184583554096984,0.8195818130777984,0.6111796052080118,0.12656783654197823,1
0.5119782711755966,0.6004582085379875,0.3537475790949916,0.5281244658905269,0
0.32505461329762975,0.3861560836817202,0.12455693313069949,0.4730474575877991,0
0.6322300748008772,0.7571672706788296,0.7089665090024435,0.204782433803647,1
0.40941177608318113,0.4849059170703405,0.3909416963625787,0.24838154319618644,0
0.12119994630397726,0.15541708586127945,0.1223291013512916,0.033963364839750286,1
0.6317898899757769,0.7443242245670061,0.6590595609994699,0.30954954696216436,1
0.7108369010203699,0.7276695887069319,0.6958154871246711,0.6912873026475133,1
0.6633035920628416,0.8417229215195685,0.7384251260409387,0.10457296745387883,1
0.4788653210339142,0.6418196523776895,0.3462968879295401,0.2703321423310373,0
0.7596229710300817,0.8038938639505776,0.7457199505893051,0.6698002693900067,1
0.7345309538398735,0.6645016251407696,0.8883841650855528,0.6788244587191146,1
0.23659852370958,0.2149289417904762,0.4185003337565649,0.017919763436862145,0
0.20920745135433128,0.17416021242058843,0.06625530655799013,0.5112537658832,0
0.2967825703320324,0.3418413902651121,0.15284550953713907,0.40004111169167333,0
0.3636376249068264,0.541494623207178,0.035692263283937466,0.4109131715902808,0
0.1651218371146744,0.21518685177978966,0.1552248995852147,0.05480470674607578,0
0.5270814470796507,0.6446401472996907,0.5059570308482302,0.26487132087668097,1
0.2030892010633238,0.05158288943365017,0.3447639804511901,0.3693428110557082,0
0.5236348734381252,0.6211228405600441,0.494851269864485,0.32309036099378874,1
0.14684305506971934,0.13618470927935952,0.1071916392764543,0.2329660432355164,0
0.6722250087889899,0.7947928329219981,0.6877075011660455,0.342581709890886,1
0.6124195700717184,0.7818161052195919,0.42469266870632344,0.47051858425012766,0
0.4804394259395315,0.6398038571461828,0.46464637479345594,0.10571792464201635,1
0.27134345451946656,0.16461132367290326,0.5467979171580895,0.12499208767794047,0
0.24263927038651809,0.16463627325201768,0.38086004946506785,0.23031559460494444,0
0.559083174022117,0.6391533120859438,0.5707683009395683,0.34138013848637344,1
0.5623343369693483,0.7020427724109523,0.4812307556495111,0.3347186203450943,0
0.5459246182827585,0.6789928207453113,0.547155555985127,0.21140770557282357,1
0.6495640827074133,0.8155767065056747,0.7477690876412086,0.08722501581106669,1
0.6470012533320464,0.9039705590376361,0.6142693145421567,0.05367589725290641,1
0.7521426765345534,0.9288509095616427,0.5981529193508679,0.5413567297423583,1
0.46878482256438825,0.5264760937413359,0.33945232567630995,0.5185553899541369,0
0.5039016426378472,0.6978508531036115,0.3407092697423971,0.2638171758166116,1
0.402394040970391,0.5098675487816317,0.32900657137553824,0.2437914758345684,1
0.2378354226913082,0.26092717364335033,0.2416036623814917,0.17445368577592762,0
0.18106213245271452,0.20600696969398005,0.02754421091130601,0.3489769216616635,0
0.572394240549676,0.7213350530728795,0.5532115573439338,0.22881623405028104,1
0.3547720859393093,0.17319693016513754,0.49498566465972715,0.598389607294112,0
0.6206073165677934,0.8286912209504301,0.5297987653016062,0.23661038251048255,1
0.550586129876345,0.5928685922983139,0.5235501615350538,0.48543392633335947,0
0.47705065292992344,0.7026703568568671,0.3168315337489208,0.15333007188406836,1
0.33295414889399966,0.21357966688424243,0.5469576813680828,0.3103850552072682,0
0.6649242246212869,0.8551160160538311,0.6701839496260829,0.18155515853273227,1
0.5245022163031228,0.6407576629258179,0.6542215243104397,0.03928463773540952,1
0.7115484414357568,0.847887755751856,0.5460303079775866,0.6189773558327644,0
0.708311527406249,0.9801985079210824,0.6475559322998545,0.1197274687787577,1
0.05912083680079705,0.041525750460397415,0.12009435974221766,0.01164826823966525,0
0.46629722480033853,0.67369568772035,0.04647624321904276,0.5775325398722532,0
0.3181041890773941,0.5155729666932846,0.05708433668422077,0.2159620236274278,0
0.6355124329631452,0.7817271847366987,0.5634585367814255,0.3780563978018409,1
0.28260492239266555,0.3370759834185897,0.0474224738392397,0.49920094265799375,0
0.4885227620474408,0.46263865627096873,0.5307511868487124,0.48989038928671336,0
0.21030260819640434,0.031510712283850675,0.5955926394594996,0.07934730108314571,1
0.5364130274832579,0.7574573999891712,0.14236469353778528,0.5748745971366838,0
0.3373904531831444,0.3900339593411296,0.3294731089148171,0.21765770419067257,0
0.7025394993075252,0.8089003575929489,0.8710994692184815,0.1837973987275313,1
0.4920014806761802,0.5800466301907754,0.3560313008383148,0.4758438766464902,0
0.2936483655275829,0.37315195749555036,0.18890260034715883,0.2520080333783003,0
0.7298480677072634,0.7112088426403256,0.8868256442433826,0.5409797655704295,1
0.20496268817131452,0.09106798175638718,0.21317316506723114,0.47738373886475793,0
0.7500825742364674,0.9777476876631095,0.832040791299701,0.05798246507501182,1
0.43065256265446894,0.6186657990381375,0.3389795104935475,0.0981290499366799,0
0.35986912821625255,0.4499496475414728,0.23643387345221004,0.31982071204926577,1
0.06000191731254702,0.04484291250920691,0.007570542288882231,0.17654649185639446,0
0.7466398175771831,0.7824989229550727,0.749838790167789,0.6521935952465503,1
0.6316239008422941,0.7192031630042265,0.5714813797997538,0.5028895270012738,0
0.6171944912893979,0.6835838429938457,0.8079237587540233,0.16512721083134027,0
0.13183111017241203,0.1840003011857374,0.09769218839302748,0.05261651530817537,0
0.7060912349073359,0.8050211650164422,0.7365342314127596,0.41310191487643455,1
0.6461910864197007,0.7056134809102457,0.8280335994048347,0.22487133071563767,1
0.6318983660149263,0.7110791721852837,0.8038567489501685,0.17600877618617028,1
0.29160057088285785,0.26193324764936204,0.20276904923170894,0.49901616144332067,0
0.4651772950687163,0.41382743545719364,0.4881527967163084,0.5590886916261347,0
0.07715991178497095,0.012293696022239953,0.09292081975096773,0.2156840892428032,0
0.6857983562234873,0.9225594915183515,0.6841027488649497,0.09643892902413322,1
0.22643693324891837,0.029179224125380633,0.5677926122159579,0.2075476876072034,0
0.2457584402892103,0.19455910454395495,0.1671241884230974,0.49170815745151797,0
0.5986312561714553,0.8272669405165458,0.3112503520417675,0.4581134015032607,1
0.17628324181496446,0.31396347461423657,0.03774941633414519,0.03988339803801311,0
0.7563063741595569,0.9330117139696028,0.5589901248607516,0.6105173985826502,1
0.7122002992278391,0.8747398263065866,0.5718156685719851,0.5164284275147512,1
0.18425345161704573,0.09861091662861465,0.2850316081617154,0.24719255427111883,0
0.6100595471356643,0.713386220097343,0.40391825197991704,0.6609548074650885,1
0.6930928253259856,0.7108792560842159,0.763797237060827,0.5425701308281474,1
0.5222831717519523,0.6706109115511004,0.4114921937241573,0.31765028929577416,0
0.6520393078049431,0.9172083154406359,0.30208915421076704,0.5140420191069753,1
0.596140835564626,0.7569476371687176,0.3853697871339554,0.5102804042004028,1
0.5352184745018089,0.6735232495514002,0.5546191736609963,0.16035548813904954,1
0.3646475266081769,0.4058865773214355,0.4188683055523002,0.18021873140884553,0
0.651897568916297,0.9095399045276003,0.4585897513985904,0.297753456164599,1
0.6075763811177993,0.782047136964705,0.6631061100018469,0.08810489817446347,1
0.6309128888844093,0.6361762907936531,0.7454935746333734,0.4458833554878535,1
0.6153710443492316,0.8940321777047469,0.5035767532159883,0.08640964766030901,1
0.567671753265863,0.6442897034402217,0.4056259919359534,0.6191955198248309,0
0.575250720040671,0.7002842835659829,0.38092085962052685,0.5541616018576071,0
0.5886408915215102,0.6072642175657456,0.5413014594877932,0.6130917244614973,1
0.751605227483622,0.9053645174930318,0.6773457713416433,0.4785961866730658,1
0.5601988545739031,0.6305447213890437,0.7679575563289203,0.07269613490352544,1
0.6444379019889191,0.8999934151741074,0.3816164671325439,0.3997812713105113,1
0.5813301406941896,0.6707091131756927,0.7607144253802867,0.08880628246128627,1
0.6678238045865392,0.9107071762768875,0.3083836316510775,0.5997756347638609,1
0.6612172274247197,0.7793833049075432,0.7246808391551117,0.2706066161220725,1
0.7469001130588726,0.8988303202519545,0.6646173056510778,0.49049880618786024,0
0.49218653756379366,0.7302537351123595,0.29158034481321204,0.19792783281825146,0
0.4469196624711884,0.7658664549563108,0.06442968155941406,0.22328765262604425,0
0.366046793468776,0.6527901342740994,0.021702609920885817,0.165704716777303,0
0.2804514741204143,0.3120028957705401,0.08288059975432067,0.4979292315442405,0
0.7935174756352695,0.9898003570169156,0.8557699926429438,0.20943149666964261,1
0.26421433191772487,0.1022659451030421,0.40869574781874235,0.4523631751029055,0
0.6476148764638527,0.8720139741631565,0.6436224815599163,0.09260572457149757,1
0.6888966861615966,0.791945360220426,0.5895224707472968,0.5803363241359727,1
0.6725819696168995,0.9879727532199235,0.3213179508174135,0.41100103880856875,1
0.47289194228890996,0.6573368888413206,0.3256979994562138,0.23257049015692746,0
0.7051496592334571,0.6652712628256574,0.7936751090089245,0.6720574755897553,1
0.324410563325576,0.36748382372258565,0.12896709763245376,0.5098926108727352,0
0.24914839257786975,0.08268323690321316,0.4177372043661889,0.4124280640820326,0
0.6031539695089531,0.7925501589046633,0.43536552253910654,0.38134616647444697,1
0.5674364672615532,0.6266061626489621,0.5992942693599034,0.3717255256455054,0
0.6323890749500951,0.7598704540654547,0.6741450886216107,0.25105160665442294,1
0.6621385658678032,0.7545495745058656,0.8240242515363962,0.18828251576975744,1
0.5741172192841547,0.7737621976429064,0.4068845541172496,0.325853771137633,0
0.4678094665115773,0.5981410123698254,0.4286411189874509,0.2007331231521465,0
0.5487770393430887,0.6776831578396896,0.41150349696020305,0.4324220566759152,0
0.4200452997808043,0.3474501942085206,0.4669312102765086,0.5312041979679571,0
0.6621981502520047,0.7568169847447425,0.6970556047571814,0.37336488226239517,1
0.7749872550822123,0.8826783685252904,0.7755069055900574,0.5049799957127498,1
0.27963364375696675,0.11609046425580721,0.41604188491210814,0.48387923077715367,0
0.4150560993659763,0.41445255631975453,0.3964569688353213,0.4444636527775133,0
0.5309744734488409,0.7908802533131698,0.4164610154092666,0.05298021084737996,1
0.7093324667955146,0.8767388245142611,0.5369977861035378,0.5493185935366138,1
0.5779563625343646,0.7000684211220118,0.6248699763329344,0.20230579536739188,1
0.24769460725661088,0.18607486935183415,0.3156460231639712,0.29981682815751215,0
0.3712715629970775,0.5739573574955268,0.07482960978737567,0.3092200065655068,0
0.647054309507759,0.8021107689172383,0.417166308123954,0.6042451630597684,1
0.5825471386336594,0.6798167971597961,0.738822784279987,0.10495952384882629,1
0.6642611636968812,0.7920320300778172,0.6191690735712374,0.41247213293300666,1
0.25890426898579383,0.22252690579451065,0.30030348575320065,0.28774885181289156,0
0.6695357863852511,0.952414420767148,0.5885448673088884,0.08382557904505328,1
0.4311887768207675,0.6263863029560733,0.1754709902762378,0.32677164129929726,0
0.251827985467178,0.22415516109678235,0.2546265010742203,0.3168122729826037,0
0.4284682663641905,0.6245019181000999,0.09145945573649612,0.4438973529659585,0
0.6214230542472843,0.8457518962167679,0.34218668313867323,0.4794555059864921,1
0.6618238575093035,0.6182649141746824,0.837476698107769,0.5072419549481582,1
0.6122622134260501,0.7814456713818487,0.4629392223264466,0.4132880551859589,1
0.24473287149354978,0.1563650481252796,0.2057795297849758,0.5240824424770862,1
0.6912122393085862,0.7670477170616182,0.6997071912690136,0.4888811169853653,1
0.5961102982107936,0.670894200499709,0.4747579600286049,0.5911790497617881,1
0.6648600668397449,0.7130137605146845,0.6805115336697952,0.5209986324073204,1
0.7303390376045417,0.9447257671264055,0.4078630246769471,0.6780862331912741,1
0.7792229411068967,0.8434639010507134,0.894664034657759,0.44545890092106205,0
0.8152601571333672,0.9745113971218663,0.6929611961054135,0.6005804987040504,1
0.4717376254706056,0.5147775398112918,0.49346037265682263,0.3315537188395644,0
0.7023821745782587,0.8212052025377623,0.608363151947741,0.546353138625276,1
0.5544865099800593,0.7155699852415386,0.509718622254844,0.21892965341418436,0
0.1877110590239398,0.08804917938086572,0.2629386829481524,0.32402432224530614,0
0.29384670167646054,0.21726403794443724,0.5562865476527472,0.09164359204208894,0
0.38767230753505466,0.3861499122614365,0.30044354656837846,0.5223214371691143,0
0.17792441873559836,0.15616065782367772,0.19486266577599268,0.20692645045480848,0
0.8007182662457469,0.9438123167237301,0.8511512694414789,0.36733363525719076,1
0.3218138109459726,0.5527976651679077,0.1230721508444204,0.0424666655434631,0
0.33702374501712323,0.45239933797198617,0.3600947214874063,0.013978297924541349,0
0.26299332797188246,0.0929706334082745,0.5585030586901844,0.2447854683034496,0
0.5961437917017713,0.7647373761203895,0.7012168577060517,0.017050231648805123,1
0.27818406432338405,0.10829636783027441,0.42302737388911354,0.4856383412075639,0
0.41820979432019767,0.40068063703043894,0.47779652592506683,0.3726525901372907,0
0.7668699810944022,0.9776574588305098,0.5086032183965682,0.6273014308008841,1
0.44386029515379255,0.5693476866208281,0.3518698589861998,0.2681274707375926,0
0.6256277267270139,0.6506255168495841,0.8030189325618506,0.2970464426683334,1
0.8747160166759874,0.9656080253125248,0.8454744426406899,0.6913483561375904,1
0.4345398906655591,0.7869778706920989,0.062488167554176764,0.11152252526628292,0
0.42981407594655124,0.69344379745858,0.008583383093075202,0.4025858114466935,0
0.5285971106084818,0.7079597375825368,0.5439822828360101,0.0571127848320517,1
0.27907427681577135,0.3066371895432237,0.17269837346105515,0.3697308500292146,0
0.5627086690573884,0.7280751568855902,0.46275236082772375,0.2992269118313809,0
0.6206323754142726,0.7737396992901183,0.39402507377136486,0.5777750181890201,1
0.24393399392123588,0.2907880334457848,0.04243109318778728,0.4290532462100365,0
0.5475165206770204,0.7082442780780775,0.4379324907278382,0.31007317209815083,1
0.10546763945357593,0.06101653624573107,0.06415389070121254,0.27856602060173313,0
0.31625099060341677,0.2837146216943315,0.30893517004446586,0.40856564371455617,0
0.4676679881711735,0.5615801617659844,0.3804038881070534,0.3637837042803265,0
0.7022612807852258,0.8242397900265569,0.7250520875900313,0.3631287974746901,1
0.5873882267165962,0.7442260443103401,0.356917218066713,0.541000195707061,1
0.24081578212370147,0.19244556201024904,0.23430165145429682,0.3715125284114396,0
0.39065357197315503,0.39392232502048946,0.4313243808868079,0.32147547598433973,0
0.7310890385499174,0.7986235268174464,0.8786722264758646,0.34087803599217353,1
0.618944621398845,0.8109830520290235,0.5220298563201962,0.28422069244137227,1
0.36459361783246574,0.33414483045252874,0.488782874173858,0.25443170177021984,0
0.6765887965116586,0.8846868479687185,0.7582817113981442,0.033804295539280146,0
0.4820995596543543,0.7196500576666089,0.3790060512222945,0.04286357727180748,1
0.3096980336849643,0.39478362641531384,0.33515000409945117,0.05880609623736024,0
0.23701838214236762,0.07616909675741308,0.45139263124688234,0.31758022194798186,0
0.6935555633024182,0.7995267834125941,0.7067421510369086,0.4088476314252425,1
0.7850478389697169,0.9746678767460506,0.6795427318715923,0.4692554051760695,1
0.38121617114677087,0.5094200160840244,0.29457959101764825,0.19066142899732058,0
0.31652631677738585,0.564205915652149,0.02427784789729648,0.13570002291061237,0
0.33137248601482294,0.12114190600837214,0.5189605032722127,0.5755669101448652,0
0.44790066271951096,0.6414041073240234,0.33266425643664466,0.1369966606325292,0
0.2931819607172424,0.3119837342676238,0.3994075188924779,0.08683918957843577,0
0.45929315086115496,0.6008125665221717,0.48600810199634625,0.0654221850058262,0
0.6840890214100966,0.7185018941517222,0.8612092171980767,0.332376545874063,1
0.7377714126040712,0.7973159903402667,0.7222419717862611,0.6122041294902976,1
0.4207753714609538,0.5353436597394755,0.3110053022536959,0.2990097545755362,0
0.2537403713574041,0.15007824957677096,0.30297906451052575,0.4390376360793047,0
0.707824765200731,0.7505877737625464,0.8721006088969026,0.3545034782519352,1
0.6291390576418724,0.6222271667627511,0.8264562475298334,0.350443000007734,0
0.46377657980259257,0.5192187245806796,0.48954598241944147,0.2865171139321016,0
0.727664051064269,0.9650687341022144,0.6488107845300259,0.25243224327077035,1
0.6219145127247796,0.9669582357064569,0.4259605878561568,0.05323609257352094,1
0.645904957726334,0.7891135891035993,0.42261941624951815,0.622811691498395,1
0.6519864101606971,0.8441616436697229,0.4486676486638167,0.4765264686334538,1
0.5856812292803498,0.6575634784314233,0.6950600557099655,0.24190736675824298,1
0.6584285063131333,0.7486845039318136,0.8900279107058735,0.08538940567732242,1
0.43185364011476113,0.3567198615241354,0.5282659445519764,0.4750696299355027,0
0.729346866694194,0.903407811934084,0.6537037982420808,0.40765910627263835,1
0.42922071438117243,0.6006642830699201,0.42565970191575614,0.005953311357427515,1
0.1769850075900471,0.13209736740819453,0.10051468013981402,0.4039095992200281,0
0.4656988481670465,0.5754340168948701,0.4290167088009209,0.24638413539667592,0
0.3727526478215397,0.2828161371753682,0.44630897983131806,0.48725942642230125,0
0.6910108190535373,0.9513258923575432,0.6171611302139874,0.15099766905284728,1
0.29640360765363544,0.32935702649631216,0.3771660641452834,0.09287637580947154,0
0.6279912085690245,0.8443080532941674,0.6561679147907793,0.0449340374235351,1
0.704057396427389,0.8509235362809773,0.590129989458446,0.5077831572468328,1
0.29603443879836816,0.45941958494107465,0.20551860229760532,0.023345328192746238,0
0.43463016030847423,0.509133748818594,0.43751070652120155,0.2440503697140839,0
0.35612822551936624,0.22036947829199305,0.514196550871875,0.4584226055590359,0
0.5237029030092997,0.7589271541741469,0.12532520541170572,0.5332088214935726,0
0.4884270631793384,0.6437129164458232,0.33181942300313066,0.335123890277438,1
0.5329698015962681,0.6228924365005085,0.4561800263487976,0.4233478772068724,0
0.4871198688968116,0.7916341145719006,0.19073329720414728,0.17041411224808567,0
0.355695133844458,0.4814108237604054,0.22232537115223108,0.24146055309293002,0
0.12854215860202622,0.07224019741665143,0.22416097930403148,0.12586883051245532,0
0.5063931125745966,0.6183787574949642,0.455291218721005,0.3030818410540654,0
0.1044795124843671,0.12245568163537063,0.055846841339423345,0.13248809632427386,0
0.4469827071303213,0.6858879266167421,0.1195916730384737,0.3408062095520407,1
0.31164528900517574,0.37298952055589124,0.11879081611989184,0.44756641945631276,0
0.7193310548785345,0.9003354338979439,0.81296707717832,0.1263660738803331,1
0.6320209333080435,0.7578519552600329,0.43314038777629416,0.6157641967256944,1
0.3041877246716882,0.13752695666331913,0.3862297019376485,0.5977766787936702,0
0.3654340701670873,0.23718788121041695,0.5342803842922427,0.43278007137103003,0
0.3251513310805164,0.5240282040806877,0.14428577056226924,0.09925748935745893,0
0.6143379983088714,0.6376709391550598,0.6230360940519748,0.5429585025787451,1
0.5004172511691348,0.639017882709193,0.4327328340147465,0.25544229805057184,1
0.3384625503421974,0.55066309153514,0.011676383578994186,0.2981404475046457,0
0.6140598641042181,0.6761678018665398,0.47450193020761705,0.6681269205433151,1
0.41825008233212874,0.5059019475848293,0.2724645488325152,0.41779871944979746,0
0.2648106487773877,0.04493391116617618,0.519594332456704,0.4323269672864421,0
0.6364637669230863,0.9362784682135042,0.49946689741952,0.09242231795239063,1
0.6530954856594832,0.7608552299614215,0.6988770561741504,0.31502376913263613,1
0.5511024986019311,0.7606354790078385,0.4159848181884739,0.22994656820734832,0
0.34099920862387645,0.37607986519897535,0.15490910986765621,0.5324327153204595,0
0.5912712679855642,0.8415458243753375,0.45675381096647294,0.16736106253976757,1
0.5061177002706839,0.5938874724652838,0.31820791705264345,0.568557944611245,0
0.1780117217531777,0.012460115429503295,0.26076108197495024,0.4677666972297049,0
0.648023443756015,0.908077245415142,0.41897880719997205,0.3414558944422619,1
0.34044518498102405,0.4973071922040627,0.25721467073356974,0.07313593829460892,0
0.21724726693382393,0.1480062849273663,0.3221338396657658,0.23301986285205503,1
0.1920806589590019,0.21357147546833666,0.18416898914051838,0.15022112241339028,0
0.4550313448510531,0.6998231903231872,0.20391561106412126,0.21972533185111587,0
0.7007089918680752,0.7965029785565465,0.8365735616884455,0.25742717041634183,1
0.8010014246727963,0.8784465430452051,0.7960003328262325,0.61489026651162,1
0.8462771251188288,0.9408062067524676,0.8092012122883976,0.6655682902803782,1
0.6717692126460927,0.8522586103801281,0.7148505558178493,0.15592370355336937,1
0.6891043340099288,0.7020069850813707,0.7430875593637367,0.5758728683006119,1
0.2561227265795356,0.3271018285499199,0.05475566689629172,0.38072556117844064,0
0.6787220941197111,0.9650330976567725,0.37519560586467043,0.4182343176596186,1
0.8473222969601074,0.9406888731010075,0.7964355973413051,0.6902359060360609,1
0.654701989506244,0.9016362240742294,0.6098336541169049,0.10466890617028933,1
0.5595450402102405,0.762434578500987,0.20977475387101585,0.5769766239922118,0
0.28067582037450545,0.4777189943213775,0.09197894276141291,0.07111320192696406,0
0.30847817406877853,0.28089605677920454,0.4750891965874863,0.12751693351465201,0
0.7062788514502089,0.9292498439800378,0.5198232929456943,0.4285347078824079,1
0.5186183287949815,0.6539394398103562,0.33168529511960876,0.46071510176960345,0
0.487372617233359,0.5417165205462544,0.5929115549113998,0.19320445243405934,0
0.4633803446591859,0.6120218315044715,0.3424802830641953,0.2731267199384579,1
0.6657662824071277,0.8130961709351512,0.6738033432466138,0.2853859698278393,1
0.5138282939491828,0.7352507751657407,0.15335854301770183,0.5009767173050096,0
0.24440201478435003,0.08916960918203519,0.36573039385473316,0.4504904601845624,0
0.6544744226014451,0.882179732493831,0.4718157734143786,0.35919912165108003,1
0.6326540735422006,0.7466324253996202,0.6320389245707335,0.34863091735585194,0
0.24197748668549787,0.24535535834412175,0.2472589306249152,0.2256106416298122,0
0.23173001581588887,0.08017603019675566,0.3669103060885753,0.40784454445469226,1
0.3079903541522855,0.14115133305582858,0.5183815518312612,0.4095011103749642,0
0.5815679970682367,0.6614311467791026,0.6572356676659648,0.26840861689447976,1
0.4223664227543883,0.4916243941145442,0.42589638625495846,0.2439265491031433,0
0.35935848145895954,0.5693865013302232,0.08693979234380124,0.2429164654535379,1
0.565002853134221,0.6478690223459577,0.7400069090180106,0.09533134627919476,1
0.7411466498126135,0.8150030650148818,0.7480382675284301,0.5461681852332179,1
0.46647859010271886,0.5515553714465068,0.45927750069262024,0.264588270858397,1
0.5936038124947473,0.8279931614376131,0.49969491738905947,0.14849378279611408,1
0.031564490137250975,0.04701439933417611,0.01621801415060049,0.01595943112491387,0
0.711422649497063,0.6655005217033183,0.8194122212127122,0.6642436114079511,1
0.5912237289474793,0.7315119645222949,0.6157744710002251,0.20367702693132164,1
0.5453272692539194,0.6172260941413995,0.49646118314664833,0.43887933619612574,0
0.21784469144778013,0.259316811523847,0.030483368857187387,0.39520637514350204,0
0.3167886440402237,0.5166957326777707,0.0018480167501151445,0.2894318633815191,0
0.3087861830980605,0.13237773770110017,0.5193921545159037,0.43389833946369655,0
0.5950194184636116,0.7566868383180381,0.4052461455991538,0.47551077812423215,0
0.4701937359339539,0.6160726290513882,0.30343854042787277,0.35562929639949004,1
0.8627093096823617,0.9938598134470574,0.8801682831809583,0.5086445900227277,1
0.6137503796383981,0.7269649356168284,0.44397911612660007,0.585370884960019,0
0.7692689040958078,0.8831375577605791,0.7908677511153436,0.45219899940457575,1
0.679703868476033,0.7509127356245453,0.6522392480092812,0.5428786313048797,1
0.6036199425589049,0.6434302964541774,0.6485228090618292,0.4367397580663373,1
0.7590241919830502,0.900334533374585,0.6169754937626142,0.6188213858348667,1
0.6231107498389011,0.8011499747921413,0.34190315549610195,0.5998240789699993,1
0.714864888909087,0.9724973313917851,0.6162588535034775,0.21869283581075588,1
0.29038178183972746,0.04732729927366935,0.4919124133426876,0.5957220410004326,0
0.5779620467180883,0.7584275859873837,0.5362281775254529,0.18939900233380272,0
0.21197976743673466,0.07609375141871749,0.39383687299639697,0.27890914914228415,0
0.6614758185178259,0.7374840307988278,0.5999744761125658,0.5637073014232115,1
0.7379552001504388,0.7336375438639813,0.7776402597610301,0.6892217514506958,1
0.680809261845205,0.6708005644485364,0.7662916496442058,0.5776074236383747,1
0.2742294351756653,0.3186515959470822,0.37288336544119055,0.015193137848835225,0
0.7127288402389308,0.8158109741046715,0.6455263551215298,0.5558272332506803,1
0.4516329742188317,0.5518147575940139,0.4793082095277342,0.15966566281752242,0
0.23825300724427334,0.1484773992604736,0.4494657406618222,0.14587292707744953,0
0.5998630765406743,0.904168674073847,0.48014886517758093,0.018670399752382227,1
0.8620275402263355,0.9720422077000497,0.8220155285142827,0.6470088891101291,1
0.6029660580880292,0.6578096755464188,0.5875640293777497,0.4889600575074744,1
0.8140202420912537,0.8961781419112507,0.8132602137822023,0.6097655350048383,1
0.643123237457388,0.9395088340241906,0.5572547419534384,0.030961989296305746,1
0.2213894032925161,0.04231066558927337,0.4132678753610997,0.38126853944774763,0
0.502283678386532,0.7250393592709301,0.09435231832812774,0.5572915162631432,0
0.5978791527516172,0.9278111887537369,0.31628397533050817,0.1954418288779815,1
0.8261893006265798,0.9954415594078306,0.8463984253500263,0.37274496658828304,1
0.6508705401604151,0.9795495028596501,0.4226532827341257,0.17149901955176156,1
0.6854861032427391,0.9747252602135117,0.3484630555244118,0.4679227823932985,1
0.6965665404933841,0.8689057724893778,0.8056627665656573,0.10207412139499007,1
0.555950036241941,0.6899483616955634,0.309260555009197,0.5909884444570008,1
0.6053107222722293,0.7197533166059302,0.7654354884133667,0.07901708722627063,1
0.47189373751408126,0.41946296236879577,0.5868369475715519,0.430555860291089,0
0.7487796692448235,0.9467205753047706,0.8142951572692494,0.1556541720583171,0
0.44340265954189806,0.7549080309160567,0.08927725122905883,0.19582734357576023,0
0.600441224615448,0.6538208833652588,0.7283164110384406,0.27517929810643244,1
0.3911028675727352,0.5139525100331446,0.10749128428647305,0.5093961363511051,1
0.6822089941898398,0.9443070779818418,0.36337273290652555,0.5052181766348064,1
0.5787280986409973,0.7809400252822831,0.40126895906693355,0.33938699139887835,0
0.730917364559912,0.9811689873942263,0.40117125709894075,0.5999074686655831,1
0.441042594119179,0.5660792129615463,0.4203651566133361,0.1594672032720252,0
0.30132414810842584,0.48269702382244273,0.18214198082449043,0.0266652097492867,0
0.6537609696320271,0.7584261005113949,0.7141987568137167,0.3014414616610734,1
0.31425529352287096,0.2097382025202193,0.38512037897957385,0.4692503928444457,0
0.6091737932132144,0.7600245784539021,0.6019063021393278,0.2429480667223252,1
0.7595336553360515,0.9648821361634705,0.5054610537971026,0.6272713555759272,1
0.7090305691190353,0.8350539898612173,0.7064127774690652,0.3978987047385357,1
0.48350606101983934,0.622108163800491,0.45677892061449843,0.17709151467622153,1
0.4618297502187944,0.4587045927626694,0.4437965719820359,0.49669241121424484,0
0.6529754257497659,0.8218339148063339,0.4503653246418359,0.5347443547702408,1
0.6203912855397862,0.6648719739775139,0.5394933779859317,0.6305364257762484,1
0.47056328922443114,0.5563826771846997,0.5031042795357095,0.20720333385684242,0
0.2934390344993392,0.2590218174368181,0.2973538684053217,0.3736098262966683,0
0.5530079339088149,0.7428757040758731,0.3626458784756143,0.3638815916409702,0
0.6161787967684482,0.9589208799016374,0.30954978182382653,0.2192671113524075,1
0.6573398876817016,0.672777182110701,0.8684302270210602,0.3021111426001655,1
0.3090420408458643,0.3444209801087915,0.2227095499919427,0.35009342896942836,0
0.3888742077054557,0.4943318411651938,0.32680627670897056,0.2183320205508383,0
0.7111706800108285,0.8118982664729992,0.7287840967074162,0.43293158881052,1
0.5063257736993938,0.605139232976306,0.3966440261859322,0.4238147467773057,0
0.3249469729072807,0.09990420871963056,0.562445003904011,0.5313068368813106,0
0.18749738637957147,0.09527794234783214,0.12378599341095654,0.5136130859118422,0
0.40270163686463145,0.7252102150417836,0.07848513449863322,0.08275494497074842,0
0.7513143088416654,0.9699233717248108,0.8236501550627338,0.0962878823021998,1
0.5810399755699611,0.6700875811703264,0.44145665399590145,0.5677959439301374,0
0.641864794023995,0.7981965365074729,0.5933760751667709,0.32376851610113605,1
0.5651100048260634,0.6035225719751374,0.5666023656954454,0.46684004564930537,0
0.7155210932638673,0.7533371173642032,0.833102260073906,0.444609282797969,1
0.7294741741203408,0.9374353539050164,0.46454314333520313,0.6069677708363578,1
0.5190309980847482,0.7315142391240413,0.35371135580298185,0.235802358909165,1
0.1592990893074597,0.09799722240030882,0.2551762187345493,0.16873806243470246,1
0.45752396876285994,0.6703607555011462,0.18096697520878036,0.3402674922482638,0
0.6994391908466288,0.8946092870807552,0.8133632763581671,0.040627821994005636,0
0.43484891235160694,0.6767811544959134,0.06879173866716205,0.37910406751750847,0
0.6442837160372242,0.7306187370687119,0.899334929252654,0.04586934363536013,0
0.7517983738610088,0.8716296840478375,0.6853548823050596,0.5518853357278609,1
0.2168894422766875,0.15639043180839352,0.4071231758536566,0.08278636808196882,0
0.6854693403735277,0.9760076043230059,0.43667231457672284,0.3323192191950395,1
0.16283330520975672,0.18820795674155397,0.002410053012869362,0.3400315546755946,0
0.7227538223880752,0.784014993961285,0.8862038208095955,0.3244258958227699,1
0.3529547987272838,0.42629822137275514,0.16125500070392,0.45714593914865115,0
0.6462968658053476,0.7954053772457527,0.5663052764182221,0.3935129712850232,0
0.20285540293404222,0.09307696150794707,0.37455938187706966,0.2197455380847389,0
0.6878305231757846,0.870660953003855,0.4757081035528252,0.5489380780400478,1
0.4735083961822889,0.5632064113272982,0.41689286174207607,0.3341866599800849,0
0.24921477254081448,0.29507407411438785,0.12718011514769642,0.317618504696558,0
0.30653711328870575,0.4454266653555638,0.04080235624308654,0.35791536868998935,1
0.5329516571358303,0.7913619704346712,0.41890741849371194,0.057992231851905406,1
0.6802467043782323,0.786701170367576,0.8682848800897318,0.13205327583762344,1
0.40990591786889924,0.5042189318377459,0.45193636235188983,0.11107771622229667,0
0.6429593496180211,0.6858155890240575,0.6324117012424264,0.5516402236663225,1
0.5561337415154549,0.5822397132961767,0.5664485632718341,0.47539657942908153,1
0.47087053449018346,0.6373422150039206,0.2348677429214519,0.4086955205589379,0
0.1609735523378072,0.048972090537928815,0.28625788939310276,0.2530507012545598,0
0.5606410337889752,0.6430963783823586,0.6142694216219252,0.2740600905560919,1
0.6164528346731857,0.7716039008771995,0.497984150456128,0.4062781954887373,0
0.2973881452803235,0.25338244254218545,0.3477003898054304,0.33193403533800814,0
0.7942760644081591,0.9109434853310769,0.8152038722903185,0.4712158002776256,1
0.6326257053856666,0.7299082514537923,0.6003407764743398,0.43784673358234266,1
0.6355411292978124,0.6657013549017067,0.6635093371989467,0.5181882534363749,0
0.6349110689280418,0.6144889324181214,0.6380872809336362,0.6812020921944512,1
0.6112786375681074,0.631303603073428,0.824183847861482,0.24185840836474393,1
0.6593005684863974,0.7793911848449127,0.5426607084982393,0.5340338175723461,0
0.3984680663801006,0.6754353187228652,0.052194654811652974,0.22546005287586082,0
0.33523403069831015,0.33261229276144033,0.35916021003745424,0.3058991065317684,0
0.6418402368723939,0.9879174831002878,0.40542419562127746,0.1312711831793338,1
0.47406615067475705,0.47969158216493946,0.5886635855756066,0.28810641959802674,0
0.5959953581109458,0.6474709468315379,0.6035520080549186,0.4559714113935067,1
0.6005136639013939,0.6472023608482061,0.7120523751248746,0.316483854699142,1
0.4005104728684721,0.5759122429675336,0.006927839697797111,0.5523799973768305,0
0.4787324664488832,0.7049553890934498,0.38675121907606946,0.05114703089668708,1
0.6100280629575808,0.6695107551129563,0.5140966035947843,0.6052185216133369,1
0.19316008978892565,0.17208706500929216,0.24716199557404042,0.16483979306033716,0
0.6517748358458613,0.6991358251805433,0.6184538411616418,0.5833538545354856,1
0.7834592276898288,0.9691773679360699,0.6455515657936597,0.5260253699184797,1
0.4435085352977447,0.6064764800730011,0.17818542997327916,0.43407333134630194,0
0.5919759596444271,0.8274278858814942,0.4623237772112496,0.19782441770152523,0
0.5029366661829041,0.7211805030490748,0.45854361552203987,0.023916650008773875,0
0.6777786318524552,0.963041956556193,0.5607625704711661,0.14014441216504483,1
0.13991102842797723,0.02795542217338305,0.213541052888882,0.30935500737310545,0
0.4208526333174105,0.7785034495974834,0.09456748230583475,0.016153319134591858,0
0.6805186992396655,0.769234554520131,0.8664761672470338,0.17979285902744863,0
0.5150988641636517,0.6754120935496641,0.3743343655730147,0.3254625385845761,1
0.4605470485168003,0.6107423107705712,0.4625178703772126,0.08210266009175449,1
0.15404322433615036,0.25109720532484053,0.039607962097689,0.0830611652221169,0
0.5808658366836716,0.7069628160565857,0.5618138995697728,0.29420129392223476,0
0.1640495454799531,0.17444998763128333,0.15193421153445064,0.1562214410198812,0
0.5738678458337888,0.8135360053095841,0.33765796675836174,0.3290122657574412,0
0.7028735298357967,0.8087920456472203,0.8518664492173642,0.21458786123488588,1
0.2845355661861055,0.2267112897099085,0.2055385455227946,0.5475917883715642,1
0.705167374615211,0.8997411446796024,0.40398525593754964,0.6705061274707242,1
0.6880488458938544,0.9946364303396364,0.6022503402798582,0.050277643200393726,0
0.27684753780275373,0.23411449763758113,0.3931713925715579,0.20919435606247894,0
0.6116953020801514,0.991218298315192,0.380501283184115,0.009678839836604301,1
0.3036869311870993,0.5031782204743414,0.06988587243937301,0.15566029609058335,0
0.33573727579137197,0.4002205325512865,0.15006006103675076,0.4530449560235174,0
0.47402427744568604,0.7108472325616808,0.3936969894049975,0.002457821716731967,0
0.5480949755587126,0.6746768473125061,0.5024880138446839,0.30005073874527183,1
0.15579310983242622,0.06522872436861045,0.13156917070211227,0.41853998218743665,0
0.5912056110439067,0.772543841148603,0.5395336351214964,0.21536799966578127,1
0.2321853416831141,0.10580425480292616,0.27433142651641224,0.48491893163363686,0
0.3078661885671123,0.4212595541326669,0.014160564739087333,0.46494121039526315,0
0.29076527672734415,0.32609230145791923,0.33694302852076774,0.133181087210771,0
0.646402963418986,0.7345143321709446,0.6012796731807788,0.49380947689640015,0
0.2868386357208372,0.5358936700729958,0.024668579035249816,0.05745613486882148,1
0.6373842923082743,0.6705840565877227,0.7228664407890577,0.426161658888478,1
0.31766117901514823,0.49153137790415125,0.058513133907238196,0.271707749454506,0
0.7400589493075063,0.7859893824774612,0.8397603944300023,0.4756806986988745,1
0.15679916605001354,0.0746458431325558,0.09075928820084352,0.4612422901174129,0
0.5400392853203542,0.7786964443027236,0.2666234011095259,0.35352021418067336,0
0.2405332535259817,0.2816849728470578,0.0016745342841531618,0.49594203408603427,0
0.6188825799075506,0.7241338695696298,0.46988104583250667,0.579256656864918,1
0.38380312088636076,0.4925945164228632,0.2408510015053758,0.32625281111658205,0
0.7586017163695604,0.7764167518701574,0.8552693206223145,0.5690627212389373,1
0.3347627592504418,0.589920756415505,0.11492840342210577,0.026619300080287744,0
0.3101613736225166,0.45778946356960976,0.08775150998909576,0.2747059442049148,0
0.3815152777506675,0.3406075510045037,0.5866184130517177,0.17612989166450174,0
0.42720315763744066,0.47870506798649437,0.4361512106782371,0.28502630220361186,0
0.2019547696643848,0.2875478000067707,0.005694895145749523,0.282362005586373,0
0.6502449068597096,0.6540319168870096,0.7561651708118091,0.48189698586331065,1
0.3335530779849586,0.251127052057754,0.4204925158453317,0.40920898601241046,0
0.46247742712715073,0.5666462837234886,0.4117366557021496,0.27816644277380786,0
0.7435350030246712,0.9049005393214047,0.8264446966146834,0.21575662189781916,1
0.488396705621988,0.6232955531894803,0.2923141959366511,0.44527335123126294,0
0.27103548226645535,0.33626359720794785,0.018806905025642327,0.48630806077394373,0
0.6153361518367497,0.8455313023236046,0.4853176529491566,0.234876023951002,0
0.7316611307265132,0.8615621722484252,0.792427010467046,0.3157597073109335,1
0.6682940573007597,0.8289831732488463,0.4730320220485018,0.5594643203089303,1
0.7698705939474361,0.9764305139058789,0.6404439447880639,0.44761076779038717,1
0.6021595420689921,0.946643532861469,0.3935407735523834,0.053877717862712844,1
0.611772531274103,0.6596736735545393,0.6616707402611898,0.4171723620923823,1
0.5989533866485306,0.7322402216563911,0.41738978189243664,0.5380817062630202,0
0.49773682119109,0.7326275989370209,0.3187445873943899,0.17899822752131275,1
0.179771323357257,0.13158276956155737,0.3339837515010606,0.06892406563080089,0
0.5657531988187559,0.7031576036591176,0.3256343379482575,0.582420478023599,1
0.623572180505869,0.7376564312253392,0.4894181435029159,0.5395926092116233,1
0.2576999109728588,0.4020130715746597,0.07523952584663547,0.1706075871576915,0
0.4201685620601386,0.6689220244771414,0.1576925008356585,0.19199899785435162,0
0.41067667365028565,0.6633269523570731,0.018608403795596362,0.36715338166535105,0
0.6980283019866282,0.9492959745415523,0.47147548626635816,0.4096883441797232,1
0.557000834715751,0.7587760270991336,0.39340511827506774,0.29795642841831943,1
0.7377273819102362,0.9639186490932935,0.763153281560784,0.13411036447677183,0
0.272745944473607,0.45664157536815114,0.004403948163931304,0.21551986170176032,0
0.6102525171349787,0.7679061468395034,0.3890658311093866,0.5478984719120554,1
0.5698180342701987,0.6440680180424533,0.4916482355421346,0.5014477729316584,1
0.5213445805891387,0.7651436883337985,0.18550758339043502,0.41560230702554474,0
0.7004905775795557,0.9205557735370892,0.590001007929682,0.3160619421605327,1
0.6562969615398826,0.8566641621453028,0.3126263282743886,0.6708849099245727,0
0.5920718608335984,0.892965401197515,0.36382838958658054,0.18220321679433396,1
0.1943643755792914,0.0801067377176163,0.49438256640204875,0.02998118399934313,0
0.4649614599868916,0.6995997209828915,0.24887927175165359,0.20248908984974884,0
0.5458901651031093,0.7606795102009928,0.39629064196311736,0.23331608706838838,1
0.7079723881404627,0.8576037605799474,0.8954752258650083,0.05263970045493292,1
0.4060415237820197,0.45317031305132843,0.5017741085650416,0.14462067343421497,0
0.7539360356727396,0.9498248163349858,0.8307660015901683,0.1489691351409812,1
0.6721113653392808,0.6830548688375679,0.7338426524886269,0.5521556758695438,0
0.5608915965057697,0.6792470965648363,0.6474263723121298,0.13520068264856325,1
0.4526451129072481,0.6024856996753192,0.2941848449334557,0.31573404794775917,0
0.6579609484035807,0.6753287899245407,0.6952900600904526,0.5585476770708724,1
0.41966158782183044,0.3644515453023148,0.4327104659104884,0.5381133769876326,0
0.608342176178646,0.7884314554395446,0.3835783954619692,0.495264649101415,0
0.5666656263957814,0.921600464105227,0.32931594405482945,0.03535305563359546,1
0.54547536442314,0.8002964744809369,0.36348871661080967,0.18140256099714355,1
0.7283698381350496,0.9836293352319944,0.6619120158436025,0.1899078288298582,1
0.3538563986023332,0.4584209590028742,0.06140810877347051,0.5311174323442748,0
0.32305500821148675,0.5444449299311983,0.05906101135640551,0.1655711991948297,0
0.3606742026151919,0.3661521704880628,0.4564151269129911,0.20336789648631573,0
0.6274146016129832,0.7030450464728146,0.8374032508255458,0.12335551564456104,1
0.4120731909740328,0.6892962497849038,0.02755022907125293,0.295799986801025,0
0.6581554821960449,0.8056192784155459,0.62876397036787,0.33358325938955463,1
0.7529296192578601,0.7649499657188898,0.8035821432406522,0.6468999671310973,1
0.4234961772661627,0.6799496839362025,0.21200631356395566,0.0995972061443737,1
0.29697436948176353,0.11113435561841092,0.48806055165505646,0.4749451308802058,0
0.38816642690053094,0.3407400597620549,0.5319665378628715,0.29103217830321026,0
0.5777980856547918,0.8210686258389657,0.5323839631923872,0.03774291888796428,1
0.20846928056232356,0.17434158274642497,0.38014140954247505,0.036280331631842785,0
0.360909337006199,0.2844062267523718,0.45279115879170906,0.4143443799625018,0
0.3801416526987581,0.45608055796683955,0.1750591204228039,0.49791818794248577,1
0.524638149016249,0.6848589630093206,0.35204746097280243,0.38297214609873936,1
0.26467054253459465,0.13482904899367185,0.2694892294344842,0.5820462460370673,0
0.4314534575968807,0.45769822511387215,0.35636115108024796,0.4784799985793511,1
0.6049250002902725,0.7559091177108361,0.5795219265386945,0.26556931736623063,0
0.09563399531008915,0.09258624904908236,0.04856094236605304,0.17386294037866026,0
0.624229018399124,0.7792864350284665,0.7136021163527357,0.10252582989534997,1
0.6383144308490367,0.861375683603798,0.6149462279729483,0.11571360327626602,1
0.23940886555563606,0.21412404158414067,0.14439341770502886,0.44514409726028537,0
0.6704518006943612,0.639231930836373,0.7452298519925524,0.6363343983920452,1
0.609572904182339,0.7197645979266097,0.49066286552370186,0.5124587278096182,1
0.5979045944853724,0.7613417612996514,0.45754347669609297,0.39985335413359396,0
0.47236875499270037,0.6468394864153266,0.274746708708549,0.33262499586236166,0
0.3844477606865183,0.5446511778957833,0.12462116337980035,0.3736791136234326,0
0.7231759330010445,0.960921281967211,0.784200661437332,0.037275467931196966,1
0.8077513854026659,0.9168092971319092,0.8081593663455013,0.5344946346653042,1
0.7237219034570781,0.8635013639266804,0.5690146543970753,0.6063341258730762,1
0.24859217091450836,0.17739622991439674,0.2621628634084585,0.4062259846738623,0
0.23938095778910884,0.24568721697972215,0.177974645197886,0.3157247786994098,0
0.20048947664966338,0.0653225432736189,0.5511020177586173,0.012487998426343605,0
0.6086079170903236,0.9024372590851412,0.4507581304238796,0.11080924210294536,0
0.4603001393746841,0.5381142919398504,0.506860459911122,0.19592427715711155,0
0.5111103917777582,0.699476152315146,0.4687280361556074,0.10376952386751509,1
0.7379204911370801,0.8874758686018098,0.6187928896873376,0.5427234496498694,0
0.49149569784849906,0.7052552024394514,0.3044830352441367,0.2376159302776618,0
0.5558742778351852,0.5364755337658594,0.5770100615335885,0.5726674624608945,0
0.696768200717765,0.8043025946994059,0.8465108094258176,0.20331830270158394,1
0.5786251043089798,0.7346683230389489,0.6923327147128155,0.017955641878303508,1
0.7664400574377058,0.9382797602587889,0.8167424052110726,0.2613872787249483,1
0.5512320500503569,0.6339246364943052,0.3498496648152309,0.6465741617931753,1
0.4079803245169166,0.6136126947824093,0.023160962820633735,0.4711284413976092,0
0.3926612782162712,0.5891674464167724,0.07864313962315192,0.37242306560469723,0
0.11734715269914474,0.004680590597412326,0.22332914882699936,0.2400405637616938,0
0.5471237755188104,0.7238287144119901,0.4726981778636247,0.21699982476863955,1
0.6634409883196165,0.7592452730865167,0.5695432610407002,0.5647768673207402,1
0.3681456626683678,0.6750598160284114,0.04517304055511497,0.08531921243813813,0
0.555651972632982,0.6284028455802863,0.405976811340101,0.5982875322040433,0
0.46058007024305764,0.6632858773449903,0.3177968469939265,0.16799038736192268,0
0.5966297385166401,0.7905029234346903,0.5078440475846453,0.24512531261950712,1
0.31500622840312725,0.3520162365049531,0.11353035929749164,0.5246950118070158,0
0.7205091590352878,0.7726076014749419,0.8916967943733762,0.3334815999290203,1
0.3102531304684368,0.1257919697434736,0.5480023270640529,0.4147822373874205,0
0.04913346381148162,0.046962717760268814,0.009978649393773242,0.11329255056607618,1
0.5952904838229236,0.8003932844127107,0.3823186850235992,0.40199118054744226,1
0.41410609622922495,0.6130885163789123,0.08722953618758338,0.406964885917469,0
0.32768996804086403,0.4092137463342136,0.2982334155682064,0.16806535101647685,0
0.8073767935017608,0.8389578116295363,0.8992172955122297,0.5906634951666186,1
0.34298154484356513,0.2098615492319775,0.5527623366014478,0.3611103462357102,0
0.15676325125789325,0.10196836013824938,0.20477250790473503,0.22173659408674032,0
0.5155869160684237,0.683137978061886,0.2782857228174462,0.4526610509612339,0
0.5991968704128668,0.7280643875571478,0.7012199322449586,0.123993484804027,1
0.7336988712212476,0.7023756327522975,0.8274265982835822,0.6714153768001206,1
0.28030507168770463,0.5140760674209803,0.06623337851956554,0.016985122106724027,0
0.15263372849997764,0.21491215573362013,0.1504750000472601,0.00017575309494768376,0
0.6230836220429726,0.8405491051245392,0.43206094364726344,0.3659539319326199,1
0.6273112550498857,0.709371880850669,0.7863363660709077,0.18362202401639435,1
0.5724599461564394,0.6843737553954852,0.37802786405091965,0.5843235462171044,1
0.2401652477042361,0.33082353028205597,0.19685654440555983,0.07848259620770083,0
0.5107079402483097,0.6203348953564531,0.4266434525542321,0.36273728401906746,1
0.40453469004376597,0.4943962360324931,0.35665430256444614,0.2517014062909277,0
0.8238126326608644,0.8689758288867161,0.8411374863056165,0.6849173616291073,1
0.4649130923762306,0.507359619816168,0.3246875125263119,0.5691351435512652,0
0.1701189661502619,0.12098633035244966,0.22303669509158108,0.2135739622328137,0
0.4194501517399101,0.6617313611285075,0.19764587230758668,0.1464535474169019,0
0.7660847148776048,0.9947778324815578,0.7908897050492014,0.15714443561032737,1
0.5983008440612287,0.8391117362520153,0.40232203567047287,0.2902418261703963,1
0.547990782719023,0.6701848986316351,0.5482330041985132,0.2421421607182576,1
0.5264873362011088,0.7771230028347734,0.3335414479024565,0.18931700206492555,0
0.7981288000321918,0.9571619981450732,0.6467673428457752,0.6275879905296131,0
0.7338586496073157,0.7689980335672608,0.8458753702976203,0.4779851086719961,1
0.33253148973539537,0.5024661033413768,0.25047006136753386,0.030787098272234,0
0.6958816948755642,0.6227652808513803,0.8727149168304831,0.6134228970036459,1
0.5191003444763326,0.7167577606100999,0.4868323873246271,0.07335873986947224,1
0.6122071503482613,0.8847671242354315,0.34113606963890847,0.337413836694365,1
0.33027529088049323,0.4514351141329585,0.01696410862312678,0.49734250613537967,0
0.20037022935252574,0.09092646798776052,0.3595239640140158,0.23524903077220372,0
0.6571432524831619,0.8805564404973729,0.3332915919145888,0.5843877733004935,1
0.20135054373144778,0.007618425356388504,0.588448873554392,0.1050333449346796,0
0.7705541459767433,0.9676639595733247,0.7221523543069536,0.3503822994899743,1
0.7576927643566111,0.9506712555006811,0.7526587165361882,0.2827976082270703,0
0.2715503606967681,0.1372062132966386,0.4742577936078435,0.3033495798304785,0
0.1045471106036708,0.13503985204065402,0.01265238404562632,0.16615734684827949,0
0.3652480343062795,0.40679809162506875,0.5203704487047074,0.028689269411664806,0
0.3704702165176581,0.570007599360974,0.1100553918599851,0.2622489963958778,0
0.7466908965341296,0.9889384991734392,0.595925599720676,0.3672198351560358,1
0.4814400744082489,0.6564613294337625,0.3252046613740629,0.27824005639574373,0
0.1463361715188164,0.1090791618990381,0.03246017223264903,0.41029269449751316,1
0.34837714696265804,0.43494169890695206,0.25169275606755537,0.27699235344457707,0
0.6985352963564887,0.8550354801913835,0.7881159297483238,0.17291388668149868,1
0.3302169303972778,0.2868987141436238,0.3759006489110621,0.3699868932607363,0
0.7559194910320519,0.9343451885077172,0.5248818724904684,0.656411675155264,1
0.7269556866946313,0.8279735274566106,0.7651147919152318,0.4171724269587825,1
0.3819727580914114,0.6063126237431553,0.07257532463398553,0.2852192441481905,0
0.7814152962886249,0.85504359209162,0.830302341659179,0.5240139887253067,1
0.1333987671310937,0.0069767633784896255,0.3920827979463437,0.06142773028972883,0
0.26674528522168295,0.014177903428177886,0.4815156616849102,0.5760081750106045,0
0.563210352612405,0.7549542340372217,0.5859489643015761,0.04974273151660662,1
0.18507825689985008,0.09306235707942233,0.16016846697389928,0.45248269133984564,0
0.5062620213482862,0.6527288871146084,0.41403653196487866,0.27843309100759234,1
0.5113081345372498,0.7044659794994274,0.301677777834739,0.34285905718557214,0
0.44121032066991234,0.6236856970477064,0.15653946965115823,0.41202815625355854,0
0.6936591843878956,0.8974401460430608,0.560051853305104,0.3846177768741707,1
0.5615218289380826,0.6570224346415371,0.39973946433791846,0.5654438615796926,1
0.1822187659265863,0.2070889673520278,0.04831832853397775,0.32089391845189535,0
0.7081358198159489,0.9684228789180767,0.6708443029464533,0.11335544736487273,1
0.3982761841878333,0.4641439278954773,0.5363239099715789,0.026535236243104787,0
0.6475138200001083,0.8954042850746514,0.6552017324693222,0.016255788609929767,0
0.812119435379808,0.8730239173729999,0.8257362665037022,0.6394329837109866,1
0.783395961542126,0.9794585871664768,0.5706404348726751,0.6123726874854251,1
0.3840438658910652,0.22059437135875656,0.5877467100516598,0.48711333598094475,0
0.24054007546232742,0.2205667568482097,0.2908457328542966,0.2150148859096678,0
0.2623582086554008,0.020577560886741342,0.4968610548261362,0.5150555588209467,0
0.5149760722141676,0.7629449551451889,0.3888199320615371,0.0842880751155605,1
0.6576367029353641,0.6195501507403502,0.8862671522766501,0.4099074094109702,1
0.05189072982305137,0.0005521400518225583,0.12478426427209334,0.07089690257756044,0
0.5523754220315423,0.7195036282490529,0.625612826628459,0.024698799592390852,1
0.43091341349142903,0.6557137397289857,0.2813204370741851,0.09330206252340331,0
0.67133492689288,0.6504105366986506,0.7888652091109151,0.5473504790514011,1
0.11247510631512221,0.16651208269478115,0.046407154931708924,0.07648459244109478,0
0.6122766452278346,0.9023510923303524,0.45232989682124874,0.1270106500814187,1
0.6871564105996529,0.8499042538738366,0.7003771656097197,0.2604556698990936,1
0.5051987405640166,0.5186255938489088,0.5071716019030187,0.46867231534328263,0
0.4439452758160481,0.3614399962917114,0.5457108804563192,0.49756006766648286,0
0.6883368263227618,0.8563782688500894,0.4623117580261207,0.6072708224494049,1
0.4773153475780958,0.4998997561341108,0.5981980377559364,0.2395302909212973,0
0.21699500087676393,0.3173268417617047,0.03417626142603989,0.24039350784049796,0
0.2589199068154228,0.12557542304244926,0.3653160933985673,0.43268683637314004,0
0.5854668104341513,0.9109619352964711,0.42303035911390996,0.015383675258713658,1
0.2941611023643306,0.5092388797544346,0.10604956389266933,0.038633966596562354,0
0.48639201546116073,0.667976236544427,0.30614721623008767,0.30279866159960467,1
0.5926585671134308,0.7367767583874067,0.3818976718063008,0.548504431889186,0
0.2875249886019518,0.19984422249553946,0.4696174557755539,0.23358820310757938,0
0.7035399043899248,0.9441383563127134,0.7499532969004552,0.03242368581715734,1
0.6196961209107533,0.8015731857720937,0.4758925248040169,0.38070885291750683,1
0.5869306592421932,0.709362744059391,0.5778357803550045,0.294492765529982,0
0.43017510556680866,0.4774877506476145,0.307529599517817,0.4958617519382815,0
0.5274121523879511,0.6441523754019141,0.3261279400965068,0.5374879132902106,0
0.32909998299087495,0.4074513421360754,0.07244540232470773,0.5182034561271244,0
0.2739968767314987,0.19907442932721411,0.4111593275524424,0.2555593190107947,0
0.6121310623834173,0.648768671334045,0.756177472852462,0.30446742430328066,1
0.3699726656131676,0.5970267484125724,0.1325992636528913,0.15839756155506995,0
0.2502772029386679,0.0071070413008563985,0.5639042813926185,0.3877619893522709,1
0.10180163105292027,0.03736389860014633,0.20550732899964633,0.10733741526476605,0
0.411512690349396,0.5240105452815403,0.4289024733933093,0.10418337845316547,0
0.5851896090376834,0.855174697698658,0.45030542165339704,0.1125531684616764,1
0.48903399701398964,0.6663464118893371,0.46766398363168404,0.07780797989907932,1
0.5092603549726114,0.7511350576771296,0.3700750966639905,0.11335148567424691,1
0.4474421805930693,0.7043621576405261,0.21474535952094298,0.1541874695826169,0
0.2588284884332706,0.21253401072573164,0.13882476227641125,0.5545702719374072,0
0.6774384735885154,0.8619983696805856,0.6699465741341094,0.22727658253994867,1
0.6698344102395076,0.8538873280002364,0.37126627385734706,0.657554320410927,1
0.6396664753786968,0.9897768155936414,0.33588072556352355,0.22006924956409543,1
0.632419848428508,0.8016255626258204,0.39270882489368847,0.5689720982374565,1
0.3926940777168319,0.42383620396436356,0.5681508120966304,0.05165366052830491,0
0.2943527795465977,0.2509979966111923,0.1839451665184561,0.5683511564273235,0
0.7563777809220504,0.8609732226084126,0.8976763545831643,0.2829413162144744,1
0.599870244478973,0.8918742834709512,0.3157256139292853,0.2960770928235592,1
0.4266644782557984,0.494948880386074,0.4688231920310192,0.19271540226727807,0
0.3814757835046436,0.4539795987651326,0.48935461464944013,0.038397998636226394,0
0.23339717968987903,0.12718058612733837,0.3616437744398678,0.30656877147124756,1
0.6609463457766831,0.7294293748997334,0.8183782178908625,0.2535909647977887,1
0.29461869670729707,0.18926609948772494,0.5374208346958224,0.19379698277343957,0
0.7013378247227691,0.8178193608165358,0.5927856989295883,0.572962173178123,1
0.6055778571478877,0.8434964515592986,0.532500321323261,0.1203976748563003,1
0.5549671771209727,0.8902862513085708,0.3149686312239904,0.07666731049745072,1
0.21825531035055457,0.12153292316907933,0.513213693675869,0.01762370331627103,0
0.3625765896721027,0.5662346381558895,0.09909701687461489,0.24865082765886737,0
0.5382419237377974,0.732304971312865,0.34010757661082835,0.35028582549058224,0
0.7078857823655662,0.8712376243519313,0.6039268669938033,0.455444550457298,1
0.5966822888541043,0.728434250564742,0.7538813644533262,0.0315037711786777,1
0.5646931609215449,0.7661125654955165,0.5277306642448067,0.1165883945017231,1
0.29073817206264996,0.25999070843621713,0.4687164998366661,0.10063933946770791,0
0.32458136009498123,0.30144155865201805,0.37332165664710654,0.3093204188742013,0
0.6252167028223764,0.6630406053153913,0.8267561350900225,0.2283477981883701,1
0.26797834425989303,0.228615501188573,0.2237753288657665,0.43268997502938283,0
0.415276089516448,0.6168098609782192,0.009804834907482695,0.5196485427754679,0
0.6485110272277783,0.775195841168149,0.43412646050354003,0.6533758424632093,0
0.5643726191325042,0.7512802092038724,0.6235383345934065,0.008355070762730498,1
0.3005317850281006,0.03218589554118445,0.5771181409461702,0.5565169748682864,0
0.7010631054540837,0.9664047380550431,0.4681380652782827,0.38709658421538684,1
0.5596267882141176,0.796413101045089,0.1905007922362486,0.5213500001034924,0
0.4255874609556882,0.46114387195076445,0.32412419590489594,0.48889133104418625,0
0.4248667276326922,0.44325001556345783,0.38481733077414804,0.4389826030935942,0
0.3612400327018852,0.4468422337394641,0.25802071348326916,0.3020635089358618,0
0.651907368854323,0.868741675445627,0.40272296534605545,0.48359820763846406,1
0.6944702931224392,0.8432515665023211,0.6599207068965471,0.37434148901157255,1
0.2028766344972718,0.283701152550754,0.17206960550329853,0.04702588285452627,0
0.5845381350415171,0.9091580348379431,0.36696962800329347,0.09934114610778733,1
0.7103090882070089,0.9158232816002623,0.6434585653487354,0.29679938901128605,1
0.8301080698270514,0.8998474475691469,0.8039604565183129,0.6949810454349205,1
0.6758837363118739,0.8894237416367212,0.6178977200386562,0.22901274740958283,0
0.3887038785123017,0.46020508323005793,0.1399525504247036,0.5830778588493082,0
0.6385489851562804,0.843320302788546,0.6082026344085905,0.1721402171971517,1
0.8684445860595532,0.9755221416828154,0.870353030429456,0.5978880304465432,1
0.7662568107226873,0.9882840644784852,0.6846386178691216,0.3336159656135408,1
0.6728805377179224,0.7415434557293336,0.8995559410232727,0.1612101377313695,1
0.487432326575715,0.6899969531329107,0.1943444906035019,0.4206525141410456,0
0.5063876194146707,0.7878223245103232,0.37441188918593726,0.0007644520186393499,1
0.25378369805305995,0.312904556747651,0.31580661507999475,0.012947175776179964,0
0.599320084179622,0.9413477837369467,0.34499909357942393,0.1257323211866073,1
0.6039053396428231,0.6100160812020734,0.8124333076789076,0.27583653369057065,1
0.19243417993931208,0.027875244389596876,0.5124193075932697,0.1238538273326636,0
0.6354228332880075,0.7945122450682327,0.6438576848049098,0.22504702656209152,0
0.18055412676383842,0.17574605420942133,0.16343311152085496,0.21825583101435636,0
0.3232134113888336,0.2776479175554853,0.3264211182373174,0.43231558569947864,1
0.34078560165828775,0.3565994867066195,0.4164123833048333,0.18781071656763998,0
0.6318393713956805,0.6160380039491103,0.840111537062908,0.3589345415112644,1
0.4424332213919328,0.6578785496432421,0.1821328608329697,0.294270441602104,0
0.7034453204618567,0.7971351200275129,0.6056991630826649,0.6158400576165042,1
0.3120734897242847,0.29980369058820727,0.5113061300026315,0.04389902714695837,0
0.7290321511071038,0.9923029871633409,0.6446227022588664,0.19746923423886759,1
0.6184447462405687,0.9150222339452867,0.30335966331854436,0.34962865136181004,1
0.832541661353642,0.9187268353300647,0.7968736730025121,0.6705807089392803,1
0.5834981137673734,0.7063237653100263,0.5418859514705361,0.33885222835599715,1
0.6856454887349586,0.9545339295732094,0.3774293537389539,0.47574858913333873,1
0.6727439301644144,0.7910023494510932,0.6738511544821327,0.37543704547113993,1
0.7908072166582006,0.9827886338523117,0.5331213182737693,0.6973825212495699,1
0.06495668188589687,0.0847399191604973,0.017047051503273746,0.08736303427333049,0
0.145672813000295,0.02796901383906754,0.1662104550244781,0.4091258478670889,0
0.5740464133077006,0.6433232484755976,0.6651682432454868,0.26417158048127803,1
0.12613156327358288,0.08164537509893535,0.1701447184212373,0.17132730098872004,0
0.6520806716201142,0.6018000499758637,0.85103772683418,0.4793466429096417,1
0.582992406299505,0.6569832289137079,0.621296456420606,0.3405592745823466,1
0.5720722662822906,0.7993116634841321,0.4794834546312664,0.14285699075422298,1
0.6678983344509747,0.9666721137997469,0.3033836908935102,0.46773585141524093,1
0.705527886170572,0.6589703813942344,0.8727407081236889,0.571102415181741,1
0.4103744005890411,0.5997469697935588,0.11613178965711377,0.3783068939756378,0
0.8617057612826216,0.9914536575601756,0.8219140288269455,0.5970236192722502,1
0.49698483290937756,0.6698963383143316,0.3781221270055716,0.24300012825270134,0
0.540925236591366,0.6219739956790676,0.33667764141605505,0.6446747316350786,1
0.5034504140224872,0.7586207914146595,0.37599013953646765,0.05671488227108596,0
0.6434745722779016,0.9097671337795132,0.5726770368985181,0.08393947159294761,1
0.498227674297213,0.7088180756710678,0.3589707420853483,0.18063706918037292,1
0.30878262367873555,0.31232307967588135,0.24897402157253493,0.3896443868451718,0
0.6435106531728276,0.7049842063691458,0.5959469248467705,0.5611723626711176,1
0.6284020729573376,0.6296282210954826,0.7231587299442219,0.4832017171316485,1
0.5967259233313341,0.8432516847658367,0.5471848344071928,0.054723153131289566,1
0.6389619287977119,0.6746648414781719,0.6155191385775081,0.5848688324268673,1
0.03207211091848909,0.0031390289607038826,0.09272020358888707,0.01343267680735516,0
0.5766542127451473,0.8187951150312873,0.35764627930326043,0.29981385719262715,1
0.5403358664601421,0.7540515498242333,0.4309217594425457,0.1701678185763089,0
0.7529762831714015,0.7854878911986372,0.8252629438765451,0.563267272045597,0
0.6662194484911204,0.9695497997994025,0.5500206141408044,0.08219182174588918,1
0.5744555296283044,0.711230218312503,0.5973923847457134,0.1981135252416944,1
0.40623570987554297,0.7406343909289866,0.014538309906938562,0.1577851071948405,0
0.5861487584852901,0.7516500244366194,0.5865911926243494,0.17173194239837822,1
0.2861213243349531,0.17799820429328683,0.39402765647563587,0.39456962622809455,0
0.4353552516624183,0.5257331972174261,0.286810801306365,0.4322270633089787,0
0.4747489118804091,0.5754294898971634,0.5980612712547139,0.03807892777706616,0
0.7044248447855301,0.874098972842288,0.7737909092891095,0.17619042788826642,1
0.25586365631172314,0.32751289865567446,0.05168090688393218,0.38301467459353145,0
0.5403503573978792,0.6701386045815687,0.3325746526487475,0.5275432965623528,1
0.6068801567952775,0.7380299901934622,0.5504029216477414,0.36372142602112,0
0.409480029130359,0.664649155791745,0.16731252427489193,0.13480846976009495,0
0.41375246077402905,0.5451781055886434,0.11896310599532489,0.5273723809055494,0
0.6887033606009867,0.728985327432711,0.8499959761174405,0.34605952024699543,1
0.41513852240870236,0.3439661046668905,0.47251920011894066,0.5069985501978747,0
0.18886040023610115,0.17127696465228404,0.24310527047931024,0.1514516838308304,0
0.31482025228300586,0.389337713685476,0.32158338600283287,0.11838189819709,0
0.7845960489817704,0.9024301129712952,0.675612540061072,0.653486152389006,1
0.6527935860416028,0.8480597146513185,0.725647749036795,0.05534702002452543,1
0.26585111018486446,0.25544407835974736,0.4177044821868919,0.06408863174461633,0
0.4411703001740155,0.695335411744824,0.3091140628092027,0.0038418772942132805,0
0.6466875671929387,0.6682371874147545,0.738683626144836,0.45481942821055393,1
0.35482761438489907,0.2700045051160071,0.5625318040517354,0.25532910305687423,0
0.6389401246133173,0.883544831376325,0.6567412230701851,0.0007267100204962572,1
0.7217558940047741,0.8687938150631765,0.6272018754752999,0.4959921191529795,1
0.6138504146707922,0.951587548954583,0.32902045571949096,0.1967525173882667,1
0.1966323236376245,0.17477191399850442,0.2029714746158667,0.24177462126806137,0
0.5293629105079477,0.6860584555182591,0.3700485767007777,0.3765955486929243,0
0.41484777341464213,0.5204468525753904,0.1956680388850165,0.4796196773072101,0
0.30501276845233755,0.3890596652664428,0.016129010249241404,0.5282211637217186,0
0.6042033110329499,0.8596932620981235,0.3993189009270181,0.2728050485289135,1
0.4856651937957657,0.4965407935755427,0.4299207369710793,0.542092879583353,0
0.6054962223689727,0.6667760028287153,0.5598287162856486,0.5207980303446024,1
0.8056392215902043,0.9401049540543919,0.8021702173914964,0.47467839672779744,1
0.589830355645222,0.8722735102661621,0.3529008641544951,0.2391167063289623,1
0.5666455862558293,0.7827353226461079,0.3085795347861919,0.41352032248458886,0
0.3889103640136187,0.509624244642303,0.24161012727778794,0.3080760175456539,0
0.45271200237890524,0.6346862615511737,0.3272418286631766,0.18598161502182722,0
0.6592639192476931,0.8966865642078939,0.6032385927356319,0.14974529661528305,1
0.14702532849314917,0.021690188907042086,0.3371662970745563,0.17515172458630618,0
0.13755023602927408,0.2548172131139251,0.028329384669104906,0.00821407035790036,0
